ISO-10303-21;
HEADER;
FILE_DESCRIPTION(('Open CASCADE Model'),'2;1');
FILE_NAME('Open CASCADE Shape Model','2026-07-11T20:15:53',('Author'),(
    'Open CASCADE'),'Open CASCADE STEP processor 8.0','Open CASCADE 8.0'
  ,'Unknown');
FILE_SCHEMA(('AUTOMOTIVE_DESIGN { 1 0 10303 214 1 1 1 1 }'));
ENDSEC;
DATA;
#1 = APPLICATION_PROTOCOL_DEFINITION('international standard',
  'automotive_design',2000,#2);
#2 = APPLICATION_CONTEXT(
  'core data for automotive mechanical design processes');
#3 = SHAPE_DEFINITION_REPRESENTATION(#4,#10);
#4 = PRODUCT_DEFINITION_SHAPE('','',#5);
#5 = PRODUCT_DEFINITION('design','',#6,#9);
#6 = PRODUCT_DEFINITION_FORMATION('','',#7);
#7 = PRODUCT('Open CASCADE STEP translator 8.0 1',
  'Open CASCADE STEP translator 8.0 1','',(#8));
#8 = PRODUCT_CONTEXT('',#2,'mechanical');
#9 = PRODUCT_DEFINITION_CONTEXT('part definition',#2,'design');
#10 = MANIFOLD_SURFACE_SHAPE_REPRESENTATION('',(#11,#15),#2171);
#11 = AXIS2_PLACEMENT_3D('',#12,#13,#14);
#12 = CARTESIAN_POINT('',(0.,0.,0.));
#13 = DIRECTION('',(0.,0.,1.));
#14 = DIRECTION('',(1.,0.,-0.));
#15 = SHELL_BASED_SURFACE_MODEL('',(#16));
#16 = OPEN_SHELL('',(#17,#752,#848,#1216,#1626,#1702,#1761,#1811,#1856,
    #1902,#1975,#2032,#2072,#2112,#2151));
#17 = ADVANCED_FACE('',(#18),#38,.T.);
#18 = FACE_BOUND('',#19,.T.);
#19 = EDGE_LOOP('',(#20,#345,#505,#544));
#20 = ORIENTED_EDGE('',*,*,#21,.T.);
#21 = EDGE_CURVE('',#22,#24,#26,.T.);
#22 = VERTEX_POINT('',#23);
#23 = CARTESIAN_POINT('',(135.05683,-13.236277,27.409982));
#24 = VERTEX_POINT('',#25);
#25 = CARTESIAN_POINT('',(144.3086,20.751544,34.66043));
#26 = SURFACE_CURVE('',#27,(#37,#194),.PCURVE_S1.);
#27 = B_SPLINE_CURVE_WITH_KNOTS('',8,(#28,#29,#30,#31,#32,#33,#34,#35,
    #36),.UNSPECIFIED.,.F.,.F.,(9,9),(0.,1.),.PIECEWISE_BEZIER_KNOTS.);
#28 = CARTESIAN_POINT('',(135.05683,-13.236277,27.409982));
#29 = CARTESIAN_POINT('',(134.30979,-9.2563362,28.304668));
#30 = CARTESIAN_POINT('',(134.12434,-5.3295731,29.174361));
#31 = CARTESIAN_POINT('',(134.85029,-1.1673606,30.048361));
#32 = CARTESIAN_POINT('',(136.71104,3.0478158,30.995311));
#33 = CARTESIAN_POINT('',(138.60476,7.2665054,31.810461));
#34 = CARTESIAN_POINT('',(140.42901,11.527211,32.727134));
#35 = CARTESIAN_POINT('',(142.3854,16.036241,33.670467));
#36 = CARTESIAN_POINT('',(144.3086,20.751544,34.66043));
#37 = PCURVE('',#38,#183);
#38 = B_SPLINE_SURFACE_WITH_KNOTS('',11,11,(
    (#39,#40,#41,#42,#43,#44,#45,#46,#47,#48,#49,#50)
    ,(#51,#52,#53,#54,#55,#56,#57,#58,#59,#60,#61,#62)
    ,(#63,#64,#65,#66,#67,#68,#69,#70,#71,#72,#73,#74)
    ,(#75,#76,#77,#78,#79,#80,#81,#82,#83,#84,#85,#86)
    ,(#87,#88,#89,#90,#91,#92,#93,#94,#95,#96,#97,#98)
    ,(#99,#100,#101,#102,#103,#104,#105,#106,#107,#108,#109,#110)
    ,(#111,#112,#113,#114,#115,#116,#117,#118,#119,#120,#121,#122)
    ,(#123,#124,#125,#126,#127,#128,#129,#130,#131,#132,#133,#134)
    ,(#135,#136,#137,#138,#139,#140,#141,#142,#143,#144,#145,#146)
    ,(#147,#148,#149,#150,#151,#152,#153,#154,#155,#156,#157,#158)
    ,(#159,#160,#161,#162,#163,#164,#165,#166,#167,#168,#169,#170)
    ,(#171,#172,#173,#174,#175,#176,#177,#178,#179,#180,#181,#182
  )),.UNSPECIFIED.,.F.,.F.,.F.,(12,12),(12,12),(0.,1.),(0.,1.),
  .PIECEWISE_BEZIER_KNOTS.);
#39 = CARTESIAN_POINT('',(148.44346,-23.752406,19.192345));
#40 = CARTESIAN_POINT('',(149.15724,-19.290239,19.332182));
#41 = CARTESIAN_POINT('',(149.72404,-14.804204,19.687447));
#42 = CARTESIAN_POINT('',(150.14286,-10.299985,20.265246));
#43 = CARTESIAN_POINT('',(150.41331,-5.7825058,21.07341));
#44 = CARTESIAN_POINT('',(150.5346,-1.2582164,22.120889));
#45 = CARTESIAN_POINT('',(150.50691,3.2680339,23.417509));
#46 = CARTESIAN_POINT('',(150.3308,7.7917396,24.975041));
#47 = CARTESIAN_POINT('',(150.00586,12.306156,26.808858));
#48 = CARTESIAN_POINT('',(149.53158,16.804246,28.938891));
#49 = CARTESIAN_POINT('',(148.90998,21.283806,31.390206));
#50 = CARTESIAN_POINT('',(148.14151,25.737171,34.197205));
#51 = CARTESIAN_POINT('',(147.19672,-23.411679,20.195936));
#52 = CARTESIAN_POINT('',(147.89681,-19.027979,20.347264));
#53 = CARTESIAN_POINT('',(148.45186,-14.621951,20.709334));
#54 = CARTESIAN_POINT('',(148.86003,-10.200335,21.28941));
#55 = CARTESIAN_POINT('',(149.12559,-5.7610928,22.092875));
#56 = CARTESIAN_POINT('',(149.23297,-1.3314876,23.135148));
#57 = CARTESIAN_POINT('',(149.2142,3.1298974,24.410475));
#58 = CARTESIAN_POINT('',(149.02014,7.548744,25.95415));
#59 = CARTESIAN_POINT('',(148.70119,11.989345,27.756805));
#60 = CARTESIAN_POINT('',(148.22609,16.403528,29.853533));
#61 = CARTESIAN_POINT('',(147.6085,20.799344,32.263425));
#62 = CARTESIAN_POINT('',(146.8465,25.16913,35.021643));
#63 = CARTESIAN_POINT('',(145.91038,-23.061178,21.146283));
#64 = CARTESIAN_POINT('',(146.59665,-18.754807,21.309444));
#65 = CARTESIAN_POINT('',(147.14018,-14.42732,21.678589));
#66 = CARTESIAN_POINT('',(147.53537,-10.08912,22.262025));
#67 = CARTESIAN_POINT('',(147.80398,-5.7201069,23.058846));
#68 = CARTESIAN_POINT('',(147.88037,-1.3985303,24.10165));
#69 = CARTESIAN_POINT('',(147.89552,3.0198747,25.348298));
#70 = CARTESIAN_POINT('',(147.65966,7.3175998,26.885993));
#71 = CARTESIAN_POINT('',(147.36038,11.692475,28.654122));
#72 = CARTESIAN_POINT('',(146.87953,16.024619,30.719278));
#73 = CARTESIAN_POINT('',(146.26665,20.337257,33.088288));
#74 = CARTESIAN_POINT('',(145.51104,24.625074,35.798497));
#75 = CARTESIAN_POINT('',(144.58671,-22.701372,22.041494));
#76 = CARTESIAN_POINT('',(145.25907,-18.471017,22.21681));
#77 = CARTESIAN_POINT('',(145.78985,-14.222209,22.593563));
#78 = CARTESIAN_POINT('',(146.18138,-9.9552965,23.179329));
#79 = CARTESIAN_POINT('',(146.42151,-5.6911146,23.974626));
#80 = CARTESIAN_POINT('',(146.53212,-1.4059512,25.008991));
#81 = CARTESIAN_POINT('',(146.48961,2.8792584,26.240527));
#82 = CARTESIAN_POINT('',(146.30382,7.1381292,27.758928));
#83 = CARTESIAN_POINT('',(145.95934,11.402496,29.504126));
#84 = CARTESIAN_POINT('',(145.50111,15.665181,31.532638));
#85 = CARTESIAN_POINT('',(144.88678,19.899358,33.863262));
#86 = CARTESIAN_POINT('',(144.13752,24.105564,36.526122));
#87 = CARTESIAN_POINT('',(143.22808,-22.332833,22.879795));
#88 = CARTESIAN_POINT('',(143.88645,-18.177029,23.06757));
#89 = CARTESIAN_POINT('',(144.40885,-13.996372,23.451796));
#90 = CARTESIAN_POINT('',(144.76206,-9.8643636,24.044251));
#91 = CARTESIAN_POINT('',(145.09058,-5.4887931,24.824985));
#92 = CARTESIAN_POINT('',(144.99121,-1.6719801,25.879865));
#93 = CARTESIAN_POINT('',(145.23816,3.0707525,27.05655));
#94 = CARTESIAN_POINT('',(144.75864,6.7523586,28.595295));
#95 = CARTESIAN_POINT('',(144.60246,11.228764,30.29225));
#96 = CARTESIAN_POINT('',(144.06512,15.323131,32.297138));
#97 = CARTESIAN_POINT('',(143.47196,19.480623,34.585721));
#98 = CARTESIAN_POINT('',(142.72831,23.612794,37.202999));
#99 = CARTESIAN_POINT('',(141.83696,-21.956216,23.659541));
#100 = CARTESIAN_POINT('',(142.48126,-17.873358,23.860061));
#101 = CARTESIAN_POINT('',(142.98692,-13.783441,24.253185));
#102 = CARTESIAN_POINT('',(143.366,-9.6150439,24.843976));
#103 = CARTESIAN_POINT('',(143.56423,-5.6889027,25.640266));
#104 = CARTESIAN_POINT('',(143.71857,-1.1859171,26.654056));
#105 = CARTESIAN_POINT('',(143.57968,2.4129665,27.865422));
#106 = CARTESIAN_POINT('',(143.50349,7.0542347,29.334497));
#107 = CARTESIAN_POINT('',(143.03593,10.764485,31.047714));
#108 = CARTESIAN_POINT('',(142.64904,15.049469,33.000659));
#109 = CARTESIAN_POINT('',(142.02251,19.100292,35.256616));
#110 = CARTESIAN_POINT('',(141.28589,23.147792,37.827903));
#111 = CARTESIAN_POINT('',(140.41587,-21.572239,24.379221));
#112 = CARTESIAN_POINT('',(141.04605,-17.560588,24.592748));
#113 = CARTESIAN_POINT('',(141.54174,-13.52674,24.994265));
#114 = CARTESIAN_POINT('',(141.8908,-9.5504124,25.591128));
#115 = CARTESIAN_POINT('',(142.15404,-5.3022717,26.376665));
#116 = CARTESIAN_POINT('',(142.13428,-1.7123876,27.409721));
#117 = CARTESIAN_POINT('',(142.25841,3.0122652,28.564966));
#118 = CARTESIAN_POINT('',(141.87881,6.387717,30.064433));
#119 = CARTESIAN_POINT('',(141.64768,10.821651,31.716897));
#120 = CARTESIAN_POINT('',(141.12921,14.698959,33.66033));
#121 = CARTESIAN_POINT('',(140.54506,18.729272,35.872075));
#122 = CARTESIAN_POINT('',(139.81287,22.710867,38.399748));
#123 = CARTESIAN_POINT('',(138.96743,-21.181663,25.037462));
#124 = CARTESIAN_POINT('',(139.58347,-17.239346,25.264235));
#125 = CARTESIAN_POINT('',(140.06594,-13.288872,25.67483));
#126 = CARTESIAN_POINT('',(140.41364,-9.2987163,26.274163));
#127 = CARTESIAN_POINT('',(140.64127,-5.4078651,27.06382));
#128 = CARTESIAN_POINT('',(140.67046,-1.3089017,28.085203));
#129 = CARTESIAN_POINT('',(140.70382,2.5217894,29.234633));
#130 = CARTESIAN_POINT('',(140.43533,6.6418567,30.70641));
#131 = CARTESIAN_POINT('',(140.09098,10.439149,32.349351));
#132 = CARTESIAN_POINT('',(139.64202,14.482037,34.253679));
#133 = CARTESIAN_POINT('',(139.03707,18.397593,36.433276));
#134 = CARTESIAN_POINT('',(138.31207,22.302671,38.917449));
#135 = CARTESIAN_POINT('',(137.49434,-20.785272,25.633032));
#136 = CARTESIAN_POINT('',(138.09622,-16.910281,25.873265));
#137 = CARTESIAN_POINT('',(138.56596,-13.024056,26.293368));
#138 = CARTESIAN_POINT('',(138.906,-9.1376563,26.895468));
#139 = CARTESIAN_POINT('',(139.12136,-5.1987451,27.6883));
#140 = CARTESIAN_POINT('',(139.1405,-1.4390306,28.704612));
#141 = CARTESIAN_POINT('',(139.19193,2.7220403,29.835509));
#142 = CARTESIAN_POINT('',(138.88294,6.3630725,31.300766));
#143 = CARTESIAN_POINT('',(138.57712,10.372941,32.912529));
#144 = CARTESIAN_POINT('',(138.09795,14.217854,34.794839));
#145 = CARTESIAN_POINT('',(137.50662,18.086948,36.937277));
#146 = CARTESIAN_POINT('',(136.78639,21.924472,39.379934));
#147 = CARTESIAN_POINT('',(135.99936,-20.383852,26.164848));
#148 = CARTESIAN_POINT('',(136.58711,-16.574046,26.418726));
#149 = CARTESIAN_POINT('',(137.04346,-12.757972,26.848873));
#150 = CARTESIAN_POINT('',(137.37858,-8.9172524,27.452633));
#151 = CARTESIAN_POINT('',(137.57814,-5.1109765,28.25252));
#152 = CARTESIAN_POINT('',(137.59059,-1.3108211,29.259076));
#153 = CARTESIAN_POINT('',(137.64892,2.6493996,30.378936));
#154 = CARTESIAN_POINT('',(137.32618,6.3436359,31.830833));
#155 = CARTESIAN_POINT('',(137.02231,10.205928,33.419401));
#156 = CARTESIAN_POINT('',(136.54429,14.01342,35.275054));
#157 = CARTESIAN_POINT('',(135.95351,17.807753,37.384049));
#158 = CARTESIAN_POINT('',(135.23878,21.577428,39.786308));
#159 = CARTESIAN_POINT('',(134.48533,-19.978173,26.63198));
#160 = CARTESIAN_POINT('',(135.05899,-16.231284,26.899661));
#161 = CARTESIAN_POINT('',(135.50225,-12.480343,27.339853));
#162 = CARTESIAN_POINT('',(135.83345,-8.6998711,27.946482));
#163 = CARTESIAN_POINT('',(136.00807,-4.9740234,28.753857));
#164 = CARTESIAN_POINT('',(136.03668,-1.2234401,29.747185));
#165 = CARTESIAN_POINT('',(136.07026,2.660876,30.865213));
#166 = CARTESIAN_POINT('',(135.75728,6.2906892,32.296645));
#167 = CARTESIAN_POINT('',(135.44869,10.092881,33.866432));
#168 = CARTESIAN_POINT('',(134.9698,13.827466,35.696051));
#169 = CARTESIAN_POINT('',(134.38179,17.557005,37.772575));
#170 = CARTESIAN_POINT('',(133.67209,21.261814,40.135966));
#171 = CARTESIAN_POINT('',(132.95512,-19.568968,27.033648));
#172 = CARTESIAN_POINT('',(133.5148,-15.882614,27.315267));
#173 = CARTESIAN_POINT('',(133.94576,-12.193708,27.765414));
#174 = CARTESIAN_POINT('',(134.26866,-8.4745337,28.377186));
#175 = CARTESIAN_POINT('',(134.42771,-4.8198385,29.188225));
#176 = CARTESIAN_POINT('',(134.46183,-1.1184359,30.173192));
#177 = CARTESIAN_POINT('',(134.47638,2.6838134,31.288443));
#178 = CARTESIAN_POINT('',(134.17188,6.2666291,32.700065));
#179 = CARTESIAN_POINT('',(133.85819,9.9995642,34.252518));
#180 = CARTESIAN_POINT('',(133.37976,13.669925,36.05676));
#181 = CARTESIAN_POINT('',(132.79402,17.335997,38.102265));
#182 = CARTESIAN_POINT('',(132.08922,20.978418,40.428293));
#183 = DEFINITIONAL_REPRESENTATION('',(#184),#193);
#184 = B_SPLINE_CURVE_WITH_KNOTS('',7,(#185,#186,#187,#188,#189,#190,
    #191,#192),.UNSPECIFIED.,.F.,.F.,(8,8),(0.,1.),
  .PIECEWISE_BEZIER_KNOTS.);
#185 = CARTESIAN_POINT('',(0.92439467,0.16206009));
#186 = CARTESIAN_POINT('',(0.99955262,0.26653651));
#187 = CARTESIAN_POINT('',(1.0194167,0.37674624));
#188 = CARTESIAN_POINT('',(0.95106064,0.50376496));
#189 = CARTESIAN_POINT('',(0.78991325,0.62170548));
#190 = CARTESIAN_POINT('',(0.65159864,0.72851313));
#191 = CARTESIAN_POINT('',(0.4811202,0.83207225));
#192 = CARTESIAN_POINT('',(0.29440139,0.92932203));
#193 = ( GEOMETRIC_REPRESENTATION_CONTEXT(2) 
PARAMETRIC_REPRESENTATION_CONTEXT() REPRESENTATION_CONTEXT('2D SPACE',''
  ) );
#194 = PCURVE('',#195,#340);
#195 = B_SPLINE_SURFACE_WITH_KNOTS('',11,11,(
    (#196,#197,#198,#199,#200,#201,#202,#203,#204,#205,#206,#207)
    ,(#208,#209,#210,#211,#212,#213,#214,#215,#216,#217,#218,#219)
    ,(#220,#221,#222,#223,#224,#225,#226,#227,#228,#229,#230,#231)
    ,(#232,#233,#234,#235,#236,#237,#238,#239,#240,#241,#242,#243)
    ,(#244,#245,#246,#247,#248,#249,#250,#251,#252,#253,#254,#255)
    ,(#256,#257,#258,#259,#260,#261,#262,#263,#264,#265,#266,#267)
    ,(#268,#269,#270,#271,#272,#273,#274,#275,#276,#277,#278,#279)
    ,(#280,#281,#282,#283,#284,#285,#286,#287,#288,#289,#290,#291)
    ,(#292,#293,#294,#295,#296,#297,#298,#299,#300,#301,#302,#303)
    ,(#304,#305,#306,#307,#308,#309,#310,#311,#312,#313,#314,#315)
    ,(#316,#317,#318,#319,#320,#321,#322,#323,#324,#325,#326,#327)
    ,(#328,#329,#330,#331,#332,#333,#334,#335,#336,#337,#338,#339
  )),.UNSPECIFIED.,.F.,.F.,.F.,(12,12),(12,12),(0.,1.),(0.,1.),
  .PIECEWISE_BEZIER_KNOTS.);
#196 = CARTESIAN_POINT('',(114.98705,-12.484584,28.468656));
#197 = CARTESIAN_POINT('',(116.20668,-8.9670926,29.212567));
#198 = CARTESIAN_POINT('',(116.62999,-5.5258249,29.959621));
#199 = CARTESIAN_POINT('',(116.09922,-2.1894364,30.704988));
#200 = CARTESIAN_POINT('',(114.58715,1.0767498,31.467942));
#201 = CARTESIAN_POINT('',(112.68896,4.3177449,32.219829));
#202 = CARTESIAN_POINT('',(110.58566,7.5424719,32.988746));
#203 = CARTESIAN_POINT('',(108.22434,10.749121,33.751587));
#204 = CARTESIAN_POINT('',(105.69221,13.982921,34.525303));
#205 = CARTESIAN_POINT('',(103.00869,17.243091,35.310876));
#206 = CARTESIAN_POINT('',(100.21449,20.580784,36.115281));
#207 = CARTESIAN_POINT('',(97.297955,24.034435,36.948005));
#208 = CARTESIAN_POINT('',(116.49164,-12.876415,26.814897));
#209 = CARTESIAN_POINT('',(117.53078,-9.3327474,27.56922));
#210 = CARTESIAN_POINT('',(117.85534,-5.8794199,28.321501));
#211 = CARTESIAN_POINT('',(117.31954,-2.5252653,29.070271));
#212 = CARTESIAN_POINT('',(115.98084,0.77287285,29.837471));
#213 = CARTESIAN_POINT('',(114.35205,4.0647865,30.591538));
#214 = CARTESIAN_POINT('',(112.58351,7.3446177,31.36605));
#215 = CARTESIAN_POINT('',(110.51066,10.595154,32.130785));
#216 = CARTESIAN_POINT('',(108.33529,13.885208,32.907918));
#217 = CARTESIAN_POINT('',(105.99958,17.219888,33.701359));
#218 = CARTESIAN_POINT('',(103.56741,20.63516,34.513721));
#219 = CARTESIAN_POINT('',(101.01385,24.172447,35.355641));
#220 = CARTESIAN_POINT('',(118.22808,-13.330843,25.393834));
#221 = CARTESIAN_POINT('',(119.07002,-9.7592027,26.159309));
#222 = CARTESIAN_POINT('',(119.30934,-6.2996304,26.91494));
#223 = CARTESIAN_POINT('',(118.65284,-2.8937555,27.678142));
#224 = CARTESIAN_POINT('',(117.69557,0.39999871,28.433272));
#225 = CARTESIAN_POINT('',(116.14681,3.7813514,29.209047));
#226 = CARTESIAN_POINT('',(114.91444,7.1203532,29.976749));
#227 = CARTESIAN_POINT('',(113.06496,10.404096,30.749138));
#228 = CARTESIAN_POINT('',(111.33414,13.773408,31.530176));
#229 = CARTESIAN_POINT('',(109.36052,17.185154,32.332106));
#230 = CARTESIAN_POINT('',(107.3465,20.689679,33.153746));
#231 = CARTESIAN_POINT('',(105.19484,24.319749,34.006027));
#232 = CARTESIAN_POINT('',(120.13126,-13.826789,24.246249));
#233 = CARTESIAN_POINT('',(120.73486,-10.215957,25.026198));
#234 = CARTESIAN_POINT('',(120.76177,-6.7123822,25.79379));
#235 = CARTESIAN_POINT('',(120.77035,-3.4778089,26.522038));
#236 = CARTESIAN_POINT('',(118.53656,0.19725383,27.344505));
#237 = CARTESIAN_POINT('',(119.45569,3.3691388,28.067507));
#238 = CARTESIAN_POINT('',(116.15914,6.8125631,28.887281));
#239 = CARTESIAN_POINT('',(116.84937,10.31314,29.628659));
#240 = CARTESIAN_POINT('',(114.14286,13.581672,30.434361));
#241 = CARTESIAN_POINT('',(113.09512,17.148015,31.238501));
#242 = CARTESIAN_POINT('',(111.40324,20.72999,32.070653));
#243 = CARTESIAN_POINT('',(109.70269,24.464478,32.934558));
#244 = CARTESIAN_POINT('',(122.21856,-14.374646,23.39718));
#245 = CARTESIAN_POINT('',(122.62579,-10.741716,24.187105));
#246 = CARTESIAN_POINT('',(122.75037,-7.2836694,24.950906));
#247 = CARTESIAN_POINT('',(120.91938,-3.526289,25.777931));
#248 = CARTESIAN_POINT('',(123.46943,-0.79639597,26.420334));
#249 = CARTESIAN_POINT('',(117.63182,3.3781843,27.367491));
#250 = CARTESIAN_POINT('',(122.90925,6.6043998,27.985957));
#251 = CARTESIAN_POINT('',(116.94636,9.8499272,28.892263));
#252 = CARTESIAN_POINT('',(118.90152,13.587066,29.614941));
#253 = CARTESIAN_POINT('',(116.94867,17.113135,30.461942));
#254 = CARTESIAN_POINT('',(115.93749,20.816663,31.299713));
#255 = CARTESIAN_POINT('',(114.64269,24.644261,32.174599));
#256 = CARTESIAN_POINT('',(124.34593,-14.925685,22.879172));
#257 = CARTESIAN_POINT('',(124.45675,-11.236508,23.68811));
#258 = CARTESIAN_POINT('',(124.10335,-7.6675039,24.470498));
#259 = CARTESIAN_POINT('',(125.40763,-4.7395975,25.157319));
#260 = CARTESIAN_POINT('',(119.97528,-0.11631341,26.127772));
#261 = CARTESIAN_POINT('',(127.40492,2.2652335,26.656703));
#262 = CARTESIAN_POINT('',(118.32473,6.3337268,27.733409));
#263 = CARTESIAN_POINT('',(125.21833,9.9912348,28.267448));
#264 = CARTESIAN_POINT('',(120.4907,13.244566,29.206724));
#265 = CARTESIAN_POINT('',(121.15096,17.045175,29.989384));
#266 = CARTESIAN_POINT('',(120.30681,20.823868,30.849979));
#267 = CARTESIAN_POINT('',(119.57483,24.783812,31.739478));
#268 = CARTESIAN_POINT('',(126.59862,-15.517077,22.693428));
#269 = CARTESIAN_POINT('',(126.53091,-11.813511,23.510718));
#270 = CARTESIAN_POINT('',(126.44643,-8.3365218,24.28941));
#271 = CARTESIAN_POINT('',(124.06224,-4.3327181,25.134836));
#272 = CARTESIAN_POINT('',(128.53257,-2.0130587,25.753825));
#273 = CARTESIAN_POINT('',(121.01045,2.9560414,26.809954));
#274 = CARTESIAN_POINT('',(129.65698,5.9272733,27.274878));
#275 = CARTESIAN_POINT('',(122.67559,9.3726729,28.3646));
#276 = CARTESIAN_POINT('',(126.30742,13.288832,28.991085));
#277 = CARTESIAN_POINT('',(125.11009,17.,29.891572));
#278 = CARTESIAN_POINT('',(125.05109,20.909986,30.747253));
#279 = CARTESIAN_POINT('',(124.72368,24.959941,31.648262));
#280 = CARTESIAN_POINT('',(128.7763,-16.081945,22.857312));
#281 = CARTESIAN_POINT('',(128.41011,-12.323659,23.6935));
#282 = CARTESIAN_POINT('',(127.85399,-8.7309806,24.486069));
#283 = CARTESIAN_POINT('',(128.57798,-5.661876,25.221835));
#284 = CARTESIAN_POINT('',(125.21583,-1.1032304,26.109804));
#285 = CARTESIAN_POINT('',(130.48629,1.5865644,26.762436));
#286 = CARTESIAN_POINT('',(125.5857,5.732433,27.799827));
#287 = CARTESIAN_POINT('',(130.38828,9.4918389,28.332543));
#288 = CARTESIAN_POINT('',(128.2683,12.9502,29.299031));
#289 = CARTESIAN_POINT('',(129.34625,16.936695,30.104255));
#290 = CARTESIAN_POINT('',(129.54477,20.920515,30.986093));
#291 = CARTESIAN_POINT('',(129.75029,25.099677,31.900419));
#292 = CARTESIAN_POINT('',(130.97067,-16.657589,23.35322));
#293 = CARTESIAN_POINT('',(130.41561,-12.878395,24.199117));
#294 = CARTESIAN_POINT('',(129.95905,-9.3400695,24.992739));
#295 = CARTESIAN_POINT('',(128.82869,-5.6202446,25.791345));
#296 = CARTESIAN_POINT('',(130.1641,-2.4304409,26.575076));
#297 = CARTESIAN_POINT('',(128.91474,1.8587756,27.437543));
#298 = CARTESIAN_POINT('',(132.02668,5.418306,28.12511));
#299 = CARTESIAN_POINT('',(131.02693,8.9823348,29.060466));
#300 = CARTESIAN_POINT('',(132.65255,12.916577,29.786353));
#301 = CARTESIAN_POINT('',(133.21495,16.868669,30.674802));
#302 = CARTESIAN_POINT('',(133.97449,20.976157,31.558249));
#303 = CARTESIAN_POINT('',(134.61702,25.254756,32.485423));
#304 = CARTESIAN_POINT('',(133.02164,-17.19273,24.175098));
#305 = CARTESIAN_POINT('',(132.2305,-13.377901,25.035613));
#306 = CARTESIAN_POINT('',(131.56089,-9.7934432,25.83861));
#307 = CARTESIAN_POINT('',(131.1547,-6.323782,26.618591));
#308 = CARTESIAN_POINT('',(131.08373,-2.4693,27.432092));
#309 = CARTESIAN_POINT('',(132.39206,1.2202275,28.25464));
#310 = CARTESIAN_POINT('',(133.30648,5.1017981,29.093702));
#311 = CARTESIAN_POINT('',(134.81799,8.8904099,29.838871));
#312 = CARTESIAN_POINT('',(135.68418,12.706818,30.689131));
#313 = CARTESIAN_POINT('',(136.98548,16.800509,31.556104));
#314 = CARTESIAN_POINT('',(138.13954,20.989753,32.453324));
#315 = CARTESIAN_POINT('',(139.22099,25.375687,33.391413));
#316 = CARTESIAN_POINT('',(134.95439,-17.696218,25.293058));
#317 = CARTESIAN_POINT('',(133.97384,-13.857192,26.164691));
#318 = CARTESIAN_POINT('',(133.231,-10.268019,26.969458));
#319 = CARTESIAN_POINT('',(132.6674,-6.7550703,27.774958));
#320 = CARTESIAN_POINT('',(133.03796,-2.8905345,28.553552));
#321 = CARTESIAN_POINT('',(134.24587,0.94547218,29.426636));
#322 = CARTESIAN_POINT('',(135.7861,4.7221007,30.264147));
#323 = CARTESIAN_POINT('',(137.47831,8.7600713,30.986207));
#324 = CARTESIAN_POINT('',(138.76347,12.512683,31.866098));
#325 = CARTESIAN_POINT('',(140.43054,16.735216,32.732768));
#326 = CARTESIAN_POINT('',(141.97342,21.010656,33.640213));
#327 = CARTESIAN_POINT('',(143.44755,25.493386,34.588592));
#328 = CARTESIAN_POINT('',(136.68947,-18.145118,26.679068));
#329 = CARTESIAN_POINT('',(135.53637,-14.284238,27.561141));
#330 = CARTESIAN_POINT('',(134.70155,-10.687858,28.371525));
#331 = CARTESIAN_POINT('',(134.14073,-7.1553074,29.178296));
#332 = CARTESIAN_POINT('',(134.62364,-3.2578077,29.972311));
#333 = CARTESIAN_POINT('',(136.06318,0.64646229,30.846625));
#334 = CARTESIAN_POINT('',(137.92335,4.4917934,31.684248));
#335 = CARTESIAN_POINT('',(139.88252,8.5367672,32.42016));
#336 = CARTESIAN_POINT('',(141.49892,12.377895,33.296697));
#337 = CARTESIAN_POINT('',(143.50123,16.668449,34.173197));
#338 = CARTESIAN_POINT('',(145.38945,21.02617,35.087959));
#339 = CARTESIAN_POINT('',(147.21236,25.597003,36.045222));
#340 = DEFINITIONAL_REPRESENTATION('',(#341),#344);
#341 = B_SPLINE_CURVE_WITH_KNOTS('',1,(#342,#343),.UNSPECIFIED.,.F.,.F.,
  (2,2),(0.,1.),.PIECEWISE_BEZIER_KNOTS.);
#342 = CARTESIAN_POINT('',(0.97618952,0.1161818));
#343 = CARTESIAN_POINT('',(0.97618952,0.90167516));
#344 = ( GEOMETRIC_REPRESENTATION_CONTEXT(2) 
PARAMETRIC_REPRESENTATION_CONTEXT() REPRESENTATION_CONTEXT('2D SPACE',''
  ) );
#345 = ORIENTED_EDGE('',*,*,#346,.F.);
#346 = EDGE_CURVE('',#347,#24,#349,.T.);
#347 = VERTEX_POINT('',#348);
#348 = CARTESIAN_POINT('',(147.99732,24.42764,33.69076));
#349 = SURFACE_CURVE('',#350,(#355,#363),.PCURVE_S1.);
#350 = B_SPLINE_CURVE_WITH_KNOTS('',3,(#351,#352,#353,#354),
  .UNSPECIFIED.,.F.,.F.,(4,4),(0.,1.),.PIECEWISE_BEZIER_KNOTS.);
#351 = CARTESIAN_POINT('',(147.99732,24.42764,33.69076));
#352 = CARTESIAN_POINT('',(146.82906,23.119962,34.038242));
#353 = CARTESIAN_POINT('',(145.59716,21.890516,34.362573));
#354 = CARTESIAN_POINT('',(144.3086,20.751544,34.66043));
#355 = PCURVE('',#38,#356);
#356 = DEFINITIONAL_REPRESENTATION('',(#357),#362);
#357 = B_SPLINE_CURVE_WITH_KNOTS('',3,(#358,#359,#360,#361),
  .UNSPECIFIED.,.F.,.F.,(4,4),(0.,1.),.PIECEWISE_BEZIER_KNOTS.);
#358 = CARTESIAN_POINT('',(2.3812508E-02,0.97618933));
#359 = CARTESIAN_POINT('',(0.11398018,0.96038301));
#360 = CARTESIAN_POINT('',(0.20416602,0.94466258));
#361 = CARTESIAN_POINT('',(0.29440139,0.92932203));
#362 = ( GEOMETRIC_REPRESENTATION_CONTEXT(2) 
PARAMETRIC_REPRESENTATION_CONTEXT() REPRESENTATION_CONTEXT('2D SPACE',''
  ) );
#363 = PCURVE('',#364,#500);
#364 = B_SPLINE_SURFACE_WITH_KNOTS('',14,8,(
    (#365,#366,#367,#368,#369,#370,#371,#372,#373)
    ,(#374,#375,#376,#377,#378,#379,#380,#381,#382)
    ,(#383,#384,#385,#386,#387,#388,#389,#390,#391)
    ,(#392,#393,#394,#395,#396,#397,#398,#399,#400)
    ,(#401,#402,#403,#404,#405,#406,#407,#408,#409)
    ,(#410,#411,#412,#413,#414,#415,#416,#417,#418)
    ,(#419,#420,#421,#422,#423,#424,#425,#426,#427)
    ,(#428,#429,#430,#431,#432,#433,#434,#435,#436)
    ,(#437,#438,#439,#440,#441,#442,#443,#444,#445)
    ,(#446,#447,#448,#449,#450,#451,#452,#453,#454)
    ,(#455,#456,#457,#458,#459,#460,#461,#462,#463)
    ,(#464,#465,#466,#467,#468,#469,#470,#471,#472)
    ,(#473,#474,#475,#476,#477,#478,#479,#480,#481)
    ,(#482,#483,#484,#485,#486,#487,#488,#489,#490)
    ,(#491,#492,#493,#494,#495,#496,#497,#498,#499
  )),.UNSPECIFIED.,.F.,.F.,.F.,(15,15),(9,9),(0.,1.),(0.,1.),
  .PIECEWISE_BEZIER_KNOTS.);
#365 = CARTESIAN_POINT('',(139.55795,24.246368,33.590727));
#366 = CARTESIAN_POINT('',(140.31484,23.87999,33.707501));
#367 = CARTESIAN_POINT('',(141.02709,23.489783,33.830191));
#368 = CARTESIAN_POINT('',(141.69298,23.07738,33.958304));
#369 = CARTESIAN_POINT('',(142.3114,22.644601,34.09131));
#370 = CARTESIAN_POINT('',(142.88183,22.193434,34.228638));
#371 = CARTESIAN_POINT('',(143.40434,21.726018,34.369686));
#372 = CARTESIAN_POINT('',(143.87954,21.244614,34.513829));
#373 = CARTESIAN_POINT('',(144.30843,20.751583,34.66042));
#374 = CARTESIAN_POINT('',(140.16065,24.263906,33.597879));
#375 = CARTESIAN_POINT('',(140.83221,23.887524,33.715618));
#376 = CARTESIAN_POINT('',(141.46183,23.489776,33.838673));
#377 = CARTESIAN_POINT('',(142.04792,23.072197,33.966584));
#378 = CARTESIAN_POINT('',(142.58946,22.63649,34.098851));
#379 = CARTESIAN_POINT('',(143.08597,22.184519,34.234943));
#380 = CARTESIAN_POINT('',(143.53754,21.718284,34.374295));
#381 = CARTESIAN_POINT('',(143.94471,21.239902,34.516323));
#382 = CARTESIAN_POINT('',(144.30845,20.751579,34.660422));
#383 = CARTESIAN_POINT('',(140.76337,24.280739,33.605031));
#384 = CARTESIAN_POINT('',(141.3496,23.894527,33.723735));
#385 = CARTESIAN_POINT('',(141.89659,23.489391,33.847156));
#386 = CARTESIAN_POINT('',(142.40288,23.066761,33.974863));
#387 = CARTESIAN_POINT('',(142.86753,22.628228,34.106393));
#388 = CARTESIAN_POINT('',(143.29012,22.175528,34.241248));
#389 = CARTESIAN_POINT('',(143.67073,21.710525,34.378905));
#390 = CARTESIAN_POINT('',(144.00989,21.235189,34.518817));
#391 = CARTESIAN_POINT('',(144.30848,20.751574,34.660423));
#392 = CARTESIAN_POINT('',(141.36612,24.296865,33.612183));
#393 = CARTESIAN_POINT('',(141.86701,23.901001,33.731852));
#394 = CARTESIAN_POINT('',(142.33135,23.488627,33.855638));
#395 = CARTESIAN_POINT('',(142.75784,23.061073,33.983142));
#396 = CARTESIAN_POINT('',(143.1456,22.619814,34.113934));
#397 = CARTESIAN_POINT('',(143.49427,22.166461,34.247553));
#398 = CARTESIAN_POINT('',(143.80392,21.702741,34.383514));
#399 = CARTESIAN_POINT('',(144.07506,21.230476,34.521311));
#400 = CARTESIAN_POINT('',(144.3085,20.75157,34.660425));
#401 = CARTESIAN_POINT('',(141.96887,24.312284,33.619335));
#402 = CARTESIAN_POINT('',(142.38443,23.906946,33.739969));
#403 = CARTESIAN_POINT('',(142.76613,23.487485,33.86412));
#404 = CARTESIAN_POINT('',(143.1128,23.055133,33.991422));
#405 = CARTESIAN_POINT('',(143.42367,22.611249,34.121476));
#406 = CARTESIAN_POINT('',(143.69842,22.157319,34.253858));
#407 = CARTESIAN_POINT('',(143.93711,21.694931,34.388123));
#408 = CARTESIAN_POINT('',(144.14023,21.225764,34.523805));
#409 = CARTESIAN_POINT('',(144.30853,20.751565,34.660427));
#410 = CARTESIAN_POINT('',(142.57165,24.326998,33.626487));
#411 = CARTESIAN_POINT('',(142.90186,23.91236,33.748086));
#412 = CARTESIAN_POINT('',(143.20092,23.485965,33.872603));
#413 = CARTESIAN_POINT('',(143.46777,23.04894,33.999701));
#414 = CARTESIAN_POINT('',(143.70175,22.602533,34.129017));
#415 = CARTESIAN_POINT('',(143.90257,22.148101,34.260163));
#416 = CARTESIAN_POINT('',(144.07031,21.687097,34.392732));
#417 = CARTESIAN_POINT('',(144.20541,21.221051,34.526299));
#418 = CARTESIAN_POINT('',(144.30856,20.751561,34.660428));
#419 = CARTESIAN_POINT('',(143.17445,24.341005,33.633639));
#420 = CARTESIAN_POINT('',(143.4193,23.917245,33.756203));
#421 = CARTESIAN_POINT('',(143.63571,23.484066,33.881085));
#422 = CARTESIAN_POINT('',(143.82275,23.042495,34.007981));
#423 = CARTESIAN_POINT('',(143.97983,22.593666,34.136559));
#424 = CARTESIAN_POINT('',(144.10672,22.138808,34.266468));
#425 = CARTESIAN_POINT('',(144.2035,21.679237,34.397341));
#426 = CARTESIAN_POINT('',(144.27058,21.216339,34.528793));
#427 = CARTESIAN_POINT('',(144.30858,20.751556,34.66043));
#428 = CARTESIAN_POINT('',(143.77726,24.354306,33.640791));
#429 = CARTESIAN_POINT('',(143.93676,23.9216,33.76432));
#430 = CARTESIAN_POINT('',(144.07051,23.481789,33.889568));
#431 = CARTESIAN_POINT('',(144.17773,23.035798,34.01626));
#432 = CARTESIAN_POINT('',(144.25792,22.584647,34.1441));
#433 = CARTESIAN_POINT('',(144.31088,22.129439,34.272773));
#434 = CARTESIAN_POINT('',(144.3367,21.671352,34.40195));
#435 = CARTESIAN_POINT('',(144.33575,21.211626,34.531287));
#436 = CARTESIAN_POINT('',(144.30861,20.751552,34.660432));
#437 = CARTESIAN_POINT('',(144.38008,24.3669,33.647943));
#438 = CARTESIAN_POINT('',(144.45422,23.925426,33.772437));
#439 = CARTESIAN_POINT('',(144.50533,23.479134,33.89805));
#440 = CARTESIAN_POINT('',(144.53272,23.028849,34.024539));
#441 = CARTESIAN_POINT('',(144.53601,22.575477,34.151641));
#442 = CARTESIAN_POINT('',(144.51503,22.119994,34.279079));
#443 = CARTESIAN_POINT('',(144.4699,21.663441,34.406559));
#444 = CARTESIAN_POINT('',(144.40093,21.206914,34.533781));
#445 = CARTESIAN_POINT('',(144.30863,20.751547,34.660433));
#446 = CARTESIAN_POINT('',(144.98292,24.378788,33.655095));
#447 = CARTESIAN_POINT('',(144.9717,23.928721,33.780554));
#448 = CARTESIAN_POINT('',(144.94014,23.4761,33.906533));
#449 = CARTESIAN_POINT('',(144.88772,23.021648,34.032819));
#450 = CARTESIAN_POINT('',(144.8141,22.566155,34.159183));
#451 = CARTESIAN_POINT('',(144.71919,22.110473,34.285384));
#452 = CARTESIAN_POINT('',(144.60309,21.655506,34.411169));
#453 = CARTESIAN_POINT('',(144.4661,21.202201,34.536275));
#454 = CARTESIAN_POINT('',(144.30866,20.751543,34.660435));
#455 = CARTESIAN_POINT('',(145.58577,24.38997,33.662247));
#456 = CARTESIAN_POINT('',(145.48919,23.931487,33.788671));
#457 = CARTESIAN_POINT('',(145.37497,23.472688,33.915015));
#458 = CARTESIAN_POINT('',(145.24272,23.014194,34.041098));
#459 = CARTESIAN_POINT('',(145.0922,22.556682,34.166724));
#460 = CARTESIAN_POINT('',(144.92335,22.100877,34.291689));
#461 = CARTESIAN_POINT('',(144.73629,21.647545,34.415778));
#462 = CARTESIAN_POINT('',(144.53127,21.197488,34.53877));
#463 = CARTESIAN_POINT('',(144.30868,20.751538,34.660437));
#464 = CARTESIAN_POINT('',(146.18864,24.400446,33.669399));
#465 = CARTESIAN_POINT('',(146.00669,23.933723,33.796788));
#466 = CARTESIAN_POINT('',(145.8098,23.468897,33.923498));
#467 = CARTESIAN_POINT('',(145.59772,23.006488,34.049377));
#468 = CARTESIAN_POINT('',(145.37029,22.547058,34.174266));
#469 = CARTESIAN_POINT('',(145.12751,22.091205,34.297994));
#470 = CARTESIAN_POINT('',(144.86949,21.639559,34.420387));
#471 = CARTESIAN_POINT('',(144.59645,21.192776,34.541264));
#472 = CARTESIAN_POINT('',(144.30871,20.751534,34.660439));
#473 = CARTESIAN_POINT('',(146.79151,24.410215,33.676551));
#474 = CARTESIAN_POINT('',(146.52419,23.93543,33.804905));
#475 = CARTESIAN_POINT('',(146.24464,23.464728,33.93198));
#476 = CARTESIAN_POINT('',(145.95273,22.99853,34.057657));
#477 = CARTESIAN_POINT('',(145.64839,22.537282,34.181807));
#478 = CARTESIAN_POINT('',(145.33167,22.081457,34.304299));
#479 = CARTESIAN_POINT('',(145.00268,21.631547,34.424996));
#480 = CARTESIAN_POINT('',(144.66162,21.188063,34.543758));
#481 = CARTESIAN_POINT('',(144.30873,20.751529,34.66044));
#482 = CARTESIAN_POINT('',(147.3944,24.419277,33.683703));
#483 = CARTESIAN_POINT('',(147.0417,23.936606,33.813022));
#484 = CARTESIAN_POINT('',(146.67948,23.46018,33.940463));
#485 = CARTESIAN_POINT('',(146.30774,22.990319,34.065936));
#486 = CARTESIAN_POINT('',(145.92649,22.527355,34.189349));
#487 = CARTESIAN_POINT('',(145.53584,22.071634,34.310604));
#488 = CARTESIAN_POINT('',(145.13588,21.623511,34.429605));
#489 = CARTESIAN_POINT('',(144.72679,21.183351,34.546252));
#490 = CARTESIAN_POINT('',(144.30876,20.751525,34.660442));
#491 = CARTESIAN_POINT('',(147.99729,24.427634,33.690855));
#492 = CARTESIAN_POINT('',(147.55922,23.937253,33.821139));
#493 = CARTESIAN_POINT('',(147.11433,23.455254,33.948945));
#494 = CARTESIAN_POINT('',(146.66275,22.981856,34.074215));
#495 = CARTESIAN_POINT('',(146.2046,22.517277,34.19689));
#496 = CARTESIAN_POINT('',(145.74,22.061735,34.316909));
#497 = CARTESIAN_POINT('',(145.26908,21.615449,34.434214));
#498 = CARTESIAN_POINT('',(144.79197,21.178638,34.548746));
#499 = CARTESIAN_POINT('',(144.30878,20.751521,34.660444));
#500 = DEFINITIONAL_REPRESENTATION('',(#501),#504);
#501 = B_SPLINE_CURVE_WITH_KNOTS('',1,(#502,#503),.UNSPECIFIED.,.F.,.F.,
  (2,2),(0.,1.),.PIECEWISE_BEZIER_KNOTS.);
#502 = CARTESIAN_POINT('',(1.,0.));
#503 = CARTESIAN_POINT('',(1.,1.));
#504 = ( GEOMETRIC_REPRESENTATION_CONTEXT(2) 
PARAMETRIC_REPRESENTATION_CONTEXT() REPRESENTATION_CONTEXT('2D SPACE',''
  ) );
#505 = ORIENTED_EDGE('',*,*,#506,.F.);
#506 = EDGE_CURVE('',#507,#347,#509,.T.);
#507 = VERTEX_POINT('',#508);
#508 = CARTESIAN_POINT('',(148.29711,-22.498789,19.497671));
#509 = SURFACE_CURVE('',#510,(#517,#523),.PCURVE_S1.);
#510 = B_SPLINE_CURVE_WITH_KNOTS('',5,(#511,#512,#513,#514,#515,#516),
  .UNSPECIFIED.,.F.,.F.,(6,6),(0.,1.),.PIECEWISE_BEZIER_KNOTS.);
#511 = CARTESIAN_POINT('',(148.29711,-22.498789,19.497671));
#512 = CARTESIAN_POINT('',(149.71199,-13.181099,19.904235));
#513 = CARTESIAN_POINT('',(150.39489,-3.7524559,21.384464));
#514 = CARTESIAN_POINT('',(150.33474,5.7094909,24.057156));
#515 = CARTESIAN_POINT('',(149.53099,15.12995,28.010824));
#516 = CARTESIAN_POINT('',(147.99732,24.42764,33.69076));
#517 = PCURVE('',#38,#518);
#518 = DEFINITIONAL_REPRESENTATION('',(#519),#522);
#519 = B_SPLINE_CURVE_WITH_KNOTS('',1,(#520,#521),.UNSPECIFIED.,.F.,.F.,
  (2,2),(0.,1.),.PIECEWISE_BEZIER_KNOTS.);
#520 = CARTESIAN_POINT('',(2.3812508E-02,2.3810667E-02));
#521 = CARTESIAN_POINT('',(2.3812508E-02,0.97618933));
#522 = ( GEOMETRIC_REPRESENTATION_CONTEXT(2) 
PARAMETRIC_REPRESENTATION_CONTEXT() REPRESENTATION_CONTEXT('2D SPACE',''
  ) );
#523 = PCURVE('',#524,#539);
#524 = B_SPLINE_SURFACE_WITH_KNOTS('',6,1,(
    (#525,#526)
    ,(#527,#528)
    ,(#529,#530)
    ,(#531,#532)
    ,(#533,#534)
    ,(#535,#536)
    ,(#537,#538)),.UNSPECIFIED.,.F.,.F.,.F.,(7,7),(2,2),(0.,1.),(0.,1.),
  .PIECEWISE_BEZIER_KNOTS.);
#525 = CARTESIAN_POINT('',(148.11566,-23.662844,19.489899));
#526 = CARTESIAN_POINT('',(148.11566,-23.662844,17.96366));
#527 = CARTESIAN_POINT('',(149.4177,-15.519805,19.758353));
#528 = CARTESIAN_POINT('',(149.4177,-15.519805,17.957112));
#529 = CARTESIAN_POINT('',(150.18244,-7.2910097,20.831874));
#530 = CARTESIAN_POINT('',(150.18244,-7.2910097,17.930927));
#531 = CARTESIAN_POINT('',(150.4028,0.97883251,22.770021));
#532 = CARTESIAN_POINT('',(150.4028,0.97883251,17.883653));
#533 = CARTESIAN_POINT('',(150.07698,9.2453595,25.649433));
#534 = CARTESIAN_POINT('',(150.07698,9.2453595,17.813421));
#535 = CARTESIAN_POINT('',(149.20682,17.464642,29.571124));
#536 = CARTESIAN_POINT('',(149.20682,17.464642,17.717766));
#537 = CARTESIAN_POINT('',(147.80104,25.589119,34.82197));
#538 = CARTESIAN_POINT('',(147.80104,25.589119,17.589691));
#539 = DEFINITIONAL_REPRESENTATION('',(#540),#543);
#540 = B_SPLINE_CURVE_WITH_KNOTS('',1,(#541,#542),.UNSPECIFIED.,.F.,.F.,
  (2,2),(0.,1.),.PIECEWISE_BEZIER_KNOTS.);
#541 = CARTESIAN_POINT('',(2.3810476E-02,2.3810476E-02));
#542 = CARTESIAN_POINT('',(0.97618952,2.3810476E-02));
#543 = ( GEOMETRIC_REPRESENTATION_CONTEXT(2) 
PARAMETRIC_REPRESENTATION_CONTEXT() REPRESENTATION_CONTEXT('2D SPACE',''
  ) );
#544 = ORIENTED_EDGE('',*,*,#545,.T.);
#545 = EDGE_CURVE('',#507,#22,#546,.T.);
#546 = SURFACE_CURVE('',#547,(#553,#565),.PCURVE_S1.);
#547 = B_SPLINE_CURVE_WITH_KNOTS('',4,(#548,#549,#550,#551,#552),
  .UNSPECIFIED.,.F.,.F.,(5,5),(0.,1.),.PIECEWISE_BEZIER_KNOTS.);
#548 = CARTESIAN_POINT('',(148.29711,-22.498789,19.497671));
#549 = CARTESIAN_POINT('',(145.36773,-19.755021,22.12233));
#550 = CARTESIAN_POINT('',(142.11201,-17.25784,24.343894));
#551 = CARTESIAN_POINT('',(138.64106,-15.069272,26.117052));
#552 = CARTESIAN_POINT('',(135.05683,-13.236277,27.409982));
#553 = PCURVE('',#38,#554);
#554 = DEFINITIONAL_REPRESENTATION('',(#555),#564);
#555 = B_SPLINE_CURVE_WITH_KNOTS('',7,(#556,#557,#558,#559,#560,#561,
    #562,#563),.UNSPECIFIED.,.F.,.F.,(8,8),(0.,1.),
  .PIECEWISE_BEZIER_KNOTS.);
#556 = CARTESIAN_POINT('',(2.3812508E-02,2.3810667E-02));
#557 = CARTESIAN_POINT('',(0.15663852,4.6228702E-02));
#558 = CARTESIAN_POINT('',(0.28803949,6.8173809E-02));
#559 = CARTESIAN_POINT('',(0.41802939,8.9420569E-02));
#560 = CARTESIAN_POINT('',(0.54662177,0.10973991));
#561 = CARTESIAN_POINT('',(0.67384333,0.12884812));
#562 = CARTESIAN_POINT('',(0.79974287,0.14640921));
#563 = CARTESIAN_POINT('',(0.92439467,0.16206009));
#564 = ( GEOMETRIC_REPRESENTATION_CONTEXT(2) 
PARAMETRIC_REPRESENTATION_CONTEXT() REPRESENTATION_CONTEXT('2D SPACE',''
  ) );
#565 = PCURVE('',#566,#747);
#566 = B_SPLINE_SURFACE_WITH_KNOTS('',14,11,(
    (#567,#568,#569,#570,#571,#572,#573,#574,#575,#576,#577,#578)
    ,(#579,#580,#581,#582,#583,#584,#585,#586,#587,#588,#589,#590)
    ,(#591,#592,#593,#594,#595,#596,#597,#598,#599,#600,#601,#602)
    ,(#603,#604,#605,#606,#607,#608,#609,#610,#611,#612,#613,#614)
    ,(#615,#616,#617,#618,#619,#620,#621,#622,#623,#624,#625,#626)
    ,(#627,#628,#629,#630,#631,#632,#633,#634,#635,#636,#637,#638)
    ,(#639,#640,#641,#642,#643,#644,#645,#646,#647,#648,#649,#650)
    ,(#651,#652,#653,#654,#655,#656,#657,#658,#659,#660,#661,#662)
    ,(#663,#664,#665,#666,#667,#668,#669,#670,#671,#672,#673,#674)
    ,(#675,#676,#677,#678,#679,#680,#681,#682,#683,#684,#685,#686)
    ,(#687,#688,#689,#690,#691,#692,#693,#694,#695,#696,#697,#698)
    ,(#699,#700,#701,#702,#703,#704,#705,#706,#707,#708,#709,#710)
    ,(#711,#712,#713,#714,#715,#716,#717,#718,#719,#720,#721,#722)
    ,(#723,#724,#725,#726,#727,#728,#729,#730,#731,#732,#733,#734)
    ,(#735,#736,#737,#738,#739,#740,#741,#742,#743,#744,#745,#746
  )),.UNSPECIFIED.,.F.,.F.,.F.,(15,15),(12,12),(0.,1.),(0.,1.),
  .PIECEWISE_BEZIER_KNOTS.);
#567 = CARTESIAN_POINT('',(124.9135,-15.897167,20.037304));
#568 = CARTESIAN_POINT('',(124.93831,-15.740778,20.348717));
#569 = CARTESIAN_POINT('',(124.96413,-15.583657,20.661335));
#570 = CARTESIAN_POINT('',(124.99087,-15.425761,20.97519));
#571 = CARTESIAN_POINT('',(125.01846,-15.267047,21.290313));
#572 = CARTESIAN_POINT('',(125.04682,-15.107476,21.606734));
#573 = CARTESIAN_POINT('',(125.07587,-14.947008,21.92448));
#574 = CARTESIAN_POINT('',(125.10554,-14.785603,22.243578));
#575 = CARTESIAN_POINT('',(125.13574,-14.623223,22.564056));
#576 = CARTESIAN_POINT('',(125.16639,-14.459828,22.885938));
#577 = CARTESIAN_POINT('',(125.19742,-14.295382,23.20925));
#578 = CARTESIAN_POINT('',(125.22874,-14.12985,23.534013));
#579 = CARTESIAN_POINT('',(126.65454,-16.3493,19.966523));
#580 = CARTESIAN_POINT('',(126.60488,-16.162361,20.294761));
#581 = CARTESIAN_POINT('',(126.55321,-15.976881,20.620592));
#582 = CARTESIAN_POINT('',(126.49972,-15.792956,20.943946));
#583 = CARTESIAN_POINT('',(126.4445,-15.610654,21.264766));
#584 = CARTESIAN_POINT('',(126.38774,-15.43007,21.582992));
#585 = CARTESIAN_POINT('',(126.32965,-15.251299,21.898562));
#586 = CARTESIAN_POINT('',(126.27034,-15.074407,22.211426));
#587 = CARTESIAN_POINT('',(126.20991,-14.899448,22.521536));
#588 = CARTESIAN_POINT('',(126.14852,-14.726499,22.828843));
#589 = CARTESIAN_POINT('',(126.08647,-14.555676,23.133285));
#590 = CARTESIAN_POINT('',(126.02379,-14.38702,23.434825));
#591 = CARTESIAN_POINT('',(128.394,-16.809423,19.897673));
#592 = CARTESIAN_POINT('',(128.26986,-16.586721,20.248209));
#593 = CARTESIAN_POINT('',(128.1406,-16.367643,20.592734));
#594 = CARTESIAN_POINT('',(128.00747,-16.152577,20.931022));
#595 = CARTESIAN_POINT('',(127.86741,-15.941118,21.263144));
#596 = CARTESIAN_POINT('',(127.72966,-15.735015,21.588388));
#597 = CARTESIAN_POINT('',(127.57874,-15.531784,21.907606));
#598 = CARTESIAN_POINT('',(127.43559,-15.334984,22.219404));
#599 = CARTESIAN_POINT('',(127.28179,-15.141908,22.524761));
#600 = CARTESIAN_POINT('',(127.12853,-14.954099,22.822982));
#601 = CARTESIAN_POINT('',(126.97401,-14.771795,23.113987));
#602 = CARTESIAN_POINT('',(126.8172,-14.594783,23.397785));
#603 = CARTESIAN_POINT('',(130.13113,-17.277385,19.83079));
#604 = CARTESIAN_POINT('',(129.9352,-17.014259,20.20891));
#605 = CARTESIAN_POINT('',(129.73173,-16.757072,20.577362));
#606 = CARTESIAN_POINT('',(129.5169,-16.505124,20.936228));
#607 = CARTESIAN_POINT('',(129.31047,-16.263453,21.283753));
#608 = CARTESIAN_POINT('',(129.06124,-16.019616,21.623775));
#609 = CARTESIAN_POINT('',(128.86772,-15.798008,21.9484));
#610 = CARTESIAN_POINT('',(128.5965,-15.566201,22.267867));
#611 = CARTESIAN_POINT('',(128.38183,-15.356789,22.571606));
#612 = CARTESIAN_POINT('',(128.13186,-15.148067,22.866517));
#613 = CARTESIAN_POINT('',(127.88273,-14.948546,23.14973));
#614 = CARTESIAN_POINT('',(127.63557,-14.758752,23.420991));
#615 = CARTESIAN_POINT('',(131.86806,-17.753706,19.765694));
#616 = CARTESIAN_POINT('',(131.59477,-17.44348,20.177318));
#617 = CARTESIAN_POINT('',(131.30969,-17.141075,20.575764));
#618 = CARTESIAN_POINT('',(131.02035,-16.848755,20.960105));
#619 = CARTESIAN_POINT('',(130.69905,-16.559385,21.332387));
#620 = CARTESIAN_POINT('',(130.42412,-16.294161,21.685816));
#621 = CARTESIAN_POINT('',(130.04916,-16.014047,22.032382));
#622 = CARTESIAN_POINT('',(129.78006,-15.774444,22.354656));
#623 = CARTESIAN_POINT('',(129.40742,-15.519406,22.669927));
#624 = CARTESIAN_POINT('',(129.08436,-15.290131,22.965181));
#625 = CARTESIAN_POINT('',(128.74815,-15.069961,23.245479));
#626 = CARTESIAN_POINT('',(128.40172,-14.859892,23.510389));
#627 = CARTESIAN_POINT('',(133.60228,-18.237738,19.702582));
#628 = CARTESIAN_POINT('',(133.25553,-17.876185,20.152828));
#629 = CARTESIAN_POINT('',(132.89477,-17.524853,20.586215));
#630 = CARTESIAN_POINT('',(132.52087,-17.184241,21.002316));
#631 = CARTESIAN_POINT('',(132.13615,-16.855652,21.400495));
#632 = CARTESIAN_POINT('',(131.73733,-16.537444,21.780981));
#633 = CARTESIAN_POINT('',(131.33583,-16.235064,22.141991));
#634 = CARTESIAN_POINT('',(130.91585,-15.94147,22.485292));
#635 = CARTESIAN_POINT('',(130.4991,-15.665934,22.808032));
#636 = CARTESIAN_POINT('',(130.06814,-15.401559,23.111977));
#637 = CARTESIAN_POINT('',(129.63415,-15.152631,23.395698));
#638 = CARTESIAN_POINT('',(129.19623,-14.919088,23.65905));
#639 = CARTESIAN_POINT('',(135.33519,-18.729869,19.641329));
#640 = CARTESIAN_POINT('',(134.9134,-18.31125,20.135741));
#641 = CARTESIAN_POINT('',(134.47539,-17.905229,20.609619));
#642 = CARTESIAN_POINT('',(134.01529,-17.510733,21.062996));
#643 = CARTESIAN_POINT('',(133.56552,-17.136631,21.492739));
#644 = CARTESIAN_POINT('',(133.04206,-16.761101,21.905499));
#645 = CARTESIAN_POINT('',(132.61015,-16.428331,22.28708));
#646 = CARTESIAN_POINT('',(132.04193,-16.078038,22.656179));
#647 = CARTESIAN_POINT('',(131.57423,-15.773446,22.992687));
#648 = CARTESIAN_POINT('',(131.03767,-15.469844,23.310416));
#649 = CARTESIAN_POINT('',(130.50446,-15.186636,23.603052));
#650 = CARTESIAN_POINT('',(129.97328,-14.923781,23.870419));
#651 = CARTESIAN_POINT('',(137.06814,-19.230435,19.581826));
#652 = CARTESIAN_POINT('',(136.56441,-18.747693,20.126319));
#653 = CARTESIAN_POINT('',(136.04032,-18.279434,20.646763));
#654 = CARTESIAN_POINT('',(135.50038,-17.827509,21.142219));
#655 = CARTESIAN_POINT('',(134.93353,-17.38877,21.613217));
#656 = CARTESIAN_POINT('',(134.37558,-16.974893,22.056049));
#657 = CARTESIAN_POINT('',(133.76276,-16.56618,22.47612));
#658 = CARTESIAN_POINT('',(133.1887,-16.192101,22.864453));
#659 = CARTESIAN_POINT('',(132.55848,-15.823421,23.229388));
#660 = CARTESIAN_POINT('',(131.94614,-15.483341,23.563748));
#661 = CARTESIAN_POINT('',(131.32055,-15.162455,23.870065));
#662 = CARTESIAN_POINT('',(130.6855,-14.86224,24.147671));
#663 = CARTESIAN_POINT('',(138.7996,-19.738992,19.524212));
#664 = CARTESIAN_POINT('',(138.21282,-19.186735,20.124125));
#665 = CARTESIAN_POINT('',(137.60215,-18.651018,20.69642));
#666 = CARTESIAN_POINT('',(136.97737,-18.135081,21.239654));
#667 = CARTESIAN_POINT('',(136.30588,-17.630472,21.756005));
#668 = CARTESIAN_POINT('',(135.68273,-17.163758,22.236966));
#669 = CARTESIAN_POINT('',(134.93258,-16.687417,22.696764));
#670 = CARTESIAN_POINT('',(134.30362,-16.269477,23.114078));
#671 = CARTESIAN_POINT('',(133.54538,-15.84219,23.509509));
#672 = CARTESIAN_POINT('',(132.84174,-15.455832,23.867166));
#673 = CARTESIAN_POINT('',(132.11823,-15.090523,24.192914));
#674 = CARTESIAN_POINT('',(131.37945,-14.747934,24.485984));
#675 = CARTESIAN_POINT('',(140.52876,-20.255329,19.468557));
#676 = CARTESIAN_POINT('',(139.8607,-19.628937,20.128916));
#677 = CARTESIAN_POINT('',(139.16719,-19.02166,20.75792));
#678 = CARTESIAN_POINT('',(138.44544,-18.433392,21.355128));
#679 = CARTESIAN_POINT('',(137.7183,-17.871,21.917884));
#680 = CARTESIAN_POINT('',(136.92995,-17.319373,22.450553));
#681 = CARTESIAN_POINT('',(136.19501,-16.811475,22.942438));
#682 = CARTESIAN_POINT('',(135.3556,-16.302643,23.406971));
#683 = CARTESIAN_POINT('',(134.58173,-15.841926,23.82863));
#684 = CARTESIAN_POINT('',(133.74932,-15.394107,24.217906));
#685 = CARTESIAN_POINT('',(132.91519,-14.975879,24.569324));
#686 = CARTESIAN_POINT('',(132.07829,-14.587324,24.882563));
#687 = CARTESIAN_POINT('',(142.25791,-20.78005,19.414677));
#688 = CARTESIAN_POINT('',(141.50152,-20.072562,20.141163));
#689 = CARTESIAN_POINT('',(140.7169,-19.386419,20.832666));
#690 = CARTESIAN_POINT('',(139.8997,-18.721305,21.488774));
#691 = CARTESIAN_POINT('',(139.08059,-18.085695,22.106192));
#692 = CARTESIAN_POINT('',(138.18349,-17.460598,22.690669));
#693 = CARTESIAN_POINT('',(137.36204,-16.886789,23.228643));
#694 = CARTESIAN_POINT('',(136.40486,-16.30889,23.737303));
#695 = CARTESIAN_POINT('',(135.53637,-15.787011,24.19721));
#696 = CARTESIAN_POINT('',(134.59557,-15.278699,24.621363));
#697 = CARTESIAN_POINT('',(133.65331,-14.803307,25.003295));
#698 = CARTESIAN_POINT('',(132.70858,-14.361055,25.342617));
#699 = CARTESIAN_POINT('',(143.98734,-21.313197,19.362567));
#700 = CARTESIAN_POINT('',(143.1343,-20.517458,20.160845));
#701 = CARTESIAN_POINT('',(142.24815,-19.744747,20.920691));
#702 = CARTESIAN_POINT('',(141.34189,-18.999528,21.640126));
#703 = CARTESIAN_POINT('',(140.37248,-18.270135,22.32208));
#704 = CARTESIAN_POINT('',(139.46624,-17.593523,22.954956));
#705 = CARTESIAN_POINT('',(138.38976,-16.903374,23.558152));
#706 = CARTESIAN_POINT('',(137.47402,-16.294459,24.102525));
#707 = CARTESIAN_POINT('',(136.38402,-15.672273,24.616317));
#708 = CARTESIAN_POINT('',(135.36878,-15.107707,25.077458));
#709 = CARTESIAN_POINT('',(134.32539,-14.572095,25.494284));
#710 = CARTESIAN_POINT('',(133.26034,-14.067862,25.865708));
#711 = CARTESIAN_POINT('',(145.71294,-21.853624,19.312591));
#712 = CARTESIAN_POINT('',(144.77049,-20.966812,20.18689));
#713 = CARTESIAN_POINT('',(143.79363,-20.105677,21.018995));
#714 = CARTESIAN_POINT('',(142.78074,-19.270653,21.808116));
#715 = CARTESIAN_POINT('',(141.75289,-18.468387,22.551568));
#716 = CARTESIAN_POINT('',(140.66249,-17.686313,23.252706));
#717 = CARTESIAN_POINT('',(139.60823,-16.952551,23.90218));
#718 = CARTESIAN_POINT('',(138.4594,-16.231141,24.510684));
#719 = CARTESIAN_POINT('',(137.35457,-15.561447,25.065446));
#720 = CARTESIAN_POINT('',(136.19897,-14.917344,25.574108));
#721 = CARTESIAN_POINT('',(135.0347,-14.311226,26.032374));
#722 = CARTESIAN_POINT('',(133.86375,-13.744184,26.439509));
#723 = CARTESIAN_POINT('',(147.43944,-22.402617,19.264365));
#724 = CARTESIAN_POINT('',(146.39665,-21.416967,20.220344));
#725 = CARTESIAN_POINT('',(145.31603,-20.459053,21.130554));
#726 = CARTESIAN_POINT('',(144.20054,-19.530688,21.993726));
#727 = CARTESIAN_POINT('',(143.05251,-18.633342,22.808735));
#728 = CARTESIAN_POINT('',(141.87604,-17.768895,23.574362));
#729 = CARTESIAN_POINT('',(140.67267,-16.938443,24.289666));
#730 = CARTESIAN_POINT('',(139.44583,-16.143565,24.953577));
#731 = CARTESIAN_POINT('',(138.19958,-15.385971,25.565008));
#732 = CARTESIAN_POINT('',(136.93421,-14.666311,26.123238));
#733 = CARTESIAN_POINT('',(135.65452,-13.986504,26.627184));
#734 = CARTESIAN_POINT('',(134.3624,-13.347651,27.076071));
#735 = CARTESIAN_POINT('',(149.16371,-22.959251,19.218188));
#736 = CARTESIAN_POINT('',(148.02148,-21.87049,20.260323));
#737 = CARTESIAN_POINT('',(146.83845,-20.811674,21.253071));
#738 = CARTESIAN_POINT('',(145.61769,-19.784689,22.195079));
#739 = CARTESIAN_POINT('',(144.36231,-18.791297,23.085079));
#740 = CARTESIAN_POINT('',(143.07543,-17.833169,23.921871));
#741 = CARTESIAN_POINT('',(141.7602,-16.911902,24.704308));
#742 = CARTESIAN_POINT('',(140.41977,-16.029039,25.431287));
#743 = CARTESIAN_POINT('',(139.0572,-15.186074,26.101747));
#744 = CARTESIAN_POINT('',(137.67549,-14.384461,26.714675));
#745 = CARTESIAN_POINT('',(136.27751,-13.625617,27.269107));
#746 = CARTESIAN_POINT('',(134.86598,-12.910918,27.764144));
#747 = DEFINITIONAL_REPRESENTATION('',(#748),#751);
#748 = B_SPLINE_CURVE_WITH_KNOTS('',1,(#749,#750),.UNSPECIFIED.,.F.,.F.,
  (2,2),(0.,1.),.PIECEWISE_BEZIER_KNOTS.);
#749 = CARTESIAN_POINT('',(0.97618952,2.3810476E-02));
#750 = CARTESIAN_POINT('',(0.97618952,0.97618952));
#751 = ( GEOMETRIC_REPRESENTATION_CONTEXT(2) 
PARAMETRIC_REPRESENTATION_CONTEXT() REPRESENTATION_CONTEXT('2D SPACE',''
  ) );
#752 = ADVANCED_FACE('',(#753),#364,.T.);
#753 = FACE_BOUND('',#754,.T.);
#754 = EDGE_LOOP('',(#755,#785,#847));
#755 = ORIENTED_EDGE('',*,*,#756,.F.);
#756 = EDGE_CURVE('',#757,#24,#759,.T.);
#757 = VERTEX_POINT('',#758);
#758 = CARTESIAN_POINT('',(139.55801,24.246419,33.590729));
#759 = SURFACE_CURVE('',#760,(#766,#772),.PCURVE_S1.);
#760 = B_SPLINE_CURVE_WITH_KNOTS('',4,(#761,#762,#763,#764,#765),
  .UNSPECIFIED.,.F.,.F.,(5,5),(0.,1.),.PIECEWISE_BEZIER_KNOTS.);
#761 = CARTESIAN_POINT('',(139.55801,24.246419,33.590729));
#762 = CARTESIAN_POINT('',(141.07192,23.513716,33.824271));
#763 = CARTESIAN_POINT('',(142.37733,22.669667,34.085421));
#764 = CARTESIAN_POINT('',(143.45078,21.737616,34.367246));
#765 = CARTESIAN_POINT('',(144.3086,20.751544,34.66043));
#766 = PCURVE('',#364,#767);
#767 = DEFINITIONAL_REPRESENTATION('',(#768),#771);
#768 = B_SPLINE_CURVE_WITH_KNOTS('',1,(#769,#770),.UNSPECIFIED.,.F.,.F.,
  (2,2),(0.,1.),.PIECEWISE_BEZIER_KNOTS.);
#769 = CARTESIAN_POINT('',(0.,0.));
#770 = CARTESIAN_POINT('',(0.,1.));
#771 = ( GEOMETRIC_REPRESENTATION_CONTEXT(2) 
PARAMETRIC_REPRESENTATION_CONTEXT() REPRESENTATION_CONTEXT('2D SPACE',''
  ) );
#772 = PCURVE('',#195,#773);
#773 = DEFINITIONAL_REPRESENTATION('',(#774),#784);
#774 = B_SPLINE_CURVE_WITH_KNOTS('',8,(#775,#776,#777,#778,#779,#780,
    #781,#782,#783),.UNSPECIFIED.,.F.,.F.,(9,9),(0.,1.),
  .PIECEWISE_BEZIER_KNOTS.);
#775 = CARTESIAN_POINT('',(0.83712038,0.97618938));
#776 = CARTESIAN_POINT('',(0.85529599,0.96813846));
#777 = CARTESIAN_POINT('',(0.873284,0.9596561));
#778 = CARTESIAN_POINT('',(0.89106572,0.95077484));
#779 = CARTESIAN_POINT('',(0.90862209,0.94152948));
#780 = CARTESIAN_POINT('',(0.92593357,0.93195696));
#781 = CARTESIAN_POINT('',(0.94297988,0.92209631));
#782 = CARTESIAN_POINT('',(0.95973959,0.9119883));
#783 = CARTESIAN_POINT('',(0.97618952,0.90167516));
#784 = ( GEOMETRIC_REPRESENTATION_CONTEXT(2) 
PARAMETRIC_REPRESENTATION_CONTEXT() REPRESENTATION_CONTEXT('2D SPACE',''
  ) );
#785 = ORIENTED_EDGE('',*,*,#786,.F.);
#786 = EDGE_CURVE('',#347,#757,#787,.T.);
#787 = SURFACE_CURVE('',#788,(#804,#810),.PCURVE_S1.);
#788 = B_SPLINE_CURVE_WITH_KNOTS('',14,(#789,#790,#791,#792,#793,#794,
    #795,#796,#797,#798,#799,#800,#801,#802,#803),.UNSPECIFIED.,.F.,.F.,
  (15,15),(0.,1.),.PIECEWISE_BEZIER_KNOTS.);
#789 = CARTESIAN_POINT('',(147.99729,24.427634,33.690855));
#790 = CARTESIAN_POINT('',(147.3944,24.419277,33.683703));
#791 = CARTESIAN_POINT('',(146.79151,24.410215,33.676551));
#792 = CARTESIAN_POINT('',(146.18864,24.400446,33.669399));
#793 = CARTESIAN_POINT('',(145.58577,24.38997,33.662247));
#794 = CARTESIAN_POINT('',(144.98292,24.378788,33.655095));
#795 = CARTESIAN_POINT('',(144.38008,24.3669,33.647943));
#796 = CARTESIAN_POINT('',(143.77726,24.354306,33.640791));
#797 = CARTESIAN_POINT('',(143.17445,24.341005,33.633639));
#798 = CARTESIAN_POINT('',(142.57165,24.326998,33.626487));
#799 = CARTESIAN_POINT('',(141.96887,24.312284,33.619335));
#800 = CARTESIAN_POINT('',(141.36612,24.296865,33.612183));
#801 = CARTESIAN_POINT('',(140.76337,24.280739,33.605031));
#802 = CARTESIAN_POINT('',(140.16065,24.263906,33.597879));
#803 = CARTESIAN_POINT('',(139.55795,24.246368,33.590727));
#804 = PCURVE('',#364,#805);
#805 = DEFINITIONAL_REPRESENTATION('',(#806),#809);
#806 = B_SPLINE_CURVE_WITH_KNOTS('',1,(#807,#808),.UNSPECIFIED.,.F.,.F.,
  (2,2),(0.,1.),.PIECEWISE_BEZIER_KNOTS.);
#807 = CARTESIAN_POINT('',(1.,0.));
#808 = CARTESIAN_POINT('',(0.,0.));
#809 = ( GEOMETRIC_REPRESENTATION_CONTEXT(2) 
PARAMETRIC_REPRESENTATION_CONTEXT() REPRESENTATION_CONTEXT('2D SPACE',''
  ) );
#810 = PCURVE('',#811,#842);
#811 = B_SPLINE_SURFACE_WITH_KNOTS('',14,1,(
    (#812,#813)
    ,(#814,#815)
    ,(#816,#817)
    ,(#818,#819)
    ,(#820,#821)
    ,(#822,#823)
    ,(#824,#825)
    ,(#826,#827)
    ,(#828,#829)
    ,(#830,#831)
    ,(#832,#833)
    ,(#834,#835)
    ,(#836,#837)
    ,(#838,#839)
    ,(#840,#841
    )),.UNSPECIFIED.,.F.,.F.,.F.,(15,15),(2,2),(0.,1.),(0.,1.),
  .PIECEWISE_BEZIER_KNOTS.);
#812 = CARTESIAN_POINT('',(147.99729,24.427634,33.690855));
#813 = CARTESIAN_POINT('',(147.99729,24.427634,18.));
#814 = CARTESIAN_POINT('',(147.3944,24.419277,33.683703));
#815 = CARTESIAN_POINT('',(147.3944,24.419277,18.));
#816 = CARTESIAN_POINT('',(146.79151,24.410215,33.676551));
#817 = CARTESIAN_POINT('',(146.79151,24.410215,18.));
#818 = CARTESIAN_POINT('',(146.18864,24.400446,33.669399));
#819 = CARTESIAN_POINT('',(146.18864,24.400446,18.));
#820 = CARTESIAN_POINT('',(145.58577,24.38997,33.662247));
#821 = CARTESIAN_POINT('',(145.58577,24.38997,18.));
#822 = CARTESIAN_POINT('',(144.98292,24.378788,33.655095));
#823 = CARTESIAN_POINT('',(144.98292,24.378788,18.));
#824 = CARTESIAN_POINT('',(144.38008,24.3669,33.647943));
#825 = CARTESIAN_POINT('',(144.38008,24.3669,18.));
#826 = CARTESIAN_POINT('',(143.77726,24.354306,33.640791));
#827 = CARTESIAN_POINT('',(143.77726,24.354306,18.));
#828 = CARTESIAN_POINT('',(143.17445,24.341005,33.633639));
#829 = CARTESIAN_POINT('',(143.17445,24.341005,18.));
#830 = CARTESIAN_POINT('',(142.57165,24.326998,33.626487));
#831 = CARTESIAN_POINT('',(142.57165,24.326998,18.));
#832 = CARTESIAN_POINT('',(141.96887,24.312284,33.619335));
#833 = CARTESIAN_POINT('',(141.96887,24.312284,18.));
#834 = CARTESIAN_POINT('',(141.36612,24.296865,33.612183));
#835 = CARTESIAN_POINT('',(141.36612,24.296865,18.));
#836 = CARTESIAN_POINT('',(140.76337,24.280739,33.605031));
#837 = CARTESIAN_POINT('',(140.76337,24.280739,18.));
#838 = CARTESIAN_POINT('',(140.16065,24.263906,33.597879));
#839 = CARTESIAN_POINT('',(140.16065,24.263906,18.));
#840 = CARTESIAN_POINT('',(139.55795,24.246368,33.590727));
#841 = CARTESIAN_POINT('',(139.55795,24.246368,18.));
#842 = DEFINITIONAL_REPRESENTATION('',(#843),#846);
#843 = B_SPLINE_CURVE_WITH_KNOTS('',1,(#844,#845),.UNSPECIFIED.,.F.,.F.,
  (2,2),(0.,1.),.PIECEWISE_BEZIER_KNOTS.);
#844 = CARTESIAN_POINT('',(0.,0.));
#845 = CARTESIAN_POINT('',(1.,0.));
#846 = ( GEOMETRIC_REPRESENTATION_CONTEXT(2) 
PARAMETRIC_REPRESENTATION_CONTEXT() REPRESENTATION_CONTEXT('2D SPACE',''
  ) );
#847 = ORIENTED_EDGE('',*,*,#346,.T.);
#848 = ADVANCED_FACE('',(#849),#864,.T.);
#849 = FACE_BOUND('',#850,.T.);
#850 = EDGE_LOOP('',(#851,#1155,#1188));
#851 = ORIENTED_EDGE('',*,*,#852,.F.);
#852 = EDGE_CURVE('',#853,#855,#857,.T.);
#853 = VERTEX_POINT('',#854);
#854 = CARTESIAN_POINT('',(97.682164,21.232235,33.690659));
#855 = VERTEX_POINT('',#856);
#856 = CARTESIAN_POINT('',(103.70891,17.286908,34.910133));
#857 = SURFACE_CURVE('',#858,(#863,#1026),.PCURVE_S1.);
#858 = B_SPLINE_CURVE_WITH_KNOTS('',3,(#859,#860,#861,#862),
  .UNSPECIFIED.,.F.,.F.,(4,4),(0.,1.),.PIECEWISE_BEZIER_KNOTS.);
#859 = CARTESIAN_POINT('',(97.682164,21.232235,33.690659));
#860 = CARTESIAN_POINT('',(99.634881,19.776412,34.135792));
#861 = CARTESIAN_POINT('',(101.64919,18.452364,34.544899));
#862 = CARTESIAN_POINT('',(103.70891,17.286908,34.910133));
#863 = PCURVE('',#864,#1021);
#864 = B_SPLINE_SURFACE_WITH_KNOTS('',11,12,(
    (#865,#866,#867,#868,#869,#870,#871,#872,#873,#874,#875,#876,#877)
    ,(#878,#879,#880,#881,#882,#883,#884,#885,#886,#887,#888,#889,#890)
    ,(#891,#892,#893,#894,#895,#896,#897,#898,#899,#900,#901,#902,#903)
    ,(#904,#905,#906,#907,#908,#909,#910,#911,#912,#913,#914,#915,#916)
    ,(#917,#918,#919,#920,#921,#922,#923,#924,#925,#926,#927,#928,#929)
    ,(#930,#931,#932,#933,#934,#935,#936,#937,#938,#939,#940,#941,#942)
    ,(#943,#944,#945,#946,#947,#948,#949,#950,#951,#952,#953,#954,#955)
    ,(#956,#957,#958,#959,#960,#961,#962,#963,#964,#965,#966,#967,#968)
    ,(#969,#970,#971,#972,#973,#974,#975,#976,#977,#978,#979,#980,#981)
    ,(#982,#983,#984,#985,#986,#987,#988,#989,#990,#991,#992,#993,#994)
    ,(#995,#996,#997,#998,#999,#1000,#1001,#1002,#1003,#1004,#1005,#1006
      ,#1007)
    ,(#1008,#1009,#1010,#1011,#1012,#1013,#1014,#1015,#1016,#1017,#1018
      ,#1019,#1020
    )),.UNSPECIFIED.,.F.,.F.,.F.,(12,12),(13,13),(0.,1.),(0.,1.),
  .PIECEWISE_BEZIER_KNOTS.);
#865 = CARTESIAN_POINT('',(97.287424,21.313941,33.660577));
#866 = CARTESIAN_POINT('',(97.825318,20.930572,33.778196));
#867 = CARTESIAN_POINT('',(98.367318,20.554648,33.893937));
#868 = CARTESIAN_POINT('',(98.903555,20.184107,34.007529));
#869 = CARTESIAN_POINT('',(99.462902,19.825437,34.119619));
#870 = CARTESIAN_POINT('',(99.982525,19.465032,34.228717));
#871 = CARTESIAN_POINT('',(100.56532,19.125321,34.337134));
#872 = CARTESIAN_POINT('',(101.08029,18.778292,34.441908));
#873 = CARTESIAN_POINT('',(101.65762,18.45179,34.545862));
#874 = CARTESIAN_POINT('',(102.19587,18.124547,34.646785));
#875 = CARTESIAN_POINT('',(102.75617,17.809473,34.745932));
#876 = CARTESIAN_POINT('',(103.31048,17.500895,34.842693));
#877 = CARTESIAN_POINT('',(103.86815,17.200868,34.937228));
#878 = CARTESIAN_POINT('',(98.235743,21.420052,33.647635));
#879 = CARTESIAN_POINT('',(98.674001,21.034694,33.764119));
#880 = CARTESIAN_POINT('',(99.112522,20.653512,33.879055));
#881 = CARTESIAN_POINT('',(99.578792,20.28281,33.993037));
#882 = CARTESIAN_POINT('',(99.991133,19.904815,34.104079));
#883 = CARTESIAN_POINT('',(100.5263,19.558391,34.216217));
#884 = CARTESIAN_POINT('',(100.89401,19.180852,34.32278));
#885 = CARTESIAN_POINT('',(101.46311,18.851681,34.431954));
#886 = CARTESIAN_POINT('',(101.86637,18.492945,34.535627));
#887 = CARTESIAN_POINT('',(102.38936,18.165135,34.63988));
#888 = CARTESIAN_POINT('',(102.85946,17.832424,34.741018));
#889 = CARTESIAN_POINT('',(103.35532,17.511369,34.840608));
#890 = CARTESIAN_POINT('',(103.85032,17.196764,34.938055));
#891 = CARTESIAN_POINT('',(99.184523,21.524233,33.635248));
#892 = CARTESIAN_POINT('',(99.523041,21.137208,33.750502));
#893 = CARTESIAN_POINT('',(99.857909,20.751033,33.864542));
#894 = CARTESIAN_POINT('',(100.25434,20.380528,33.978851));
#895 = CARTESIAN_POINT('',(100.519,19.983201,34.088737));
#896 = CARTESIAN_POINT('',(101.07014,19.6512,34.203897));
#897 = CARTESIAN_POINT('',(101.22279,19.235958,34.308543));
#898 = CARTESIAN_POINT('',(101.8456,18.924646,34.422052));
#899 = CARTESIAN_POINT('',(102.07497,18.533973,34.525447));
#900 = CARTESIAN_POINT('',(102.58273,18.205578,34.632983));
#901 = CARTESIAN_POINT('',(102.96269,17.855349,34.736108));
#902 = CARTESIAN_POINT('',(103.40013,17.521844,34.83852));
#903 = CARTESIAN_POINT('',(103.8325,17.192662,34.938883));
#904 = CARTESIAN_POINT('',(100.13377,21.626484,33.623416));
#905 = CARTESIAN_POINT('',(100.37224,21.238069,33.737339));
#906 = CARTESIAN_POINT('',(100.6031,20.847214,33.850408));
#907 = CARTESIAN_POINT('',(100.92716,20.47625,33.964825));
#908 = CARTESIAN_POINT('',(101.04907,20.061771,34.073789));
#909 = CARTESIAN_POINT('',(101.61176,19.742422,34.191587));
#910 = CARTESIAN_POINT('',(101.54833,19.289923,34.294349));
#911 = CARTESIAN_POINT('',(102.22837,18.997866,34.412336));
#912 = CARTESIAN_POINT('',(102.28268,18.57409,34.515168));
#913 = CARTESIAN_POINT('',(102.77482,18.245976,34.626142));
#914 = CARTESIAN_POINT('',(103.06503,17.877984,34.731164));
#915 = CARTESIAN_POINT('',(103.44473,17.532284,34.836426));
#916 = CARTESIAN_POINT('',(103.81469,17.188564,34.939712));
#917 = CARTESIAN_POINT('',(101.08349,21.726803,33.61214));
#918 = CARTESIAN_POINT('',(101.22225,21.337425,33.724648));
#919 = CARTESIAN_POINT('',(101.35006,20.942117,33.836618));
#920 = CARTESIAN_POINT('',(101.60951,20.574133,33.951567));
#921 = CARTESIAN_POINT('',(101.57007,20.135418,34.058399));
#922 = CARTESIAN_POINT('',(102.16085,19.836476,34.180012));
#923 = CARTESIAN_POINT('',(101.88445,19.345727,34.280507));
#924 = CARTESIAN_POINT('',(102.60862,19.068404,34.402235));
#925 = CARTESIAN_POINT('',(102.49254,18.616621,34.505441));
#926 = CARTESIAN_POINT('',(102.96979,18.285722,34.619123));
#927 = CARTESIAN_POINT('',(103.17037,17.901544,34.726358));
#928 = CARTESIAN_POINT('',(103.48974,17.542808,34.834337));
#929 = CARTESIAN_POINT('',(103.79691,17.184469,34.940542));
#930 = CARTESIAN_POINT('',(102.03366,21.825187,33.601418));
#931 = CARTESIAN_POINT('',(102.07191,21.435009,33.712398));
#932 = CARTESIAN_POINT('',(102.09336,21.035556,33.823266));
#933 = CARTESIAN_POINT('',(102.27227,20.663806,33.937525));
#934 = CARTESIAN_POINT('',(102.11301,20.218129,34.044857));
#935 = CARTESIAN_POINT('',(102.69231,19.921593,34.167221));
#936 = CARTESIAN_POINT('',(102.19751,19.396135,34.266266));
#937 = CARTESIAN_POINT('',(102.99532,19.14456,34.39334));
#938 = CARTESIAN_POINT('',(102.6965,18.652531,34.494489));
#939 = CARTESIAN_POINT('',(103.16049,18.327397,34.612669));
#940 = CARTESIAN_POINT('',(103.26804,17.922723,34.721226));
#941 = CARTESIAN_POINT('',(103.5341,17.553211,34.832234));
#942 = CARTESIAN_POINT('',(103.77914,17.180375,34.941372));
#943 = CARTESIAN_POINT('',(102.98426,21.921632,33.591252));
#944 = CARTESIAN_POINT('',(102.92243,21.531099,33.700621));
#945 = CARTESIAN_POINT('',(102.8444,21.128119,33.810197));
#946 = CARTESIAN_POINT('',(102.96368,20.763439,33.925489));
#947 = CARTESIAN_POINT('',(102.61955,20.283384,34.028799));
#948 = CARTESIAN_POINT('',(103.25299,20.020039,34.156929));
#949 = CARTESIAN_POINT('',(102.54541,19.453584,34.252918));
#950 = CARTESIAN_POINT('',(103.37031,19.210254,34.38258));
#951 = CARTESIAN_POINT('',(102.91078,18.69931,34.485744));
#952 = CARTESIAN_POINT('',(103.35354,18.364583,34.605206));
#953 = CARTESIAN_POINT('',(103.37939,17.948015,34.716667));
#954 = CARTESIAN_POINT('',(103.5789,17.563706,34.830137));
#955 = CARTESIAN_POINT('',(103.76137,17.176281,34.942202));
#956 = CARTESIAN_POINT('',(103.93529,22.016131,33.58164));
#957 = CARTESIAN_POINT('',(103.77358,21.625639,33.689311));
#958 = CARTESIAN_POINT('',(103.58468,21.218395,33.797564));
#959 = CARTESIAN_POINT('',(103.62755,20.850148,33.911829));
#960 = CARTESIAN_POINT('',(103.17081,20.368119,34.016316));
#961 = CARTESIAN_POINT('',(103.77975,20.101219,34.143993));
#962 = CARTESIAN_POINT('',(102.85686,19.502778,34.238874));
#963 = CARTESIAN_POINT('',(103.76103,19.28839,34.374297));
#964 = CARTESIAN_POINT('',(103.11261,18.732511,34.474406));
#965 = CARTESIAN_POINT('',(103.5503,18.408432,34.59915));
#966 = CARTESIAN_POINT('',(103.47224,17.967902,34.711387));
#967 = CARTESIAN_POINT('',(103.62396,17.574263,34.828043));
#968 = CARTESIAN_POINT('',(103.74359,17.172184,34.943033));
#969 = CARTESIAN_POINT('',(104.88671,22.108679,33.572582));
#970 = CARTESIAN_POINT('',(104.62419,21.718358,33.678437));
#971 = CARTESIAN_POINT('',(104.33827,21.308974,33.785335));
#972 = CARTESIAN_POINT('',(104.30926,20.944684,33.899977));
#973 = CARTESIAN_POINT('',(103.68414,20.434566,34.001168));
#974 = CARTESIAN_POINT('',(104.33671,20.196385,34.133682));
#975 = CARTESIAN_POINT('',(103.19693,19.557676,34.225585));
#976 = CARTESIAN_POINT('',(104.13874,19.355334,34.364018));
#977 = CARTESIAN_POINT('',(103.32584,18.777323,34.465414));
#978 = CARTESIAN_POINT('',(103.7377,18.44511,34.591787));
#979 = CARTESIAN_POINT('',(103.58438,17.993095,34.706803));
#980 = CARTESIAN_POINT('',(103.66821,17.58467,34.825933));
#981 = CARTESIAN_POINT('',(103.72579,17.168079,34.943864));
#982 = CARTESIAN_POINT('',(105.83852,22.199271,33.564078));
#983 = CARTESIAN_POINT('',(105.47597,21.809657,33.668046));
#984 = CARTESIAN_POINT('',(105.08107,21.396488,33.77337));
#985 = CARTESIAN_POINT('',(104.9855,21.034141,33.887678));
#986 = CARTESIAN_POINT('',(104.21995,20.510192,33.987888));
#987 = CARTESIAN_POINT('',(104.87731,20.282893,34.122178));
#988 = CARTESIAN_POINT('',(103.52301,19.609138,34.212102));
#989 = CARTESIAN_POINT('',(104.52408,19.428164,34.35498));
#990 = CARTESIAN_POINT('',(103.53381,18.815646,34.455205));
#991 = CARTESIAN_POINT('',(103.93432,18.486501,34.585265));
#992 = CARTESIAN_POINT('',(103.68218,18.014583,34.701769));
#993 = CARTESIAN_POINT('',(103.71318,17.595219,34.823833));
#994 = CARTESIAN_POINT('',(103.70794,17.163965,34.944694));
#995 = CARTESIAN_POINT('',(106.7907,22.287904,33.556128));
#996 = CARTESIAN_POINT('',(106.32815,21.899346,33.658115));
#997 = CARTESIAN_POINT('',(105.82994,21.483855,33.761893));
#998 = CARTESIAN_POINT('',(105.65998,21.122572,33.875728));
#999 = CARTESIAN_POINT('',(104.75532,20.584049,33.97464));
#1000 = CARTESIAN_POINT('',(105.42297,20.370608,34.111116));
#1001 = CARTESIAN_POINT('',(103.85018,19.660404,34.198761));
#1002 = CARTESIAN_POINT('',(104.91048,19.500199,34.345879));
#1003 = CARTESIAN_POINT('',(103.74567,18.85548,34.445311));
#1004 = CARTESIAN_POINT('',(104.12667,18.526471,34.578574));
#1005 = CARTESIAN_POINT('',(103.78614,18.037444,34.696892));
#1006 = CARTESIAN_POINT('',(103.75825,17.605807,34.821735));
#1007 = CARTESIAN_POINT('',(103.69004,17.159838,34.945523));
#1008 = CARTESIAN_POINT('',(107.74323,22.374576,33.548731));
#1009 = CARTESIAN_POINT('',(107.18078,21.987437,33.648645));
#1010 = CARTESIAN_POINT('',(106.57889,21.569773,33.750765));
#1011 = CARTESIAN_POINT('',(106.3394,21.21134,33.864262));
#1012 = CARTESIAN_POINT('',(105.28565,20.655334,33.961361));
#1013 = CARTESIAN_POINT('',(105.9698,20.458513,34.100371));
#1014 = CARTESIAN_POINT('',(104.18219,19.712273,34.185645));
#1015 = CARTESIAN_POINT('',(105.29502,19.570999,34.33669));
#1016 = CARTESIAN_POINT('',(103.9558,18.895443,34.435566));
#1017 = CARTESIAN_POINT('',(104.32176,18.566588,34.571881));
#1018 = CARTESIAN_POINT('',(103.8904,18.060445,34.692046));
#1019 = CARTESIAN_POINT('',(103.80341,17.616421,34.819637));
#1020 = CARTESIAN_POINT('',(103.67209,17.155698,34.946351));
#1021 = DEFINITIONAL_REPRESENTATION('',(#1022),#1025);
#1022 = B_SPLINE_CURVE_WITH_KNOTS('',1,(#1023,#1024),.UNSPECIFIED.,.F.,
  .F.,(2,2),(0.,1.),.PIECEWISE_BEZIER_KNOTS.);
#1023 = CARTESIAN_POINT('',(2.3810476E-02,2.3810476E-02));
#1024 = CARTESIAN_POINT('',(2.3810476E-02,0.97618952));
#1025 = ( GEOMETRIC_REPRESENTATION_CONTEXT(2) 
PARAMETRIC_REPRESENTATION_CONTEXT() REPRESENTATION_CONTEXT('2D SPACE',''
  ) );
#1026 = PCURVE('',#1027,#1148);
#1027 = B_SPLINE_SURFACE_WITH_KNOTS('',9,11,(
    (#1028,#1029,#1030,#1031,#1032,#1033,#1034,#1035,#1036,#1037,#1038
      ,#1039)
    ,(#1040,#1041,#1042,#1043,#1044,#1045,#1046,#1047,#1048,#1049,#1050
      ,#1051)
    ,(#1052,#1053,#1054,#1055,#1056,#1057,#1058,#1059,#1060,#1061,#1062
      ,#1063)
    ,(#1064,#1065,#1066,#1067,#1068,#1069,#1070,#1071,#1072,#1073,#1074
      ,#1075)
    ,(#1076,#1077,#1078,#1079,#1080,#1081,#1082,#1083,#1084,#1085,#1086
      ,#1087)
    ,(#1088,#1089,#1090,#1091,#1092,#1093,#1094,#1095,#1096,#1097,#1098
      ,#1099)
    ,(#1100,#1101,#1102,#1103,#1104,#1105,#1106,#1107,#1108,#1109,#1110
      ,#1111)
    ,(#1112,#1113,#1114,#1115,#1116,#1117,#1118,#1119,#1120,#1121,#1122
      ,#1123)
    ,(#1124,#1125,#1126,#1127,#1128,#1129,#1130,#1131,#1132,#1133,#1134
      ,#1135)
    ,(#1136,#1137,#1138,#1139,#1140,#1141,#1142,#1143,#1144,#1145,#1146
      ,#1147
  )),.UNSPECIFIED.,.F.,.F.,.F.,(10,10),(12,12),(0.,1.),(0.,1.),
  .PIECEWISE_BEZIER_KNOTS.);
#1028 = CARTESIAN_POINT('',(115.99969,-15.08632,27.851786));
#1029 = CARTESIAN_POINT('',(116.44402,-11.913881,28.283501));
#1030 = CARTESIAN_POINT('',(116.77004,-8.7441112,28.845214));
#1031 = CARTESIAN_POINT('',(116.98561,-5.5745844,29.537516));
#1032 = CARTESIAN_POINT('',(117.05585,-2.4165539,30.369482));
#1033 = CARTESIAN_POINT('',(117.09163,0.75423842,31.324646));
#1034 = CARTESIAN_POINT('',(116.88204,3.9039986,32.44663));
#1035 = CARTESIAN_POINT('',(116.68077,7.0604304,33.693835));
#1036 = CARTESIAN_POINT('',(116.29847,10.211462,35.117185));
#1037 = CARTESIAN_POINT('',(115.83165,13.359099,36.708423));
#1038 = CARTESIAN_POINT('',(115.2522,16.504621,38.496435));
#1039 = CARTESIAN_POINT('',(114.56953,19.647115,40.508253));
#1040 = CARTESIAN_POINT('',(113.98786,-14.559492,27.526671));
#1041 = CARTESIAN_POINT('',(114.41863,-11.429438,27.976003));
#1042 = CARTESIAN_POINT('',(114.73247,-8.3029252,28.551748));
#1043 = CARTESIAN_POINT('',(114.9376,-5.1767041,29.254375));
#1044 = CARTESIAN_POINT('',(114.9973,-2.0642537,30.092748));
#1045 = CARTESIAN_POINT('',(115.03029,1.0652519,31.049503));
#1046 = CARTESIAN_POINT('',(114.80667,4.1675015,32.171032));
#1047 = CARTESIAN_POINT('',(114.60908,7.2824577,33.4099));
#1048 = CARTESIAN_POINT('',(114.22172,10.389488,34.823205));
#1049 = CARTESIAN_POINT('',(113.7553,13.494544,36.398118));
#1050 = CARTESIAN_POINT('',(113.17734,16.598304,38.165167));
#1051 = CARTESIAN_POINT('',(112.49825,19.700156,40.150781));
#1052 = CARTESIAN_POINT('',(111.99286,-14.038273,27.089001));
#1053 = CARTESIAN_POINT('',(112.41047,-10.945302,27.555742));
#1054 = CARTESIAN_POINT('',(112.71264,-7.8565363,28.145553));
#1055 = CARTESIAN_POINT('',(112.90647,-4.7686662,28.859096));
#1056 = CARTESIAN_POINT('',(112.96018,-1.6944124,29.70369));
#1057 = CARTESIAN_POINT('',(112.98148,1.3960345,30.664474));
#1058 = CARTESIAN_POINT('',(112.75455,4.4609062,31.785412));
#1059 = CARTESIAN_POINT('',(112.55322,7.5359869,33.018326));
#1060 = CARTESIAN_POINT('',(112.16438,10.607953,34.423646));
#1061 = CARTESIAN_POINT('',(111.69704,13.674708,35.984571));
#1062 = CARTESIAN_POINT('',(111.12048,16.742824,37.733594));
#1063 = CARTESIAN_POINT('',(110.44466,19.809828,39.696346));
#1064 = CARTESIAN_POINT('',(110.02144,-13.524448,26.539838));
#1065 = CARTESIAN_POINT('',(110.42636,-10.463097,27.02373));
#1066 = CARTESIAN_POINT('',(110.71745,-7.4069929,27.627383));
#1067 = CARTESIAN_POINT('',(110.89902,-4.3490256,28.353354));
#1068 = CARTESIAN_POINT('',(110.95243,-1.3163132,29.201123));
#1069 = CARTESIAN_POINT('',(110.94981,1.7604451,30.173972));
#1070 = CARTESIAN_POINT('',(110.7351,4.7645517,31.286661));
#1071 = CARTESIAN_POINT('',(110.51898,7.8363261,32.523161));
#1072 = CARTESIAN_POINT('',(110.13382,10.857219,33.917812));
#1073 = CARTESIAN_POINT('',(109.66337,13.901829,35.469351));
#1074 = CARTESIAN_POINT('',(109.08871,16.938205,37.202866));
#1075 = CARTESIAN_POINT('',(108.41576,19.976042,39.146144));
#1076 = CARTESIAN_POINT('',(108.08024,-13.019764,25.880776));
#1077 = CARTESIAN_POINT('',(108.473,-9.9844682,26.381484));
#1078 = CARTESIAN_POINT('',(108.75301,-6.9537071,26.999556));
#1079 = CARTESIAN_POINT('',(108.92452,-3.9289484,27.735556));
#1080 = CARTESIAN_POINT('',(108.97449,-0.90367206,28.593574));
#1081 = CARTESIAN_POINT('',(108.9482,2.1095797,29.570164));
#1082 = CARTESIAN_POINT('',(108.75417,5.1352264,30.685032));
#1083 = CARTESIAN_POINT('',(108.51244,8.1345002,31.919147));
#1084 = CARTESIAN_POINT('',(108.13679,11.164264,33.311357));
#1085 = CARTESIAN_POINT('',(107.66276,14.167073,34.852422));
#1086 = CARTESIAN_POINT('',(107.08854,17.182811,36.574329));
#1087 = CARTESIAN_POINT('',(106.41844,20.198247,38.501769));
#1088 = CARTESIAN_POINT('',(106.17578,-12.525934,25.113918));
#1089 = CARTESIAN_POINT('',(106.55694,-9.5110329,25.631048));
#1090 = CARTESIAN_POINT('',(106.82674,-6.5023079,26.262614));
#1091 = CARTESIAN_POINT('',(106.98949,-3.4924443,27.011231));
#1092 = CARTESIAN_POINT('',(107.02834,-0.50549035,27.875748));
#1093 = CARTESIAN_POINT('',(107.00122,2.5203305,28.861811));
#1094 = CARTESIAN_POINT('',(106.79471,5.478159,29.975423));
#1095 = CARTESIAN_POINT('',(106.5546,8.5091551,31.215492));
#1096 = CARTESIAN_POINT('',(106.17781,11.478619,32.599709));
#1097 = CARTESIAN_POINT('',(105.69805,14.48382,34.138375));
#1098 = CARTESIAN_POINT('',(105.12743,17.478053,35.850377));
#1099 = CARTESIAN_POINT('',(104.45947,20.475715,37.765258));
#1100 = CARTESIAN_POINT('',(104.3144,-12.044626,24.241853));
#1101 = CARTESIAN_POINT('',(104.68455,-9.0443653,24.774972));
#1102 = CARTESIAN_POINT('',(104.94411,-6.049182,25.420824));
#1103 = CARTESIAN_POINT('',(105.09851,-3.0606699,26.179719));
#1104 = CARTESIAN_POINT('',(105.13044,-6.9441814E-02,27.056212));
#1105 = CARTESIAN_POINT('',(105.09311,2.9049541,28.045873));
#1106 = CARTESIAN_POINT('',(104.88501,5.8992092,29.167841));
#1107 = CARTESIAN_POINT('',(104.64703,8.865974,30.405504));
#1108 = CARTESIAN_POINT('',(104.25471,11.858385,31.793803));
#1109 = CARTESIAN_POINT('',(103.78424,14.835405,33.326211));
#1110 = CARTESIAN_POINT('',(103.21143,17.819737,35.032776));
#1111 = CARTESIAN_POINT('',(102.54551,20.807648,36.939102));
#1112 = CARTESIAN_POINT('',(102.50228,-11.577464,23.267623));
#1113 = CARTESIAN_POINT('',(102.86201,-8.5860013,23.816281));
#1114 = CARTESIAN_POINT('',(103.11288,-5.6003787,24.475447));
#1115 = CARTESIAN_POINT('',(103.25583,-2.618235,25.247223));
#1116 = CARTESIAN_POINT('',(103.29013,0.35770305,26.130881));
#1117 = CARTESIAN_POINT('',(103.2267,3.3344967,27.132942));
#1118 = CARTESIAN_POINT('',(103.04247,6.3076486,28.254936));
#1119 = CARTESIAN_POINT('',(102.77426,9.2789799,29.50214));
#1120 = CARTESIAN_POINT('',(102.39572,12.25703,30.888148));
#1121 = CARTESIAN_POINT('',(101.9184,15.230045,32.421398));
#1122 = CARTESIAN_POINT('',(101.34734,18.209833,34.125077));
#1123 = CARTESIAN_POINT('',(100.68304,21.193132,36.026218));
#1124 = CARTESIAN_POINT('',(100.74541,-11.126025,22.194692));
#1125 = CARTESIAN_POINT('',(101.09533,-8.1374715,22.758412));
#1126 = CARTESIAN_POINT('',(101.33744,-5.1546723,23.431115));
#1127 = CARTESIAN_POINT('',(101.47278,-2.1760362,24.214262));
#1128 = CARTESIAN_POINT('',(101.50099,0.79848096,25.109076));
#1129 = CARTESIAN_POINT('',(101.42889,3.7720294,26.1192));
#1130 = CARTESIAN_POINT('',(101.24538,6.7433536,27.248234));
#1131 = CARTESIAN_POINT('',(100.97021,9.7155483,28.501816));
#1132 = CARTESIAN_POINT('',(100.58926,12.690143,29.890553));
#1133 = CARTESIAN_POINT('',(100.11262,15.66562,31.426384));
#1134 = CARTESIAN_POINT('',(99.541416,18.646,33.130256));
#1135 = CARTESIAN_POINT('',(98.878257,21.630929,35.029881));
#1136 = CARTESIAN_POINT('',(99.049587,-10.691835,21.026908));
#1137 = CARTESIAN_POINT('',(99.390391,-7.7003606,21.605123));
#1138 = CARTESIAN_POINT('',(99.624383,-4.7144633,22.291089));
#1139 = CARTESIAN_POINT('',(99.752383,-1.7328737,23.086006));
#1140 = CARTESIAN_POINT('',(99.775474,1.2457001,23.991828));
#1141 = CARTESIAN_POINT('',(99.694968,4.2225699,25.011356));
#1142 = CARTESIAN_POINT('',(99.512394,7.1990558,26.148654));
#1143 = CARTESIAN_POINT('',(99.229488,10.176465,27.409794));
#1144 = CARTESIAN_POINT('',(98.848197,13.156061,28.80393));
#1145 = CARTESIAN_POINT('',(98.370693,16.139027,30.34469));
#1146 = CARTESIAN_POINT('',(97.7994,19.126417,32.051898));
#1147 = CARTESIAN_POINT('',(97.137026,22.119097,33.953623));
#1148 = DEFINITIONAL_REPRESENTATION('',(#1149),#1154);
#1149 = B_SPLINE_CURVE_WITH_KNOTS('',3,(#1150,#1151,#1152,#1153),
  .UNSPECIFIED.,.F.,.F.,(4,4),(0.,1.),.PIECEWISE_BEZIER_KNOTS.);
#1150 = CARTESIAN_POINT('',(0.97618764,0.97618933));
#1151 = CARTESIAN_POINT('',(0.86578497,0.94633041));
#1152 = CARTESIAN_POINT('',(0.75503978,0.91835584));
#1153 = CARTESIAN_POINT('',(0.64369944,0.89363739));
#1154 = ( GEOMETRIC_REPRESENTATION_CONTEXT(2) 
PARAMETRIC_REPRESENTATION_CONTEXT() REPRESENTATION_CONTEXT('2D SPACE',''
  ) );
#1155 = ORIENTED_EDGE('',*,*,#1156,.T.);
#1156 = EDGE_CURVE('',#853,#1157,#1159,.T.);
#1157 = VERTEX_POINT('',#1158);
#1158 = CARTESIAN_POINT('',(107.34006,22.240205,33.579488));
#1159 = SURFACE_CURVE('',#1160,(#1165,#1171),.PCURVE_S1.);
#1160 = B_SPLINE_CURVE_WITH_KNOTS('',3,(#1161,#1162,#1163,#1164),
  .UNSPECIFIED.,.F.,.F.,(4,4),(0.,1.),.PIECEWISE_BEZIER_KNOTS.);
#1161 = CARTESIAN_POINT('',(97.682164,21.232235,33.690659));
#1162 = CARTESIAN_POINT('',(100.8945,21.598908,33.644821));
#1163 = CARTESIAN_POINT('',(104.11399,21.934989,33.607764));
#1164 = CARTESIAN_POINT('',(107.34006,22.240205,33.579488));
#1165 = PCURVE('',#864,#1166);
#1166 = DEFINITIONAL_REPRESENTATION('',(#1167),#1170);
#1167 = B_SPLINE_CURVE_WITH_KNOTS('',1,(#1168,#1169),.UNSPECIFIED.,.F.,
  .F.,(2,2),(0.,1.),.PIECEWISE_BEZIER_KNOTS.);
#1168 = CARTESIAN_POINT('',(2.3810476E-02,2.3810476E-02));
#1169 = CARTESIAN_POINT('',(0.97618952,2.3810476E-02));
#1170 = ( GEOMETRIC_REPRESENTATION_CONTEXT(2) 
PARAMETRIC_REPRESENTATION_CONTEXT() REPRESENTATION_CONTEXT('2D SPACE',''
  ) );
#1171 = PCURVE('',#1172,#1183);
#1172 = B_SPLINE_SURFACE_WITH_KNOTS('',4,1,(
    (#1173,#1174)
    ,(#1175,#1176)
    ,(#1177,#1178)
    ,(#1179,#1180)
    ,(#1181,#1182
    )),.UNSPECIFIED.,.F.,.F.,.F.,(5,5),(2,2),(0.,1.),(0.,1.),
  .PIECEWISE_BEZIER_KNOTS.);
#1173 = CARTESIAN_POINT('',(107.34011,22.240211,33.579472));
#1174 = CARTESIAN_POINT('',(107.34011,22.240211,18.));
#1175 = CARTESIAN_POINT('',(104.92055,22.011297,33.600683));
#1176 = CARTESIAN_POINT('',(104.92055,22.011297,18.));
#1177 = CARTESIAN_POINT('',(102.50427,21.766952,33.626285));
#1178 = CARTESIAN_POINT('',(102.50427,21.766952,18.));
#1179 = CARTESIAN_POINT('',(100.09143,21.507241,33.656276));
#1180 = CARTESIAN_POINT('',(100.09143,21.507241,18.));
#1181 = CARTESIAN_POINT('',(97.682164,21.232235,33.690659));
#1182 = CARTESIAN_POINT('',(97.682164,21.232235,18.));
#1183 = DEFINITIONAL_REPRESENTATION('',(#1184),#1187);
#1184 = B_SPLINE_CURVE_WITH_KNOTS('',1,(#1185,#1186),.UNSPECIFIED.,.F.,
  .F.,(2,2),(0.,1.),.PIECEWISE_BEZIER_KNOTS.);
#1185 = CARTESIAN_POINT('',(1.,0.));
#1186 = CARTESIAN_POINT('',(0.,0.));
#1187 = ( GEOMETRIC_REPRESENTATION_CONTEXT(2) 
PARAMETRIC_REPRESENTATION_CONTEXT() REPRESENTATION_CONTEXT('2D SPACE',''
  ) );
#1188 = ORIENTED_EDGE('',*,*,#1189,.T.);
#1189 = EDGE_CURVE('',#1157,#855,#1190,.T.);
#1190 = SURFACE_CURVE('',#1191,(#1197,#1203),.PCURVE_S1.);
#1191 = B_SPLINE_CURVE_WITH_KNOTS('',4,(#1192,#1193,#1194,#1195,#1196),
  .UNSPECIFIED.,.F.,.F.,(5,5),(0.,1.),.PIECEWISE_BEZIER_KNOTS.);
#1192 = CARTESIAN_POINT('',(107.34006,22.240205,33.579488));
#1193 = CARTESIAN_POINT('',(105.80334,21.116365,33.868612));
#1194 = CARTESIAN_POINT('',(104.69229,19.879002,34.197288));
#1195 = CARTESIAN_POINT('',(104.02812,18.584951,34.55011));
#1196 = CARTESIAN_POINT('',(103.70891,17.286908,34.910133));
#1197 = PCURVE('',#864,#1198);
#1198 = DEFINITIONAL_REPRESENTATION('',(#1199),#1202);
#1199 = B_SPLINE_CURVE_WITH_KNOTS('',1,(#1200,#1201),.UNSPECIFIED.,.F.,
  .F.,(2,2),(0.,1.),.PIECEWISE_BEZIER_KNOTS.);
#1200 = CARTESIAN_POINT('',(0.97618952,2.3810476E-02));
#1201 = CARTESIAN_POINT('',(0.97618952,0.97618952));
#1202 = ( GEOMETRIC_REPRESENTATION_CONTEXT(2) 
PARAMETRIC_REPRESENTATION_CONTEXT() REPRESENTATION_CONTEXT('2D SPACE',''
  ) );
#1203 = PCURVE('',#195,#1204);
#1204 = DEFINITIONAL_REPRESENTATION('',(#1205),#1215);
#1205 = B_SPLINE_CURVE_WITH_KNOTS('',8,(#1206,#1207,#1208,#1209,#1210,
    #1211,#1212,#1213,#1214),.UNSPECIFIED.,.F.,.F.,(9,9),(0.,1.),
  .PIECEWISE_BEZIER_KNOTS.);
#1206 = CARTESIAN_POINT('',(0.19570955,0.94707073));
#1207 = CARTESIAN_POINT('',(0.17268541,0.93344355));
#1208 = CARTESIAN_POINT('',(0.15003945,0.91891233));
#1209 = CARTESIAN_POINT('',(0.12780184,0.90355601));
#1210 = CARTESIAN_POINT('',(0.10600281,0.88746601));
#1211 = CARTESIAN_POINT('',(8.4672942E-02,0.87074576));
#1212 = CARTESIAN_POINT('',(6.3843373E-02,0.85350946));
#1213 = CARTESIAN_POINT('',(4.3545584E-02,0.83587949));
#1214 = CARTESIAN_POINT('',(2.3810476E-02,0.81798169));
#1215 = ( GEOMETRIC_REPRESENTATION_CONTEXT(2) 
PARAMETRIC_REPRESENTATION_CONTEXT() REPRESENTATION_CONTEXT('2D SPACE',''
  ) );
#1216 = ADVANCED_FACE('',(#1217),#195,.F.);
#1217 = FACE_BOUND('',#1218,.T.);
#1218 = EDGE_LOOP('',(#1219,#1220,#1250,#1461,#1494,#1524,#1525,#1577,
    #1625));
#1219 = ORIENTED_EDGE('',*,*,#21,.F.);
#1220 = ORIENTED_EDGE('',*,*,#1221,.F.);
#1221 = EDGE_CURVE('',#1222,#22,#1224,.T.);
#1222 = VERTEX_POINT('',#1223);
#1223 = CARTESIAN_POINT('',(125.49378,-14.256747,23.421041));
#1224 = SURFACE_CURVE('',#1225,(#1232,#1244),.PCURVE_S1.);
#1225 = B_SPLINE_CURVE_WITH_KNOTS('',5,(#1226,#1227,#1228,#1229,#1230,
    #1231),.UNSPECIFIED.,.F.,.F.,(6,6),(0.,1.),
  .PIECEWISE_BEZIER_KNOTS.);
#1226 = CARTESIAN_POINT('',(125.49378,-14.256747,23.421041));
#1227 = CARTESIAN_POINT('',(127.6804,-14.905845,23.222346));
#1228 = CARTESIAN_POINT('',(129.9029,-15.167356,23.521697));
#1229 = CARTESIAN_POINT('',(131.9681,-14.986161,24.333605));
#1230 = CARTESIAN_POINT('',(133.62637,-14.312905,25.650173));
#1231 = CARTESIAN_POINT('',(135.05683,-13.236277,27.409982));
#1232 = PCURVE('',#195,#1233);
#1233 = DEFINITIONAL_REPRESENTATION('',(#1234),#1243);
#1234 = B_SPLINE_CURVE_WITH_KNOTS('',7,(#1235,#1236,#1237,#1238,#1239,
    #1240,#1241,#1242),.UNSPECIFIED.,.F.,.F.,(8,8),(0.,1.),
  .PIECEWISE_BEZIER_KNOTS.);
#1235 = CARTESIAN_POINT('',(0.49962621,2.4011829E-02));
#1236 = CARTESIAN_POINT('',(0.56743916,2.2737865E-02));
#1237 = CARTESIAN_POINT('',(0.63521196,2.6159864E-02));
#1238 = CARTESIAN_POINT('',(0.70298925,3.4399609E-02));
#1239 = CARTESIAN_POINT('',(0.77084716,4.7591281E-02));
#1240 = CARTESIAN_POINT('',(0.83889551,6.5828425E-02));
#1241 = CARTESIAN_POINT('',(0.90729653,8.9012701E-02));
#1242 = CARTESIAN_POINT('',(0.97618952,0.1161818));
#1243 = ( GEOMETRIC_REPRESENTATION_CONTEXT(2) 
PARAMETRIC_REPRESENTATION_CONTEXT() REPRESENTATION_CONTEXT('2D SPACE',''
  ) );
#1244 = PCURVE('',#566,#1245);
#1245 = DEFINITIONAL_REPRESENTATION('',(#1246),#1249);
#1246 = B_SPLINE_CURVE_WITH_KNOTS('',1,(#1247,#1248),.UNSPECIFIED.,.F.,
  .F.,(2,2),(0.,1.),.PIECEWISE_BEZIER_KNOTS.);
#1247 = CARTESIAN_POINT('',(2.3810476E-02,0.97618952));
#1248 = CARTESIAN_POINT('',(0.97618952,0.97618952));
#1249 = ( GEOMETRIC_REPRESENTATION_CONTEXT(2) 
PARAMETRIC_REPRESENTATION_CONTEXT() REPRESENTATION_CONTEXT('2D SPACE',''
  ) );
#1250 = ORIENTED_EDGE('',*,*,#1251,.T.);
#1251 = EDGE_CURVE('',#1222,#1252,#1254,.T.);
#1252 = VERTEX_POINT('',#1253);
#1253 = CARTESIAN_POINT('',(116.30478,-7.6810456,29.10033));
#1254 = SURFACE_CURVE('',#1255,(#1262,#1274),.PCURVE_S1.);
#1255 = B_SPLINE_CURVE_WITH_KNOTS('',5,(#1256,#1257,#1258,#1259,#1260,
    #1261),.UNSPECIFIED.,.F.,.F.,(6,6),(0.,1.),
  .PIECEWISE_BEZIER_KNOTS.);
#1256 = CARTESIAN_POINT('',(125.49378,-14.256747,23.421041));
#1257 = CARTESIAN_POINT('',(123.30758,-13.607786,23.619703));
#1258 = CARTESIAN_POINT('',(121.15691,-12.57159,24.316371));
#1259 = CARTESIAN_POINT('',(119.24386,-11.206357,25.493417));
#1260 = CARTESIAN_POINT('',(117.70113,-9.5738776,27.112431));
#1261 = CARTESIAN_POINT('',(116.30478,-7.6810456,29.10033));
#1262 = PCURVE('',#195,#1263);
#1263 = DEFINITIONAL_REPRESENTATION('',(#1264),#1273);
#1264 = B_SPLINE_CURVE_WITH_KNOTS('',7,(#1265,#1266,#1267,#1268,#1269,
    #1270,#1271,#1272),.UNSPECIFIED.,.F.,.F.,(8,8),(0.,1.),
  .PIECEWISE_BEZIER_KNOTS.);
#1265 = CARTESIAN_POINT('',(0.49962621,2.4011829E-02));
#1266 = CARTESIAN_POINT('',(0.43181327,2.5285793E-02));
#1267 = CARTESIAN_POINT('',(0.36396018,3.1255721E-02));
#1268 = CARTESIAN_POINT('',(0.2960223,4.1799833E-02));
#1269 = CARTESIAN_POINT('',(0.22798647,5.680875E-02));
#1270 = CARTESIAN_POINT('',(0.15986876,7.6238538E-02));
#1271 = CARTESIAN_POINT('',(9.1728704E-02,0.10006554));
#1272 = CARTESIAN_POINT('',(2.3810476E-02,0.12856565));
#1273 = ( GEOMETRIC_REPRESENTATION_CONTEXT(2) 
PARAMETRIC_REPRESENTATION_CONTEXT() REPRESENTATION_CONTEXT('2D SPACE',''
  ) );
#1274 = PCURVE('',#1275,#1456);
#1275 = B_SPLINE_SURFACE_WITH_KNOTS('',14,11,(
    (#1276,#1277,#1278,#1279,#1280,#1281,#1282,#1283,#1284,#1285,#1286
      ,#1287)
    ,(#1288,#1289,#1290,#1291,#1292,#1293,#1294,#1295,#1296,#1297,#1298
      ,#1299)
    ,(#1300,#1301,#1302,#1303,#1304,#1305,#1306,#1307,#1308,#1309,#1310
      ,#1311)
    ,(#1312,#1313,#1314,#1315,#1316,#1317,#1318,#1319,#1320,#1321,#1322
      ,#1323)
    ,(#1324,#1325,#1326,#1327,#1328,#1329,#1330,#1331,#1332,#1333,#1334
      ,#1335)
    ,(#1336,#1337,#1338,#1339,#1340,#1341,#1342,#1343,#1344,#1345,#1346
      ,#1347)
    ,(#1348,#1349,#1350,#1351,#1352,#1353,#1354,#1355,#1356,#1357,#1358
      ,#1359)
    ,(#1360,#1361,#1362,#1363,#1364,#1365,#1366,#1367,#1368,#1369,#1370
      ,#1371)
    ,(#1372,#1373,#1374,#1375,#1376,#1377,#1378,#1379,#1380,#1381,#1382
      ,#1383)
    ,(#1384,#1385,#1386,#1387,#1388,#1389,#1390,#1391,#1392,#1393,#1394
      ,#1395)
    ,(#1396,#1397,#1398,#1399,#1400,#1401,#1402,#1403,#1404,#1405,#1406
      ,#1407)
    ,(#1408,#1409,#1410,#1411,#1412,#1413,#1414,#1415,#1416,#1417,#1418
      ,#1419)
    ,(#1420,#1421,#1422,#1423,#1424,#1425,#1426,#1427,#1428,#1429,#1430
      ,#1431)
    ,(#1432,#1433,#1434,#1435,#1436,#1437,#1438,#1439,#1440,#1441,#1442
      ,#1443)
    ,(#1444,#1445,#1446,#1447,#1448,#1449,#1450,#1451,#1452,#1453,#1454
      ,#1455
  )),.UNSPECIFIED.,.F.,.F.,.F.,(15,15),(12,12),(0.,1.),(0.,1.),
  .PIECEWISE_BEZIER_KNOTS.);
#1276 = CARTESIAN_POINT('',(126.14845,-16.216173,19.992303));
#1277 = CARTESIAN_POINT('',(126.11535,-16.049683,20.299371));
#1278 = CARTESIAN_POINT('',(126.08163,-15.881552,20.608331));
#1279 = CARTESIAN_POINT('',(126.04736,-15.711722,20.919272));
#1280 = CARTESIAN_POINT('',(126.01258,-15.54014,21.232275));
#1281 = CARTESIAN_POINT('',(125.97732,-15.366759,21.547406));
#1282 = CARTESIAN_POINT('',(125.94161,-15.191537,21.864725));
#1283 = CARTESIAN_POINT('',(125.90546,-15.014446,22.184278));
#1284 = CARTESIAN_POINT('',(125.86892,-14.835464,22.506097));
#1285 = CARTESIAN_POINT('',(125.83203,-14.654583,22.830208));
#1286 = CARTESIAN_POINT('',(125.79484,-14.471804,23.156624));
#1287 = CARTESIAN_POINT('',(125.75741,-14.287139,23.485348));
#1288 = CARTESIAN_POINT('',(124.18486,-15.711043,20.056377));
#1289 = CARTESIAN_POINT('',(124.25101,-15.544325,20.393318));
#1290 = CARTESIAN_POINT('',(124.31841,-15.380895,20.726475));
#1291 = CARTESIAN_POINT('',(124.38686,-15.220846,21.055676));
#1292 = CARTESIAN_POINT('',(124.45639,-15.064314,21.380751));
#1293 = CARTESIAN_POINT('',(124.52687,-14.911381,21.701566));
#1294 = CARTESIAN_POINT('',(124.59819,-14.762104,22.018014));
#1295 = CARTESIAN_POINT('',(124.67032,-14.616557,22.33));
#1296 = CARTESIAN_POINT('',(124.74332,-14.474813,22.637444));
#1297 = CARTESIAN_POINT('',(124.81712,-14.336894,22.940298));
#1298 = CARTESIAN_POINT('',(124.89144,-14.202744,23.23855));
#1299 = CARTESIAN_POINT('',(124.96625,-14.072373,23.532182));
#1300 = CARTESIAN_POINT('',(122.21917,-15.215702,20.123305));
#1301 = CARTESIAN_POINT('',(122.38486,-15.043463,20.495479));
#1302 = CARTESIAN_POINT('',(122.55365,-14.879444,20.858193));
#1303 = CARTESIAN_POINT('',(122.72549,-14.723908,21.210999));
#1304 = CARTESIAN_POINT('',(122.89848,-14.577054,21.553549));
#1305 = CARTESIAN_POINT('',(123.07759,-14.439502,21.885299));
#1306 = CARTESIAN_POINT('',(123.25226,-14.310463,22.206421));
#1307 = CARTESIAN_POINT('',(123.43751,-14.191773,22.515955));
#1308 = CARTESIAN_POINT('',(123.61671,-14.081364,22.814605));
#1309 = CARTESIAN_POINT('',(123.80324,-13.981516,23.101428));
#1310 = CARTESIAN_POINT('',(123.98976,-13.890737,23.376859));
#1311 = CARTESIAN_POINT('',(124.17701,-13.809359,23.640762));
#1312 = CARTESIAN_POINT('',(120.25127,-14.7302,20.193098));
#1313 = CARTESIAN_POINT('',(120.51733,-14.546992,20.605893));
#1314 = CARTESIAN_POINT('',(120.78826,-14.376845,21.003577));
#1315 = CARTESIAN_POINT('',(121.06478,-14.220936,21.385239));
#1316 = CARTESIAN_POINT('',(121.34086,-14.076564,21.751051));
#1317 = CARTESIAN_POINT('',(121.63139,-13.952476,22.098336));
#1318 = CARTESIAN_POINT('',(121.90841,-13.833399,22.43057));
#1319 = CARTESIAN_POINT('',(122.20759,-13.740471,22.742125));
#1320 = CARTESIAN_POINT('',(122.49632,-13.653772,23.037759));
#1321 = CARTESIAN_POINT('',(122.79275,-13.586373,23.314074));
#1322 = CARTESIAN_POINT('',(123.09248,-13.534016,23.571954));
#1323 = CARTESIAN_POINT('',(123.39312,-13.496111,23.811528));
#1324 = CARTESIAN_POINT('',(118.28051,-14.254178,20.265879));
#1325 = CARTESIAN_POINT('',(118.65046,-14.055959,20.724296));
#1326 = CARTESIAN_POINT('',(119.02775,-13.875992,21.161847));
#1327 = CARTESIAN_POINT('',(119.40741,-13.713248,21.578029));
#1328 = CARTESIAN_POINT('',(119.80665,-13.575255,21.969994));
#1329 = CARTESIAN_POINT('',(120.17748,-13.443867,22.342227));
#1330 = CARTESIAN_POINT('',(120.60987,-13.354896,22.684189));
#1331 = CARTESIAN_POINT('',(120.9777,-13.259383,23.009191));
#1332 = CARTESIAN_POINT('',(121.41002,-13.208218,23.302627));
#1333 = CARTESIAN_POINT('',(121.81248,-13.164728,23.574589));
#1334 = CARTESIAN_POINT('',(122.22413,-13.144362,23.820569));
#1335 = CARTESIAN_POINT('',(122.64281,-13.146475,24.040655));
#1336 = CARTESIAN_POINT('',(116.30812,-13.788164,20.341531));
#1337 = CARTESIAN_POINT('',(116.78098,-13.568912,20.851094));
#1338 = CARTESIAN_POINT('',(117.26239,-13.372603,21.334188));
#1339 = CARTESIAN_POINT('',(117.7528,-13.200392,21.78944));
#1340 = CARTESIAN_POINT('',(118.24507,-13.051317,22.216304));
#1341 = CARTESIAN_POINT('',(118.7576,-12.931064,22.612164));
#1342 = CARTESIAN_POINT('',(119.25226,-12.830031,22.979496));
#1343 = CARTESIAN_POINT('',(119.78328,-12.763476,23.312926));
#1344 = CARTESIAN_POINT('',(120.29153,-12.715529,23.617083));
#1345 = CARTESIAN_POINT('',(120.82242,-12.699168,23.887614));
#1346 = CARTESIAN_POINT('',(121.35396,-12.708304,24.126213));
#1347 = CARTESIAN_POINT('',(121.88737,-12.743489,24.332597));
#1348 = CARTESIAN_POINT('',(114.333,-13.331752,20.420205));
#1349 = CARTESIAN_POINT('',(114.91221,-13.087029,20.985937));
#1350 = CARTESIAN_POINT('',(115.50148,-12.87001,21.519575));
#1351 = CARTESIAN_POINT('',(116.10402,-12.683411,22.019076));
#1352 = CARTESIAN_POINT('',(116.70004,-12.520566,22.485298));
#1353 = CARTESIAN_POINT('',(117.3413,-12.402992,22.9111));
#1354 = CARTESIAN_POINT('',(117.92706,-12.29178,23.306795));
#1355 = CARTESIAN_POINT('',(118.59645,-12.242557,23.655968));
#1356 = CARTESIAN_POINT('',(119.20637,-12.199245,23.974019));
#1357 = CARTESIAN_POINT('',(119.85901,-12.202783,24.249009));
#1358 = CARTESIAN_POINT('',(120.51142,-12.236377,24.485445));
#1359 = CARTESIAN_POINT('',(121.16381,-12.300412,24.683082));
#1360 = CARTESIAN_POINT('',(112.35454,-12.884659,20.502021));
#1361 = CARTESIAN_POINT('',(113.04598,-12.611138,21.128578));
#1362 = CARTESIAN_POINT('',(113.75019,-12.370557,21.717273));
#1363 = CARTESIAN_POINT('',(114.46254,-12.163014,22.266606));
#1364 = CARTESIAN_POINT('',(115.19593,-11.993949,22.773774));
#1365 = CARTESIAN_POINT('',(115.91225,-11.852407,23.240711));
#1366 = CARTESIAN_POINT('',(116.68298,-11.762177,23.659757));
#1367 = CARTESIAN_POINT('',(117.40522,-11.691085,24.039406));
#1368 = CARTESIAN_POINT('',(118.18667,-11.674235,24.368928));
#1369 = CARTESIAN_POINT('',(118.94457,-11.685533,24.655514));
#1370 = CARTESIAN_POINT('',(119.71528,-11.736931,24.895389));
#1371 = CARTESIAN_POINT('',(120.49483,-11.827387,25.08868));
#1372 = CARTESIAN_POINT('',(110.37398,-12.447306,20.586901));
#1373 = CARTESIAN_POINT('',(111.17908,-12.140088,21.279315));
#1374 = CARTESIAN_POINT('',(111.999,-11.870831,21.928166));
#1375 = CARTESIAN_POINT('',(112.82698,-11.638862,22.531942));
#1376 = CARTESIAN_POINT('',(113.68405,-11.453807,23.086516));
#1377 = CARTESIAN_POINT('',(114.50994,-11.294061,23.596495));
#1378 = CARTESIAN_POINT('',(115.41716,-11.203803,24.048656));
#1379 = CARTESIAN_POINT('',(116.24732,-11.123279,24.458705));
#1380 = CARTESIAN_POINT('',(117.16193,-11.115111,24.808535));
#1381 = CARTESIAN_POINT('',(118.04268,-11.134499,25.110204));
#1382 = CARTESIAN_POINT('',(118.93811,-11.200418,25.35807));
#1383 = CARTESIAN_POINT('',(119.84484,-11.311944,25.552182));
#1384 = CARTESIAN_POINT('',(108.39165,-12.019821,20.67486));
#1385 = CARTESIAN_POINT('',(109.31074,-11.673544,21.438191));
#1386 = CARTESIAN_POINT('',(110.24539,-11.369736,22.152412));
#1387 = CARTESIAN_POINT('',(111.1982,-11.111427,22.814698));
#1388 = CARTESIAN_POINT('',(112.14917,-10.893367,23.425037));
#1389 = CARTESIAN_POINT('',(113.14975,-10.735084,23.976071));
#1390 = CARTESIAN_POINT('',(114.09772,-10.602338,24.476846));
#1391 = CARTESIAN_POINT('',(115.13647,-10.545786,24.911423));
#1392 = CARTESIAN_POINT('',(116.11385,-10.513608,25.294346));
#1393 = CARTESIAN_POINT('',(117.14291,-10.545428,25.613412));
#1394 = CARTESIAN_POINT('',(118.17261,-10.624082,25.873309));
#1395 = CARTESIAN_POINT('',(119.20441,-10.750363,26.073573));
#1396 = CARTESIAN_POINT('',(106.40596,-11.601575,20.766135));
#1397 = CARTESIAN_POINT('',(107.44563,-11.21331,21.604625));
#1398 = CARTESIAN_POINT('',(108.50271,-10.872408,22.38834));
#1399 = CARTESIAN_POINT('',(109.57948,-10.582235,23.114137));
#1400 = CARTESIAN_POINT('',(110.65647,-10.337059,23.781954));
#1401 = CARTESIAN_POINT('',(111.78288,-10.158179,24.383756));
#1402 = CARTESIAN_POINT('',(112.86119,-10.008659,24.929161));
#1403 = CARTESIAN_POINT('',(114.02723,-9.942799,25.401272));
#1404 = CARTESIAN_POINT('',(115.13798,-9.9057492,25.815134));
#1405 = CARTESIAN_POINT('',(116.2971,-9.9385414,26.158323));
#1406 = CARTESIAN_POINT('',(117.45931,-10.024093,26.435346));
#1407 = CARTESIAN_POINT('',(118.62514,-10.163016,26.645766));
#1408 = CARTESIAN_POINT('',(104.41705,-11.192526,20.860799));
#1409 = CARTESIAN_POINT('',(105.5836,-10.75953,21.778505));
#1410 = CARTESIAN_POINT('',(106.77077,-10.379329,22.635609));
#1411 = CARTESIAN_POINT('',(107.96836,-10.05087,23.430044));
#1412 = CARTESIAN_POINT('',(109.20962,-9.7882099,24.155871));
#1413 = CARTESIAN_POINT('',(110.3992,-9.5593823,24.820003));
#1414 = CARTESIAN_POINT('',(111.71661,-9.4298479,25.402977));
#1415 = CARTESIAN_POINT('',(112.90882,-9.310517,25.928366));
#1416 = CARTESIAN_POINT('',(114.23556,-9.2952654,26.368909));
#1417 = CARTESIAN_POINT('',(115.50372,-9.3157619,26.743261));
#1418 = CARTESIAN_POINT('',(116.79495,-9.4016687,27.042551));
#1419 = CARTESIAN_POINT('',(118.10381,-9.5515298,27.266892));
#1420 = CARTESIAN_POINT('',(102.42791,-10.793727,20.958618));
#1421 = CARTESIAN_POINT('',(103.71638,-10.309267,21.960576));
#1422 = CARTESIAN_POINT('',(105.02595,-9.8820198,22.896414));
#1423 = CARTESIAN_POINT('',(106.35788,-9.5152884,23.762589));
#1424 = CARTESIAN_POINT('',(107.69537,-9.2055253,24.557907));
#1425 = CARTESIAN_POINT('',(109.07924,-8.9693627,25.275512));
#1426 = CARTESIAN_POINT('',(110.4285,-8.7796361,25.921885));
#1427 = CARTESIAN_POINT('',(111.8539,-8.6771016,26.483673));
#1428 = CARTESIAN_POINT('',(113.2404,-8.6220125,26.971634));
#1429 = CARTESIAN_POINT('',(114.66919,-8.6438853,27.376332));
#1430 = CARTESIAN_POINT('',(116.10482,-8.730841,27.700778));
#1431 = CARTESIAN_POINT('',(117.54627,-8.8829086,27.944653));
#1432 = CARTESIAN_POINT('',(100.43501,-10.403819,21.060064));
#1433 = CARTESIAN_POINT('',(101.85417,-9.8663748,22.149604));
#1434 = CARTESIAN_POINT('',(103.29663,-9.3911827,23.167321));
#1435 = CARTESIAN_POINT('',(104.75983,-8.9804363,24.109771));
#1436 = CARTESIAN_POINT('',(106.24264,-8.6363835,24.973854));
#1437 = CARTESIAN_POINT('',(107.74285,-8.3604792,25.757067));
#1438 = CARTESIAN_POINT('',(109.26077,-8.1546682,26.457104));
#1439 = CARTESIAN_POINT('',(110.79501,-8.0199537,27.072279));
#1440 = CARTESIAN_POINT('',(112.34356,-7.9567785,27.601389));
#1441 = CARTESIAN_POINT('',(113.90739,-7.9663614,28.043281));
#1442 = CARTESIAN_POINT('',(115.48308,-8.0481489,28.39758));
#1443 = CARTESIAN_POINT('',(117.06944,-8.2021589,28.663958));
#1444 = CARTESIAN_POINT('',(98.440955,-10.023655,21.164977));
#1445 = CARTESIAN_POINT('',(99.989829,-9.4284747,22.346131));
#1446 = CARTESIAN_POINT('',(101.5638,-8.9004552,23.449791));
#1447 = CARTESIAN_POINT('',(103.16026,-8.4419956,24.47224));
#1448 = CARTESIAN_POINT('',(104.77743,-8.0553335,25.41019));
#1449 = CARTESIAN_POINT('',(106.41409,-7.7424423,26.260813));
#1450 = CARTESIAN_POINT('',(108.06925,-7.5049622,27.021761));
#1451 = CARTESIAN_POINT('',(109.74195,-7.3441595,27.691159));
#1452 = CARTESIAN_POINT('',(111.43112,-7.2609104,28.267585));
#1453 = CARTESIAN_POINT('',(113.13546,-7.2557057,28.750042));
#1454 = CARTESIAN_POINT('',(114.85336,-7.3286718,29.13791));
#1455 = CARTESIAN_POINT('',(116.5829,-7.4796046,29.430904));
#1456 = DEFINITIONAL_REPRESENTATION('',(#1457),#1460);
#1457 = B_SPLINE_CURVE_WITH_KNOTS('',1,(#1458,#1459),.UNSPECIFIED.,.F.,
  .F.,(2,2),(0.,1.),.PIECEWISE_BEZIER_KNOTS.);
#1458 = CARTESIAN_POINT('',(2.3810476E-02,0.97618952));
#1459 = CARTESIAN_POINT('',(0.97618952,0.97618952));
#1460 = ( GEOMETRIC_REPRESENTATION_CONTEXT(2) 
PARAMETRIC_REPRESENTATION_CONTEXT() REPRESENTATION_CONTEXT('2D SPACE',''
  ) );
#1461 = ORIENTED_EDGE('',*,*,#1462,.F.);
#1462 = EDGE_CURVE('',#1463,#1252,#1465,.T.);
#1463 = VERTEX_POINT('',#1464);
#1464 = CARTESIAN_POINT('',(111.56384,6.2460361,32.284037));
#1465 = SURFACE_CURVE('',#1466,(#1473,#1479),.PCURVE_S1.);
#1466 = B_SPLINE_CURVE_WITH_KNOTS('',5,(#1467,#1468,#1469,#1470,#1471,
    #1472),.UNSPECIFIED.,.F.,.F.,(6,6),(0.,1.),
  .PIECEWISE_BEZIER_KNOTS.);
#1467 = CARTESIAN_POINT('',(111.56384,6.2460361,32.284037));
#1468 = CARTESIAN_POINT('',(113.23735,3.5100182,31.64005));
#1469 = CARTESIAN_POINT('',(114.67743,0.76697307,31.000554));
#1470 = CARTESIAN_POINT('',(115.82672,-1.9974409,30.363255));
#1471 = CARTESIAN_POINT('',(116.40001,-4.8067862,29.73058));
#1472 = CARTESIAN_POINT('',(116.30478,-7.6810456,29.10033));
#1473 = PCURVE('',#195,#1474);
#1474 = DEFINITIONAL_REPRESENTATION('',(#1475),#1478);
#1475 = B_SPLINE_CURVE_WITH_KNOTS('',1,(#1476,#1477),.UNSPECIFIED.,.F.,
  .F.,(2,2),(0.,1.),.PIECEWISE_BEZIER_KNOTS.);
#1476 = CARTESIAN_POINT('',(2.3810476E-02,0.51094104));
#1477 = CARTESIAN_POINT('',(2.3810476E-02,0.12856565));
#1478 = ( GEOMETRIC_REPRESENTATION_CONTEXT(2) 
PARAMETRIC_REPRESENTATION_CONTEXT() REPRESENTATION_CONTEXT('2D SPACE',''
  ) );
#1479 = PCURVE('',#1027,#1480);
#1480 = DEFINITIONAL_REPRESENTATION('',(#1481),#1493);
#1481 = B_SPLINE_CURVE_WITH_KNOTS('',10,(#1482,#1483,#1484,#1485,#1486,
    #1487,#1488,#1489,#1490,#1491,#1492),.UNSPECIFIED.,.F.,.F.,(11,11),(
    0.,1.),.PIECEWISE_BEZIER_KNOTS.);
#1482 = CARTESIAN_POINT('',(0.27625208,0.59323179));
#1483 = CARTESIAN_POINT('',(0.2357816,0.55595548));
#1484 = CARTESIAN_POINT('',(0.19725908,0.51867413));
#1485 = CARTESIAN_POINT('',(0.16103002,0.48134976));
#1486 = CARTESIAN_POINT('',(0.12754868,0.44392563));
#1487 = CARTESIAN_POINT('',(9.7404474E-02,0.40631735));
#1488 = CARTESIAN_POINT('',(7.1340701E-02,0.36840082));
#1489 = CARTESIAN_POINT('',(5.0230939E-02,0.33000182));
#1490 = CARTESIAN_POINT('',(3.4947657E-02,0.29090149));
#1491 = CARTESIAN_POINT('',(2.6079713E-02,0.25087791));
#1492 = CARTESIAN_POINT('',(2.3812361E-02,0.20975384));
#1493 = ( GEOMETRIC_REPRESENTATION_CONTEXT(2) 
PARAMETRIC_REPRESENTATION_CONTEXT() REPRESENTATION_CONTEXT('2D SPACE',''
  ) );
#1494 = ORIENTED_EDGE('',*,*,#1495,.F.);
#1495 = EDGE_CURVE('',#855,#1463,#1496,.T.);
#1496 = SURFACE_CURVE('',#1497,(#1503,#1509),.PCURVE_S1.);
#1497 = B_SPLINE_CURVE_WITH_KNOTS('',4,(#1498,#1499,#1500,#1501,#1502),
  .UNSPECIFIED.,.F.,.F.,(5,5),(0.,1.),.PIECEWISE_BEZIER_KNOTS.);
#1498 = CARTESIAN_POINT('',(103.70891,17.286908,34.910133));
#1499 = CARTESIAN_POINT('',(105.89759,14.484594,34.23868));
#1500 = CARTESIAN_POINT('',(107.96214,11.731373,33.581272));
#1501 = CARTESIAN_POINT('',(109.88414,8.9921949,32.930412));
#1502 = CARTESIAN_POINT('',(111.56384,6.2460361,32.284037));
#1503 = PCURVE('',#195,#1504);
#1504 = DEFINITIONAL_REPRESENTATION('',(#1505),#1508);
#1505 = B_SPLINE_CURVE_WITH_KNOTS('',1,(#1506,#1507),.UNSPECIFIED.,.F.,
  .F.,(2,2),(0.,1.),.PIECEWISE_BEZIER_KNOTS.);
#1506 = CARTESIAN_POINT('',(2.3810476E-02,0.81798169));
#1507 = CARTESIAN_POINT('',(2.3810476E-02,0.51094104));
#1508 = ( GEOMETRIC_REPRESENTATION_CONTEXT(2) 
PARAMETRIC_REPRESENTATION_CONTEXT() REPRESENTATION_CONTEXT('2D SPACE',''
  ) );
#1509 = PCURVE('',#1027,#1510);
#1510 = DEFINITIONAL_REPRESENTATION('',(#1511),#1523);
#1511 = B_SPLINE_CURVE_WITH_KNOTS('',10,(#1512,#1513,#1514,#1515,#1516,
    #1517,#1518,#1519,#1520,#1521,#1522),.UNSPECIFIED.,.F.,.F.,(11,11),(
    0.,1.),.PIECEWISE_BEZIER_KNOTS.);
#1512 = CARTESIAN_POINT('',(0.64369944,0.89363739));
#1513 = CARTESIAN_POINT('',(0.60352092,0.86344392));
#1514 = CARTESIAN_POINT('',(0.56403154,0.83327948));
#1515 = CARTESIAN_POINT('',(0.52522467,0.80315053));
#1516 = CARTESIAN_POINT('',(0.48711003,0.77306163));
#1517 = CARTESIAN_POINT('',(0.44971775,0.74301432));
#1518 = CARTESIAN_POINT('',(0.41309973,0.71300668));
#1519 = CARTESIAN_POINT('',(0.3773278,0.68303435));
#1520 = CARTESIAN_POINT('',(0.34249924,0.65309031));
#1521 = CARTESIAN_POINT('',(0.30874771,0.62316267));
#1522 = CARTESIAN_POINT('',(0.27625208,0.59323179));
#1523 = ( GEOMETRIC_REPRESENTATION_CONTEXT(2) 
PARAMETRIC_REPRESENTATION_CONTEXT() REPRESENTATION_CONTEXT('2D SPACE',''
  ) );
#1524 = ORIENTED_EDGE('',*,*,#1189,.F.);
#1525 = ORIENTED_EDGE('',*,*,#1526,.F.);
#1526 = EDGE_CURVE('',#1527,#1157,#1529,.T.);
#1527 = VERTEX_POINT('',#1528);
#1528 = CARTESIAN_POINT('',(123.43326,23.503423,31.791638));
#1529 = SURFACE_CURVE('',#1530,(#1537,#1548),.PCURVE_S1.);
#1530 = B_SPLINE_CURVE_WITH_KNOTS('',5,(#1531,#1532,#1533,#1534,#1535,
    #1536),.UNSPECIFIED.,.F.,.F.,(6,6),(0.,1.),
  .PIECEWISE_BEZIER_KNOTS.);
#1531 = CARTESIAN_POINT('',(123.43326,23.503423,31.791638));
#1532 = CARTESIAN_POINT('',(120.20789,23.302603,31.781468));
#1533 = CARTESIAN_POINT('',(116.9834,23.075724,31.93856));
#1534 = CARTESIAN_POINT('',(113.76527,22.822913,32.268566));
#1535 = CARTESIAN_POINT('',(110.54383,22.54377,32.790126));
#1536 = CARTESIAN_POINT('',(107.34006,22.240205,33.579488));
#1537 = PCURVE('',#195,#1538);
#1538 = DEFINITIONAL_REPRESENTATION('',(#1539),#1547);
#1539 = B_SPLINE_CURVE_WITH_KNOTS('',6,(#1540,#1541,#1542,#1543,#1544,
    #1545,#1546),.UNSPECIFIED.,.F.,.F.,(7,7),(0.,1.),
  .PIECEWISE_BEZIER_KNOTS.);
#1540 = CARTESIAN_POINT('',(0.52054746,0.9682307));
#1541 = CARTESIAN_POINT('',(0.46927408,0.96589799));
#1542 = CARTESIAN_POINT('',(0.41776451,0.96312682));
#1543 = CARTESIAN_POINT('',(0.36542517,0.95988847));
#1544 = CARTESIAN_POINT('',(0.31162707,0.95615146));
#1545 = CARTESIAN_POINT('',(0.25550699,0.95188343));
#1546 = CARTESIAN_POINT('',(0.19570955,0.94707073));
#1547 = ( GEOMETRIC_REPRESENTATION_CONTEXT(2) 
PARAMETRIC_REPRESENTATION_CONTEXT() REPRESENTATION_CONTEXT('2D SPACE',''
  ) );
#1548 = PCURVE('',#1549,#1572);
#1549 = B_SPLINE_SURFACE_WITH_KNOTS('',10,1,(
    (#1550,#1551)
    ,(#1552,#1553)
    ,(#1554,#1555)
    ,(#1556,#1557)
    ,(#1558,#1559)
    ,(#1560,#1561)
    ,(#1562,#1563)
    ,(#1564,#1565)
    ,(#1566,#1567)
    ,(#1568,#1569)
    ,(#1570,#1571
    )),.UNSPECIFIED.,.F.,.F.,.F.,(11,11),(2,2),(0.,1.),(0.,1.),
  .PIECEWISE_BEZIER_KNOTS.);
#1550 = CARTESIAN_POINT('',(123.43326,23.503423,31.791638));
#1551 = CARTESIAN_POINT('',(123.43326,23.503423,18.));
#1552 = CARTESIAN_POINT('',(121.82057,23.403012,31.786555));
#1553 = CARTESIAN_POINT('',(121.82057,23.403012,18.));
#1554 = CARTESIAN_POINT('',(120.2028,23.29557,31.818564));
#1555 = CARTESIAN_POINT('',(120.2028,23.29557,18.));
#1556 = CARTESIAN_POINT('',(118.62318,23.190949,31.889079));
#1557 = CARTESIAN_POINT('',(118.62318,23.190949,18.));
#1558 = CARTESIAN_POINT('',(116.9212,23.052565,31.994875));
#1559 = CARTESIAN_POINT('',(116.9212,23.052565,18.));
#1560 = CARTESIAN_POINT('',(115.46579,22.96415,32.146538));
#1561 = CARTESIAN_POINT('',(115.46579,22.96415,18.));
#1562 = CARTESIAN_POINT('',(113.68262,22.795665,32.331734));
#1563 = CARTESIAN_POINT('',(113.68262,22.795665,18.));
#1564 = CARTESIAN_POINT('',(112.20052,22.689174,32.568776));
#1565 = CARTESIAN_POINT('',(112.20052,22.689174,18.));
#1566 = CARTESIAN_POINT('',(110.536,22.535665,32.849419));
#1567 = CARTESIAN_POINT('',(110.536,22.535665,18.));
#1568 = CARTESIAN_POINT('',(108.9419,22.391982,33.184821));
#1569 = CARTESIAN_POINT('',(108.9419,22.391982,18.));
#1570 = CARTESIAN_POINT('',(107.34001,22.240199,33.579504));
#1571 = CARTESIAN_POINT('',(107.34001,22.240199,18.));
#1572 = DEFINITIONAL_REPRESENTATION('',(#1573),#1576);
#1573 = B_SPLINE_CURVE_WITH_KNOTS('',1,(#1574,#1575),.UNSPECIFIED.,.F.,
  .F.,(2,2),(0.,1.),.PIECEWISE_BEZIER_KNOTS.);
#1574 = CARTESIAN_POINT('',(0.,0.));
#1575 = CARTESIAN_POINT('',(1.,0.));
#1576 = ( GEOMETRIC_REPRESENTATION_CONTEXT(2) 
PARAMETRIC_REPRESENTATION_CONTEXT() REPRESENTATION_CONTEXT('2D SPACE',''
  ) );
#1577 = ORIENTED_EDGE('',*,*,#1578,.F.);
#1578 = EDGE_CURVE('',#757,#1527,#1579,.T.);
#1579 = SURFACE_CURVE('',#1580,(#1587,#1598),.PCURVE_S1.);
#1580 = B_SPLINE_CURVE_WITH_KNOTS('',5,(#1581,#1582,#1583,#1584,#1585,
    #1586),.UNSPECIFIED.,.F.,.F.,(6,6),(0.,1.),
  .PIECEWISE_BEZIER_KNOTS.);
#1581 = CARTESIAN_POINT('',(139.55801,24.246419,33.590729));
#1582 = CARTESIAN_POINT('',(136.34021,24.150181,32.841462));
#1583 = CARTESIAN_POINT('',(133.11087,24.027728,32.321691));
#1584 = CARTESIAN_POINT('',(129.88601,23.879016,31.97931));
#1585 = CARTESIAN_POINT('',(126.65862,23.704234,31.801805));
#1586 = CARTESIAN_POINT('',(123.43326,23.503423,31.791638));
#1587 = PCURVE('',#195,#1588);
#1588 = DEFINITIONAL_REPRESENTATION('',(#1589),#1597);
#1589 = B_SPLINE_CURVE_WITH_KNOTS('',6,(#1590,#1591,#1592,#1593,#1594,
    #1595,#1596),.UNSPECIFIED.,.F.,.F.,(7,7),(0.,1.),
  .PIECEWISE_BEZIER_KNOTS.);
#1590 = CARTESIAN_POINT('',(0.83712038,0.97618938));
#1591 = CARTESIAN_POINT('',(0.78051045,0.97578111));
#1592 = CARTESIAN_POINT('',(0.72656287,0.97504287));
#1593 = CARTESIAN_POINT('',(0.67425264,0.97394215));
#1594 = CARTESIAN_POINT('',(0.62285803,0.97245765));
#1595 = CARTESIAN_POINT('',(0.57182083,0.97056341));
#1596 = CARTESIAN_POINT('',(0.52054746,0.9682307));
#1597 = ( GEOMETRIC_REPRESENTATION_CONTEXT(2) 
PARAMETRIC_REPRESENTATION_CONTEXT() REPRESENTATION_CONTEXT('2D SPACE',''
  ) );
#1598 = PCURVE('',#1599,#1620);
#1599 = B_SPLINE_SURFACE_WITH_KNOTS('',9,1,(
    (#1600,#1601)
    ,(#1602,#1603)
    ,(#1604,#1605)
    ,(#1606,#1607)
    ,(#1608,#1609)
    ,(#1610,#1611)
    ,(#1612,#1613)
    ,(#1614,#1615)
    ,(#1616,#1617)
    ,(#1618,#1619
    )),.UNSPECIFIED.,.F.,.F.,.F.,(10,10),(2,2),(0.,1.),(0.,1.),
  .PIECEWISE_BEZIER_KNOTS.);
#1600 = CARTESIAN_POINT('',(139.55807,24.246469,33.590732));
#1601 = CARTESIAN_POINT('',(139.55807,24.246469,18.));
#1602 = CARTESIAN_POINT('',(137.7704,24.192998,33.174472));
#1603 = CARTESIAN_POINT('',(137.7704,24.192998,18.));
#1604 = CARTESIAN_POINT('',(135.97819,24.131978,32.82198));
#1605 = CARTESIAN_POINT('',(135.97819,24.131978,18.));
#1606 = CARTESIAN_POINT('',(134.18577,24.063857,32.526977));
#1607 = CARTESIAN_POINT('',(134.18577,24.063857,18.));
#1608 = CARTESIAN_POINT('',(132.40739,23.9917,32.285211));
#1609 = CARTESIAN_POINT('',(132.40739,23.9917,18.));
#1610 = CARTESIAN_POINT('',(130.58047,23.901216,32.091935));
#1611 = CARTESIAN_POINT('',(130.58047,23.901216,18.));
#1612 = CARTESIAN_POINT('',(128.82851,23.820672,31.948223));
#1613 = CARTESIAN_POINT('',(128.82851,23.820672,18.));
#1614 = CARTESIAN_POINT('',(127.01065,23.717768,31.849302));
#1615 = CARTESIAN_POINT('',(127.01065,23.717768,18.));
#1616 = CARTESIAN_POINT('',(125.22513,23.61499,31.797287));
#1617 = CARTESIAN_POINT('',(125.22513,23.61499,18.));
#1618 = CARTESIAN_POINT('',(123.43326,23.503423,31.791638));
#1619 = CARTESIAN_POINT('',(123.43326,23.503423,18.));
#1620 = DEFINITIONAL_REPRESENTATION('',(#1621),#1624);
#1621 = B_SPLINE_CURVE_WITH_KNOTS('',1,(#1622,#1623),.UNSPECIFIED.,.F.,
  .F.,(2,2),(0.,1.),.PIECEWISE_BEZIER_KNOTS.);
#1622 = CARTESIAN_POINT('',(0.,0.));
#1623 = CARTESIAN_POINT('',(1.,0.));
#1624 = ( GEOMETRIC_REPRESENTATION_CONTEXT(2) 
PARAMETRIC_REPRESENTATION_CONTEXT() REPRESENTATION_CONTEXT('2D SPACE',''
  ) );
#1625 = ORIENTED_EDGE('',*,*,#756,.T.);
#1626 = ADVANCED_FACE('',(#1627),#566,.F.);
#1627 = FACE_BOUND('',#1628,.T.);
#1628 = EDGE_LOOP('',(#1629,#1630,#1631,#1684));
#1629 = ORIENTED_EDGE('',*,*,#1221,.T.);
#1630 = ORIENTED_EDGE('',*,*,#545,.F.);
#1631 = ORIENTED_EDGE('',*,*,#1632,.F.);
#1632 = EDGE_CURVE('',#1633,#507,#1635,.T.);
#1633 = VERTEX_POINT('',#1634);
#1634 = CARTESIAN_POINT('',(125.49378,-16.004597,20.096916));
#1635 = SURFACE_CURVE('',#1636,(#1641,#1647),.PCURVE_S1.);
#1636 = B_SPLINE_CURVE_WITH_KNOTS('',3,(#1637,#1638,#1639,#1640),
  .UNSPECIFIED.,.F.,.F.,(4,4),(0.,1.),.PIECEWISE_BEZIER_KNOTS.);
#1637 = CARTESIAN_POINT('',(125.49378,-16.004597,20.096916));
#1638 = CARTESIAN_POINT('',(133.14243,-17.987921,19.806046));
#1639 = CARTESIAN_POINT('',(140.74711,-20.153554,19.607548));
#1640 = CARTESIAN_POINT('',(148.29711,-22.498789,19.497671));
#1641 = PCURVE('',#566,#1642);
#1642 = DEFINITIONAL_REPRESENTATION('',(#1643),#1646);
#1643 = B_SPLINE_CURVE_WITH_KNOTS('',1,(#1644,#1645),.UNSPECIFIED.,.F.,
  .F.,(2,2),(0.,1.),.PIECEWISE_BEZIER_KNOTS.);
#1644 = CARTESIAN_POINT('',(2.3810476E-02,2.3810476E-02));
#1645 = CARTESIAN_POINT('',(0.97618952,2.3810476E-02));
#1646 = ( GEOMETRIC_REPRESENTATION_CONTEXT(2) 
PARAMETRIC_REPRESENTATION_CONTEXT() REPRESENTATION_CONTEXT('2D SPACE',''
  ) );
#1647 = PCURVE('',#1648,#1679);
#1648 = B_SPLINE_SURFACE_WITH_KNOTS('',14,1,(
    (#1649,#1650)
    ,(#1651,#1652)
    ,(#1653,#1654)
    ,(#1655,#1656)
    ,(#1657,#1658)
    ,(#1659,#1660)
    ,(#1661,#1662)
    ,(#1663,#1664)
    ,(#1665,#1666)
    ,(#1667,#1668)
    ,(#1669,#1670)
    ,(#1671,#1672)
    ,(#1673,#1674)
    ,(#1675,#1676)
    ,(#1677,#1678
    )),.UNSPECIFIED.,.F.,.F.,.F.,(15,15),(2,2),(0.,1.),(0.,1.),
  .PIECEWISE_BEZIER_KNOTS.);
#1649 = CARTESIAN_POINT('',(124.92003,-15.856184,20.17188));
#1650 = CARTESIAN_POINT('',(124.92003,-15.856184,17.947025));
#1651 = CARTESIAN_POINT('',(126.64147,-16.300382,20.103731));
#1652 = CARTESIAN_POINT('',(126.64147,-16.300382,17.948687));
#1653 = CARTESIAN_POINT('',(128.36133,-16.751206,20.039031));
#1654 = CARTESIAN_POINT('',(128.36133,-16.751206,17.950266));
#1655 = CARTESIAN_POINT('',(130.07956,-17.208648,19.977765));
#1656 = CARTESIAN_POINT('',(130.07956,-17.208648,17.95176));
#1657 = CARTESIAN_POINT('',(131.79614,-17.672702,19.91992));
#1658 = CARTESIAN_POINT('',(131.79614,-17.672702,17.953171));
#1659 = CARTESIAN_POINT('',(133.51102,-18.143358,19.865483));
#1660 = CARTESIAN_POINT('',(133.51102,-18.143358,17.954499));
#1661 = CARTESIAN_POINT('',(135.22419,-18.620611,19.81444));
#1662 = CARTESIAN_POINT('',(135.22419,-18.620611,17.955744));
#1663 = CARTESIAN_POINT('',(136.93559,-19.10445,19.766779));
#1664 = CARTESIAN_POINT('',(136.93559,-19.10445,17.956906));
#1665 = CARTESIAN_POINT('',(138.6452,-19.594869,19.722487));
#1666 = CARTESIAN_POINT('',(138.6452,-19.594869,17.957986));
#1667 = CARTESIAN_POINT('',(140.35298,-20.091857,19.681552));
#1668 = CARTESIAN_POINT('',(140.35298,-20.091857,17.958985));
#1669 = CARTESIAN_POINT('',(142.05889,-20.595407,19.643963));
#1670 = CARTESIAN_POINT('',(142.05889,-20.595407,17.959902));
#1671 = CARTESIAN_POINT('',(143.76292,-21.105508,19.609707));
#1672 = CARTESIAN_POINT('',(143.76292,-21.105508,17.960737));
#1673 = CARTESIAN_POINT('',(145.46501,-21.622151,19.578775));
#1674 = CARTESIAN_POINT('',(145.46501,-21.622151,17.961492));
#1675 = CARTESIAN_POINT('',(147.16514,-22.145327,19.551155));
#1676 = CARTESIAN_POINT('',(147.16514,-22.145327,17.962165));
#1677 = CARTESIAN_POINT('',(148.86328,-22.675026,19.526837));
#1678 = CARTESIAN_POINT('',(148.86328,-22.675026,17.962759));
#1679 = DEFINITIONAL_REPRESENTATION('',(#1680),#1683);
#1680 = B_SPLINE_CURVE_WITH_KNOTS('',1,(#1681,#1682),.UNSPECIFIED.,.F.,
  .F.,(2,2),(0.,1.),.PIECEWISE_BEZIER_KNOTS.);
#1681 = CARTESIAN_POINT('',(2.3810476E-02,2.3810476E-02));
#1682 = CARTESIAN_POINT('',(0.97618952,2.3810476E-02));
#1683 = ( GEOMETRIC_REPRESENTATION_CONTEXT(2) 
PARAMETRIC_REPRESENTATION_CONTEXT() REPRESENTATION_CONTEXT('2D SPACE',''
  ) );
#1684 = ORIENTED_EDGE('',*,*,#1685,.T.);
#1685 = EDGE_CURVE('',#1633,#1222,#1686,.T.);
#1686 = SURFACE_CURVE('',#1687,(#1690,#1696),.PCURVE_S1.);
#1687 = B_SPLINE_CURVE_WITH_KNOTS('',1,(#1688,#1689),.UNSPECIFIED.,.F.,
  .F.,(2,2),(0.,1.),.PIECEWISE_BEZIER_KNOTS.);
#1688 = CARTESIAN_POINT('',(125.49378,-16.004597,20.096916));
#1689 = CARTESIAN_POINT('',(125.49378,-14.256747,23.421041));
#1690 = PCURVE('',#566,#1691);
#1691 = DEFINITIONAL_REPRESENTATION('',(#1692),#1695);
#1692 = B_SPLINE_CURVE_WITH_KNOTS('',1,(#1693,#1694),.UNSPECIFIED.,.F.,
  .F.,(2,2),(0.,1.),.PIECEWISE_BEZIER_KNOTS.);
#1693 = CARTESIAN_POINT('',(2.3810476E-02,2.3810476E-02));
#1694 = CARTESIAN_POINT('',(2.3810476E-02,0.97618952));
#1695 = ( GEOMETRIC_REPRESENTATION_CONTEXT(2) 
PARAMETRIC_REPRESENTATION_CONTEXT() REPRESENTATION_CONTEXT('2D SPACE',''
  ) );
#1696 = PCURVE('',#1275,#1697);
#1697 = DEFINITIONAL_REPRESENTATION('',(#1698),#1701);
#1698 = B_SPLINE_CURVE_WITH_KNOTS('',1,(#1699,#1700),.UNSPECIFIED.,.F.,
  .F.,(2,2),(0.,1.),.PIECEWISE_BEZIER_KNOTS.);
#1699 = CARTESIAN_POINT('',(2.3810476E-02,2.3810476E-02));
#1700 = CARTESIAN_POINT('',(2.3810476E-02,0.97618952));
#1701 = ( GEOMETRIC_REPRESENTATION_CONTEXT(2) 
PARAMETRIC_REPRESENTATION_CONTEXT() REPRESENTATION_CONTEXT('2D SPACE',''
  ) );
#1702 = ADVANCED_FACE('',(#1703),#524,.T.);
#1703 = FACE_BOUND('',#1704,.T.);
#1704 = EDGE_LOOP('',(#1705,#1725,#1726,#1746));
#1705 = ORIENTED_EDGE('',*,*,#1706,.F.);
#1706 = EDGE_CURVE('',#507,#1707,#1709,.T.);
#1707 = VERTEX_POINT('',#1708);
#1708 = CARTESIAN_POINT('',(148.29711,-22.498789,18.));
#1709 = SURFACE_CURVE('',#1710,(#1713,#1719),.PCURVE_S1.);
#1710 = B_SPLINE_CURVE_WITH_KNOTS('',1,(#1711,#1712),.UNSPECIFIED.,.F.,
  .F.,(2,2),(0.,1.),.PIECEWISE_BEZIER_KNOTS.);
#1711 = CARTESIAN_POINT('',(148.29711,-22.498789,19.497671));
#1712 = CARTESIAN_POINT('',(148.29711,-22.498789,18.));
#1713 = PCURVE('',#524,#1714);
#1714 = DEFINITIONAL_REPRESENTATION('',(#1715),#1718);
#1715 = B_SPLINE_CURVE_WITH_KNOTS('',1,(#1716,#1717),.UNSPECIFIED.,.F.,
  .F.,(2,2),(0.,1.),.PIECEWISE_BEZIER_KNOTS.);
#1716 = CARTESIAN_POINT('',(2.3810476E-02,2.3810476E-02));
#1717 = CARTESIAN_POINT('',(2.3810476E-02,0.97618952));
#1718 = ( GEOMETRIC_REPRESENTATION_CONTEXT(2) 
PARAMETRIC_REPRESENTATION_CONTEXT() REPRESENTATION_CONTEXT('2D SPACE',''
  ) );
#1719 = PCURVE('',#1648,#1720);
#1720 = DEFINITIONAL_REPRESENTATION('',(#1721),#1724);
#1721 = B_SPLINE_CURVE_WITH_KNOTS('',1,(#1722,#1723),.UNSPECIFIED.,.F.,
  .F.,(2,2),(0.,1.),.PIECEWISE_BEZIER_KNOTS.);
#1722 = CARTESIAN_POINT('',(0.97618952,2.3810476E-02));
#1723 = CARTESIAN_POINT('',(0.97618952,0.97618952));
#1724 = ( GEOMETRIC_REPRESENTATION_CONTEXT(2) 
PARAMETRIC_REPRESENTATION_CONTEXT() REPRESENTATION_CONTEXT('2D SPACE',''
  ) );
#1725 = ORIENTED_EDGE('',*,*,#506,.T.);
#1726 = ORIENTED_EDGE('',*,*,#1727,.T.);
#1727 = EDGE_CURVE('',#347,#1728,#1730,.T.);
#1728 = VERTEX_POINT('',#1729);
#1729 = CARTESIAN_POINT('',(147.99732,24.42764,18.));
#1730 = SURFACE_CURVE('',#1731,(#1734,#1740),.PCURVE_S1.);
#1731 = B_SPLINE_CURVE_WITH_KNOTS('',1,(#1732,#1733),.UNSPECIFIED.,.F.,
  .F.,(2,2),(0.,1.),.PIECEWISE_BEZIER_KNOTS.);
#1732 = CARTESIAN_POINT('',(147.99732,24.42764,33.69076));
#1733 = CARTESIAN_POINT('',(147.99732,24.42764,18.));
#1734 = PCURVE('',#524,#1735);
#1735 = DEFINITIONAL_REPRESENTATION('',(#1736),#1739);
#1736 = B_SPLINE_CURVE_WITH_KNOTS('',1,(#1737,#1738),.UNSPECIFIED.,.F.,
  .F.,(2,2),(0.,1.),.PIECEWISE_BEZIER_KNOTS.);
#1737 = CARTESIAN_POINT('',(0.97618952,2.3810476E-02));
#1738 = CARTESIAN_POINT('',(0.97618952,0.97618952));
#1739 = ( GEOMETRIC_REPRESENTATION_CONTEXT(2) 
PARAMETRIC_REPRESENTATION_CONTEXT() REPRESENTATION_CONTEXT('2D SPACE',''
  ) );
#1740 = PCURVE('',#811,#1741);
#1741 = DEFINITIONAL_REPRESENTATION('',(#1742),#1745);
#1742 = B_SPLINE_CURVE_WITH_KNOTS('',1,(#1743,#1744),.UNSPECIFIED.,.F.,
  .F.,(2,2),(0.,1.),.PIECEWISE_BEZIER_KNOTS.);
#1743 = CARTESIAN_POINT('',(0.,0.));
#1744 = CARTESIAN_POINT('',(0.,1.));
#1745 = ( GEOMETRIC_REPRESENTATION_CONTEXT(2) 
PARAMETRIC_REPRESENTATION_CONTEXT() REPRESENTATION_CONTEXT('2D SPACE',''
  ) );
#1746 = ORIENTED_EDGE('',*,*,#1747,.F.);
#1747 = EDGE_CURVE('',#1707,#1728,#1748,.T.);
#1748 = SURFACE_CURVE('',#1749,(#1755),.PCURVE_S1.);
#1749 = B_SPLINE_CURVE_WITH_KNOTS('',4,(#1750,#1751,#1752,#1753,#1754),
  .UNSPECIFIED.,.F.,.F.,(5,5),(0.,1.),.PIECEWISE_BEZIER_KNOTS.);
#1750 = CARTESIAN_POINT('',(148.29711,-22.498789,18.));
#1751 = CARTESIAN_POINT('',(150.06572,-10.851676,18.));
#1752 = CARTESIAN_POINT('',(150.61465,0.97957883,18.));
#1753 = CARTESIAN_POINT('',(149.91441,12.805527,18.));
#1754 = CARTESIAN_POINT('',(147.99732,24.42764,18.));
#1755 = PCURVE('',#524,#1756);
#1756 = DEFINITIONAL_REPRESENTATION('',(#1757),#1760);
#1757 = B_SPLINE_CURVE_WITH_KNOTS('',1,(#1758,#1759),.UNSPECIFIED.,.F.,
  .F.,(2,2),(0.,1.),.PIECEWISE_BEZIER_KNOTS.);
#1758 = CARTESIAN_POINT('',(2.3810476E-02,0.97618952));
#1759 = CARTESIAN_POINT('',(0.97618952,0.97618952));
#1760 = ( GEOMETRIC_REPRESENTATION_CONTEXT(2) 
PARAMETRIC_REPRESENTATION_CONTEXT() REPRESENTATION_CONTEXT('2D SPACE',''
  ) );
#1761 = ADVANCED_FACE('',(#1762),#811,.T.);
#1762 = FACE_BOUND('',#1763,.T.);
#1763 = EDGE_LOOP('',(#1764,#1765,#1766,#1786));
#1764 = ORIENTED_EDGE('',*,*,#1727,.F.);
#1765 = ORIENTED_EDGE('',*,*,#786,.T.);
#1766 = ORIENTED_EDGE('',*,*,#1767,.T.);
#1767 = EDGE_CURVE('',#757,#1768,#1770,.T.);
#1768 = VERTEX_POINT('',#1769);
#1769 = CARTESIAN_POINT('',(139.55795,24.246368,18.));
#1770 = SURFACE_CURVE('',#1771,(#1774,#1780),.PCURVE_S1.);
#1771 = B_SPLINE_CURVE_WITH_KNOTS('',1,(#1772,#1773),.UNSPECIFIED.,.F.,
  .F.,(2,2),(0.,1.),.PIECEWISE_BEZIER_KNOTS.);
#1772 = CARTESIAN_POINT('',(139.55795,24.246368,33.590727));
#1773 = CARTESIAN_POINT('',(139.55795,24.246368,18.));
#1774 = PCURVE('',#811,#1775);
#1775 = DEFINITIONAL_REPRESENTATION('',(#1776),#1779);
#1776 = B_SPLINE_CURVE_WITH_KNOTS('',1,(#1777,#1778),.UNSPECIFIED.,.F.,
  .F.,(2,2),(0.,1.),.PIECEWISE_BEZIER_KNOTS.);
#1777 = CARTESIAN_POINT('',(1.,0.));
#1778 = CARTESIAN_POINT('',(1.,1.));
#1779 = ( GEOMETRIC_REPRESENTATION_CONTEXT(2) 
PARAMETRIC_REPRESENTATION_CONTEXT() REPRESENTATION_CONTEXT('2D SPACE',''
  ) );
#1780 = PCURVE('',#1599,#1781);
#1781 = DEFINITIONAL_REPRESENTATION('',(#1782),#1785);
#1782 = B_SPLINE_CURVE_WITH_KNOTS('',1,(#1783,#1784),.UNSPECIFIED.,.F.,
  .F.,(2,2),(0.,1.),.PIECEWISE_BEZIER_KNOTS.);
#1783 = CARTESIAN_POINT('',(0.,0.));
#1784 = CARTESIAN_POINT('',(0.,1.));
#1785 = ( GEOMETRIC_REPRESENTATION_CONTEXT(2) 
PARAMETRIC_REPRESENTATION_CONTEXT() REPRESENTATION_CONTEXT('2D SPACE',''
  ) );
#1786 = ORIENTED_EDGE('',*,*,#1787,.F.);
#1787 = EDGE_CURVE('',#1728,#1768,#1788,.T.);
#1788 = SURFACE_CURVE('',#1789,(#1805),.PCURVE_S1.);
#1789 = B_SPLINE_CURVE_WITH_KNOTS('',14,(#1790,#1791,#1792,#1793,#1794,
    #1795,#1796,#1797,#1798,#1799,#1800,#1801,#1802,#1803,#1804),
  .UNSPECIFIED.,.F.,.F.,(15,15),(0.,1.),.PIECEWISE_BEZIER_KNOTS.);
#1790 = CARTESIAN_POINT('',(147.99729,24.427634,18.));
#1791 = CARTESIAN_POINT('',(147.3944,24.419277,18.));
#1792 = CARTESIAN_POINT('',(146.79151,24.410215,18.));
#1793 = CARTESIAN_POINT('',(146.18864,24.400446,18.));
#1794 = CARTESIAN_POINT('',(145.58577,24.38997,18.));
#1795 = CARTESIAN_POINT('',(144.98292,24.378788,18.));
#1796 = CARTESIAN_POINT('',(144.38008,24.3669,18.));
#1797 = CARTESIAN_POINT('',(143.77726,24.354306,18.));
#1798 = CARTESIAN_POINT('',(143.17445,24.341005,18.));
#1799 = CARTESIAN_POINT('',(142.57165,24.326998,18.));
#1800 = CARTESIAN_POINT('',(141.96887,24.312284,18.));
#1801 = CARTESIAN_POINT('',(141.36612,24.296865,18.));
#1802 = CARTESIAN_POINT('',(140.76337,24.280739,18.));
#1803 = CARTESIAN_POINT('',(140.16065,24.263906,18.));
#1804 = CARTESIAN_POINT('',(139.55795,24.246368,18.));
#1805 = PCURVE('',#811,#1806);
#1806 = DEFINITIONAL_REPRESENTATION('',(#1807),#1810);
#1807 = B_SPLINE_CURVE_WITH_KNOTS('',1,(#1808,#1809),.UNSPECIFIED.,.F.,
  .F.,(2,2),(0.,1.),.PIECEWISE_BEZIER_KNOTS.);
#1808 = CARTESIAN_POINT('',(0.,1.));
#1809 = CARTESIAN_POINT('',(1.,1.));
#1810 = ( GEOMETRIC_REPRESENTATION_CONTEXT(2) 
PARAMETRIC_REPRESENTATION_CONTEXT() REPRESENTATION_CONTEXT('2D SPACE',''
  ) );
#1811 = ADVANCED_FACE('',(#1812),#1599,.T.);
#1812 = FACE_BOUND('',#1813,.T.);
#1813 = EDGE_LOOP('',(#1814,#1815,#1816,#1836));
#1814 = ORIENTED_EDGE('',*,*,#1767,.F.);
#1815 = ORIENTED_EDGE('',*,*,#1578,.T.);
#1816 = ORIENTED_EDGE('',*,*,#1817,.T.);
#1817 = EDGE_CURVE('',#1527,#1818,#1820,.T.);
#1818 = VERTEX_POINT('',#1819);
#1819 = CARTESIAN_POINT('',(123.43326,23.503423,18.));
#1820 = SURFACE_CURVE('',#1821,(#1824,#1830),.PCURVE_S1.);
#1821 = B_SPLINE_CURVE_WITH_KNOTS('',1,(#1822,#1823),.UNSPECIFIED.,.F.,
  .F.,(2,2),(0.,1.),.PIECEWISE_BEZIER_KNOTS.);
#1822 = CARTESIAN_POINT('',(123.43326,23.503423,31.791638));
#1823 = CARTESIAN_POINT('',(123.43326,23.503423,18.));
#1824 = PCURVE('',#1599,#1825);
#1825 = DEFINITIONAL_REPRESENTATION('',(#1826),#1829);
#1826 = B_SPLINE_CURVE_WITH_KNOTS('',1,(#1827,#1828),.UNSPECIFIED.,.F.,
  .F.,(2,2),(0.,1.),.PIECEWISE_BEZIER_KNOTS.);
#1827 = CARTESIAN_POINT('',(1.,0.));
#1828 = CARTESIAN_POINT('',(1.,1.));
#1829 = ( GEOMETRIC_REPRESENTATION_CONTEXT(2) 
PARAMETRIC_REPRESENTATION_CONTEXT() REPRESENTATION_CONTEXT('2D SPACE',''
  ) );
#1830 = PCURVE('',#1549,#1831);
#1831 = DEFINITIONAL_REPRESENTATION('',(#1832),#1835);
#1832 = B_SPLINE_CURVE_WITH_KNOTS('',1,(#1833,#1834),.UNSPECIFIED.,.F.,
  .F.,(2,2),(0.,1.),.PIECEWISE_BEZIER_KNOTS.);
#1833 = CARTESIAN_POINT('',(0.,0.));
#1834 = CARTESIAN_POINT('',(0.,1.));
#1835 = ( GEOMETRIC_REPRESENTATION_CONTEXT(2) 
PARAMETRIC_REPRESENTATION_CONTEXT() REPRESENTATION_CONTEXT('2D SPACE',''
  ) );
#1836 = ORIENTED_EDGE('',*,*,#1837,.F.);
#1837 = EDGE_CURVE('',#1768,#1818,#1838,.T.);
#1838 = SURFACE_CURVE('',#1839,(#1850),.PCURVE_S1.);
#1839 = B_SPLINE_CURVE_WITH_KNOTS('',9,(#1840,#1841,#1842,#1843,#1844,
    #1845,#1846,#1847,#1848,#1849),.UNSPECIFIED.,.F.,.F.,(10,10),(0.,1.)
  ,.PIECEWISE_BEZIER_KNOTS.);
#1840 = CARTESIAN_POINT('',(139.55807,24.246469,18.));
#1841 = CARTESIAN_POINT('',(137.7704,24.192998,18.));
#1842 = CARTESIAN_POINT('',(135.97819,24.131978,18.));
#1843 = CARTESIAN_POINT('',(134.18577,24.063857,18.));
#1844 = CARTESIAN_POINT('',(132.40739,23.9917,18.));
#1845 = CARTESIAN_POINT('',(130.58047,23.901216,18.));
#1846 = CARTESIAN_POINT('',(128.82851,23.820672,18.));
#1847 = CARTESIAN_POINT('',(127.01065,23.717768,18.));
#1848 = CARTESIAN_POINT('',(125.22513,23.61499,18.));
#1849 = CARTESIAN_POINT('',(123.43326,23.503423,18.));
#1850 = PCURVE('',#1599,#1851);
#1851 = DEFINITIONAL_REPRESENTATION('',(#1852),#1855);
#1852 = B_SPLINE_CURVE_WITH_KNOTS('',1,(#1853,#1854),.UNSPECIFIED.,.F.,
  .F.,(2,2),(0.,1.),.PIECEWISE_BEZIER_KNOTS.);
#1853 = CARTESIAN_POINT('',(0.,1.));
#1854 = CARTESIAN_POINT('',(1.,1.));
#1855 = ( GEOMETRIC_REPRESENTATION_CONTEXT(2) 
PARAMETRIC_REPRESENTATION_CONTEXT() REPRESENTATION_CONTEXT('2D SPACE',''
  ) );
#1856 = ADVANCED_FACE('',(#1857),#1549,.T.);
#1857 = FACE_BOUND('',#1858,.T.);
#1858 = EDGE_LOOP('',(#1859,#1860,#1861,#1881));
#1859 = ORIENTED_EDGE('',*,*,#1817,.F.);
#1860 = ORIENTED_EDGE('',*,*,#1526,.T.);
#1861 = ORIENTED_EDGE('',*,*,#1862,.T.);
#1862 = EDGE_CURVE('',#1157,#1863,#1865,.T.);
#1863 = VERTEX_POINT('',#1864);
#1864 = CARTESIAN_POINT('',(107.34001,22.240199,18.));
#1865 = SURFACE_CURVE('',#1866,(#1869,#1875),.PCURVE_S1.);
#1866 = B_SPLINE_CURVE_WITH_KNOTS('',1,(#1867,#1868),.UNSPECIFIED.,.F.,
  .F.,(2,2),(0.,1.),.PIECEWISE_BEZIER_KNOTS.);
#1867 = CARTESIAN_POINT('',(107.34001,22.240199,33.579504));
#1868 = CARTESIAN_POINT('',(107.34001,22.240199,18.));
#1869 = PCURVE('',#1549,#1870);
#1870 = DEFINITIONAL_REPRESENTATION('',(#1871),#1874);
#1871 = B_SPLINE_CURVE_WITH_KNOTS('',1,(#1872,#1873),.UNSPECIFIED.,.F.,
  .F.,(2,2),(0.,1.),.PIECEWISE_BEZIER_KNOTS.);
#1872 = CARTESIAN_POINT('',(1.,0.));
#1873 = CARTESIAN_POINT('',(1.,1.));
#1874 = ( GEOMETRIC_REPRESENTATION_CONTEXT(2) 
PARAMETRIC_REPRESENTATION_CONTEXT() REPRESENTATION_CONTEXT('2D SPACE',''
  ) );
#1875 = PCURVE('',#1172,#1876);
#1876 = DEFINITIONAL_REPRESENTATION('',(#1877),#1880);
#1877 = B_SPLINE_CURVE_WITH_KNOTS('',1,(#1878,#1879),.UNSPECIFIED.,.F.,
  .F.,(2,2),(0.,1.),.PIECEWISE_BEZIER_KNOTS.);
#1878 = CARTESIAN_POINT('',(0.,0.));
#1879 = CARTESIAN_POINT('',(0.,1.));
#1880 = ( GEOMETRIC_REPRESENTATION_CONTEXT(2) 
PARAMETRIC_REPRESENTATION_CONTEXT() REPRESENTATION_CONTEXT('2D SPACE',''
  ) );
#1881 = ORIENTED_EDGE('',*,*,#1882,.F.);
#1882 = EDGE_CURVE('',#1818,#1863,#1883,.T.);
#1883 = SURFACE_CURVE('',#1884,(#1896),.PCURVE_S1.);
#1884 = B_SPLINE_CURVE_WITH_KNOTS('',10,(#1885,#1886,#1887,#1888,#1889,
    #1890,#1891,#1892,#1893,#1894,#1895),.UNSPECIFIED.,.F.,.F.,(11,11),(
    0.,1.),.PIECEWISE_BEZIER_KNOTS.);
#1885 = CARTESIAN_POINT('',(123.43326,23.503423,18.));
#1886 = CARTESIAN_POINT('',(121.82057,23.403012,18.));
#1887 = CARTESIAN_POINT('',(120.2028,23.29557,18.));
#1888 = CARTESIAN_POINT('',(118.62318,23.190949,18.));
#1889 = CARTESIAN_POINT('',(116.9212,23.052565,18.));
#1890 = CARTESIAN_POINT('',(115.46579,22.96415,18.));
#1891 = CARTESIAN_POINT('',(113.68262,22.795665,18.));
#1892 = CARTESIAN_POINT('',(112.20052,22.689174,18.));
#1893 = CARTESIAN_POINT('',(110.536,22.535665,18.));
#1894 = CARTESIAN_POINT('',(108.9419,22.391982,18.));
#1895 = CARTESIAN_POINT('',(107.34001,22.240199,18.));
#1896 = PCURVE('',#1549,#1897);
#1897 = DEFINITIONAL_REPRESENTATION('',(#1898),#1901);
#1898 = B_SPLINE_CURVE_WITH_KNOTS('',1,(#1899,#1900),.UNSPECIFIED.,.F.,
  .F.,(2,2),(0.,1.),.PIECEWISE_BEZIER_KNOTS.);
#1899 = CARTESIAN_POINT('',(0.,1.));
#1900 = CARTESIAN_POINT('',(1.,1.));
#1901 = ( GEOMETRIC_REPRESENTATION_CONTEXT(2) 
PARAMETRIC_REPRESENTATION_CONTEXT() REPRESENTATION_CONTEXT('2D SPACE',''
  ) );
#1902 = ADVANCED_FACE('',(#1903),#1027,.T.);
#1903 = FACE_BOUND('',#1904,.T.);
#1904 = EDGE_LOOP('',(#1905,#1944,#1945,#1946,#1947));
#1905 = ORIENTED_EDGE('',*,*,#1906,.F.);
#1906 = EDGE_CURVE('',#853,#1907,#1909,.T.);
#1907 = VERTEX_POINT('',#1908);
#1908 = CARTESIAN_POINT('',(99.500702,-10.002023,21.429236));
#1909 = SURFACE_CURVE('',#1910,(#1917,#1923),.PCURVE_S1.);
#1910 = B_SPLINE_CURVE_WITH_KNOTS('',5,(#1911,#1912,#1913,#1914,#1915,
    #1916),.UNSPECIFIED.,.F.,.F.,(6,6),(0.,1.),
  .PIECEWISE_BEZIER_KNOTS.);
#1911 = CARTESIAN_POINT('',(97.682164,21.232235,33.690659));
#1912 = CARTESIAN_POINT('',(99.024695,14.967625,29.8026));
#1913 = CARTESIAN_POINT('',(99.909054,8.7279937,26.854613));
#1914 = CARTESIAN_POINT('',(100.29724,2.4995513,24.484829));
#1915 = CARTESIAN_POINT('',(100.16554,-3.7379801,22.688161));
#1916 = CARTESIAN_POINT('',(99.500702,-10.002023,21.429236));
#1917 = PCURVE('',#1027,#1918);
#1918 = DEFINITIONAL_REPRESENTATION('',(#1919),#1922);
#1919 = B_SPLINE_CURVE_WITH_KNOTS('',1,(#1920,#1921),.UNSPECIFIED.,.F.,
  .F.,(2,2),(0.,1.),.PIECEWISE_BEZIER_KNOTS.);
#1920 = CARTESIAN_POINT('',(0.97618764,0.97618933));
#1921 = CARTESIAN_POINT('',(0.97618764,2.3810667E-02));
#1922 = ( GEOMETRIC_REPRESENTATION_CONTEXT(2) 
PARAMETRIC_REPRESENTATION_CONTEXT() REPRESENTATION_CONTEXT('2D SPACE',''
  ) );
#1923 = PCURVE('',#1924,#1939);
#1924 = B_SPLINE_SURFACE_WITH_KNOTS('',6,1,(
    (#1925,#1926)
    ,(#1927,#1928)
    ,(#1929,#1930)
    ,(#1931,#1932)
    ,(#1933,#1934)
    ,(#1935,#1936)
    ,(#1937,#1938
    )),.UNSPECIFIED.,.F.,.F.,.F.,(7,7),(2,2),(0.,1.),(0.,1.),
  .PIECEWISE_BEZIER_KNOTS.);
#1925 = CARTESIAN_POINT('',(97.511484,22.015502,34.587221));
#1926 = CARTESIAN_POINT('',(97.511484,22.015502,17.595417));
#1927 = CARTESIAN_POINT('',(98.726158,16.531734,31.014267));
#1928 = CARTESIAN_POINT('',(98.726158,16.531734,17.682566));
#1929 = CARTESIAN_POINT('',(99.606283,11.066998,28.173449));
#1930 = CARTESIAN_POINT('',(99.606283,11.066998,17.751857));
#1931 = CARTESIAN_POINT('',(100.12907,5.6138239,25.827385));
#1932 = CARTESIAN_POINT('',(100.12907,5.6138239,17.80908));
#1933 = CARTESIAN_POINT('',(100.27862,0.16111418,23.924559));
#1934 = CARTESIAN_POINT('',(100.27862,0.16111418,17.855493));
#1935 = CARTESIAN_POINT('',(100.04268,-5.301797,22.437826));
#1936 = CARTESIAN_POINT('',(100.04268,-5.301797,17.891756));
#1937 = CARTESIAN_POINT('',(99.41426,-10.78523,21.357122));
#1938 = CARTESIAN_POINT('',(99.41426,-10.78523,17.918116));
#1939 = DEFINITIONAL_REPRESENTATION('',(#1940),#1943);
#1940 = B_SPLINE_CURVE_WITH_KNOTS('',1,(#1941,#1942),.UNSPECIFIED.,.F.,
  .F.,(2,2),(0.,1.),.PIECEWISE_BEZIER_KNOTS.);
#1941 = CARTESIAN_POINT('',(2.3810476E-02,2.3810476E-02));
#1942 = CARTESIAN_POINT('',(0.97618952,2.3810476E-02));
#1943 = ( GEOMETRIC_REPRESENTATION_CONTEXT(2) 
PARAMETRIC_REPRESENTATION_CONTEXT() REPRESENTATION_CONTEXT('2D SPACE',''
  ) );
#1944 = ORIENTED_EDGE('',*,*,#852,.T.);
#1945 = ORIENTED_EDGE('',*,*,#1495,.T.);
#1946 = ORIENTED_EDGE('',*,*,#1462,.T.);
#1947 = ORIENTED_EDGE('',*,*,#1948,.F.);
#1948 = EDGE_CURVE('',#1907,#1252,#1949,.T.);
#1949 = SURFACE_CURVE('',#1950,(#1957,#1969),.PCURVE_S1.);
#1950 = B_SPLINE_CURVE_WITH_KNOTS('',5,(#1951,#1952,#1953,#1954,#1955,
    #1956),.UNSPECIFIED.,.F.,.F.,(6,6),(0.,1.),
  .PIECEWISE_BEZIER_KNOTS.);
#1951 = CARTESIAN_POINT('',(99.500702,-10.002023,21.429236));
#1952 = CARTESIAN_POINT('',(102.66743,-8.8276384,23.802562));
#1953 = CARTESIAN_POINT('',(105.95335,-7.9824381,25.795006));
#1954 = CARTESIAN_POINT('',(109.32658,-7.5005015,27.355257));
#1955 = CARTESIAN_POINT('',(112.78674,-7.4010833,28.458448));
#1956 = CARTESIAN_POINT('',(116.30478,-7.6810456,29.10033));
#1957 = PCURVE('',#1027,#1958);
#1958 = DEFINITIONAL_REPRESENTATION('',(#1959),#1968);
#1959 = B_SPLINE_CURVE_WITH_KNOTS('',7,(#1960,#1961,#1962,#1963,#1964,
    #1965,#1966,#1967),.UNSPECIFIED.,.F.,.F.,(8,8),(0.,1.),
  .PIECEWISE_BEZIER_KNOTS.);
#1960 = CARTESIAN_POINT('',(0.97618764,2.3810667E-02));
#1961 = CARTESIAN_POINT('',(0.83871376,6.579394E-02));
#1962 = CARTESIAN_POINT('',(0.70206401,0.10376944));
#1963 = CARTESIAN_POINT('',(0.56613248,0.13675748));
#1964 = CARTESIAN_POINT('',(0.43066647,0.16403079));
#1965 = CARTESIAN_POINT('',(0.2953452,0.18524495));
#1966 = CARTESIAN_POINT('',(0.15983321,0.2004005));
#1967 = CARTESIAN_POINT('',(2.3812361E-02,0.20975384));
#1968 = ( GEOMETRIC_REPRESENTATION_CONTEXT(2) 
PARAMETRIC_REPRESENTATION_CONTEXT() REPRESENTATION_CONTEXT('2D SPACE',''
  ) );
#1969 = PCURVE('',#1275,#1970);
#1970 = DEFINITIONAL_REPRESENTATION('',(#1971),#1974);
#1971 = B_SPLINE_CURVE_WITH_KNOTS('',1,(#1972,#1973),.UNSPECIFIED.,.F.,
  .F.,(2,2),(0.,1.),.PIECEWISE_BEZIER_KNOTS.);
#1972 = CARTESIAN_POINT('',(0.97618952,2.3810476E-02));
#1973 = CARTESIAN_POINT('',(0.97618952,0.97618952));
#1974 = ( GEOMETRIC_REPRESENTATION_CONTEXT(2) 
PARAMETRIC_REPRESENTATION_CONTEXT() REPRESENTATION_CONTEXT('2D SPACE',''
  ) );
#1975 = ADVANCED_FACE('',(#1976),#1275,.T.);
#1976 = FACE_BOUND('',#1977,.T.);
#1977 = EDGE_LOOP('',(#1978,#1979,#2030,#2031));
#1978 = ORIENTED_EDGE('',*,*,#1685,.F.);
#1979 = ORIENTED_EDGE('',*,*,#1980,.F.);
#1980 = EDGE_CURVE('',#1907,#1633,#1981,.T.);
#1981 = SURFACE_CURVE('',#1982,(#1987,#1993),.PCURVE_S1.);
#1982 = B_SPLINE_CURVE_WITH_KNOTS('',3,(#1983,#1984,#1985,#1986),
  .UNSPECIFIED.,.F.,.F.,(4,4),(0.,1.),.PIECEWISE_BEZIER_KNOTS.);
#1983 = CARTESIAN_POINT('',(99.500702,-10.002023,21.429236));
#1984 = CARTESIAN_POINT('',(108.20999,-11.769864,20.863316));
#1985 = CARTESIAN_POINT('',(116.87978,-13.771567,20.421533));
#1986 = CARTESIAN_POINT('',(125.49378,-16.004597,20.096916));
#1987 = PCURVE('',#1275,#1988);
#1988 = DEFINITIONAL_REPRESENTATION('',(#1989),#1992);
#1989 = B_SPLINE_CURVE_WITH_KNOTS('',1,(#1990,#1991),.UNSPECIFIED.,.F.,
  .F.,(2,2),(0.,1.),.PIECEWISE_BEZIER_KNOTS.);
#1990 = CARTESIAN_POINT('',(0.97618952,2.3810476E-02));
#1991 = CARTESIAN_POINT('',(2.3810476E-02,2.3810476E-02));
#1992 = ( GEOMETRIC_REPRESENTATION_CONTEXT(2) 
PARAMETRIC_REPRESENTATION_CONTEXT() REPRESENTATION_CONTEXT('2D SPACE',''
  ) );
#1993 = PCURVE('',#1994,#2025);
#1994 = B_SPLINE_SURFACE_WITH_KNOTS('',14,1,(
    (#1995,#1996)
    ,(#1997,#1998)
    ,(#1999,#2000)
    ,(#2001,#2002)
    ,(#2003,#2004)
    ,(#2005,#2006)
    ,(#2007,#2008)
    ,(#2009,#2010)
    ,(#2011,#2012)
    ,(#2013,#2014)
    ,(#2015,#2016)
    ,(#2017,#2018)
    ,(#2019,#2020)
    ,(#2021,#2022)
    ,(#2023,#2024
    )),.UNSPECIFIED.,.F.,.F.,.F.,(15,15),(2,2),(0.,1.),(0.,1.),
  .PIECEWISE_BEZIER_KNOTS.);
#1995 = CARTESIAN_POINT('',(98.847405,-9.8698673,21.558716));
#1996 = CARTESIAN_POINT('',(98.847405,-9.8698673,17.913198));
#1997 = CARTESIAN_POINT('',(100.80744,-10.265002,21.426766));
#1998 = CARTESIAN_POINT('',(100.80744,-10.265002,17.916417));
#1999 = CARTESIAN_POINT('',(102.76606,-10.668635,21.299454));
#2000 = CARTESIAN_POINT('',(102.76606,-10.668635,17.919522));
#2001 = CARTESIAN_POINT('',(104.7232,-11.080759,21.176753));
#2002 = CARTESIAN_POINT('',(104.7232,-11.080759,17.922515));
#2003 = CARTESIAN_POINT('',(106.67883,-11.501368,21.058638));
#2004 = CARTESIAN_POINT('',(106.67883,-11.501368,17.925396));
#2005 = CARTESIAN_POINT('',(108.63287,-11.930457,20.945086));
#2006 = CARTESIAN_POINT('',(108.63287,-11.930457,17.928166));
#2007 = CARTESIAN_POINT('',(110.58529,-12.368018,20.836071));
#2008 = CARTESIAN_POINT('',(110.58529,-12.368018,17.930825));
#2009 = CARTESIAN_POINT('',(112.53602,-12.814043,20.731571));
#2010 = CARTESIAN_POINT('',(112.53602,-12.814043,17.933374));
#2011 = CARTESIAN_POINT('',(114.48503,-13.268525,20.631563));
#2012 = CARTESIAN_POINT('',(114.48503,-13.268525,17.935813));
#2013 = CARTESIAN_POINT('',(116.43224,-13.731455,20.536023));
#2014 = CARTESIAN_POINT('',(116.43224,-13.731455,17.938143));
#2015 = CARTESIAN_POINT('',(118.37762,-14.202826,20.44493));
#2016 = CARTESIAN_POINT('',(118.37762,-14.202826,17.940365));
#2017 = CARTESIAN_POINT('',(120.32111,-14.682627,20.358263));
#2018 = CARTESIAN_POINT('',(120.32111,-14.682627,17.942479));
#2019 = CARTESIAN_POINT('',(122.26267,-15.170849,20.276001));
#2020 = CARTESIAN_POINT('',(122.26267,-15.170849,17.944486));
#2021 = CARTESIAN_POINT('',(124.20223,-15.667482,20.198123));
#2022 = CARTESIAN_POINT('',(124.20223,-15.667482,17.946385));
#2023 = CARTESIAN_POINT('',(126.13976,-16.172515,20.12461));
#2024 = CARTESIAN_POINT('',(126.13976,-16.172515,17.948178));
#2025 = DEFINITIONAL_REPRESENTATION('',(#2026),#2029);
#2026 = B_SPLINE_CURVE_WITH_KNOTS('',1,(#2027,#2028),.UNSPECIFIED.,.F.,
  .F.,(2,2),(0.,1.),.PIECEWISE_BEZIER_KNOTS.);
#2027 = CARTESIAN_POINT('',(2.3810476E-02,2.3810476E-02));
#2028 = CARTESIAN_POINT('',(0.97618952,2.3810476E-02));
#2029 = ( GEOMETRIC_REPRESENTATION_CONTEXT(2) 
PARAMETRIC_REPRESENTATION_CONTEXT() REPRESENTATION_CONTEXT('2D SPACE',''
  ) );
#2030 = ORIENTED_EDGE('',*,*,#1948,.T.);
#2031 = ORIENTED_EDGE('',*,*,#1251,.F.);
#2032 = ADVANCED_FACE('',(#2033),#1172,.T.);
#2033 = FACE_BOUND('',#2034,.T.);
#2034 = EDGE_LOOP('',(#2035,#2036,#2037,#2057));
#2035 = ORIENTED_EDGE('',*,*,#1862,.F.);
#2036 = ORIENTED_EDGE('',*,*,#1156,.F.);
#2037 = ORIENTED_EDGE('',*,*,#2038,.T.);
#2038 = EDGE_CURVE('',#853,#2039,#2041,.T.);
#2039 = VERTEX_POINT('',#2040);
#2040 = CARTESIAN_POINT('',(97.682164,21.232235,18.));
#2041 = SURFACE_CURVE('',#2042,(#2045,#2051),.PCURVE_S1.);
#2042 = B_SPLINE_CURVE_WITH_KNOTS('',1,(#2043,#2044),.UNSPECIFIED.,.F.,
  .F.,(2,2),(0.,1.),.PIECEWISE_BEZIER_KNOTS.);
#2043 = CARTESIAN_POINT('',(97.682164,21.232235,33.690659));
#2044 = CARTESIAN_POINT('',(97.682164,21.232235,18.));
#2045 = PCURVE('',#1172,#2046);
#2046 = DEFINITIONAL_REPRESENTATION('',(#2047),#2050);
#2047 = B_SPLINE_CURVE_WITH_KNOTS('',1,(#2048,#2049),.UNSPECIFIED.,.F.,
  .F.,(2,2),(0.,1.),.PIECEWISE_BEZIER_KNOTS.);
#2048 = CARTESIAN_POINT('',(1.,0.));
#2049 = CARTESIAN_POINT('',(1.,1.));
#2050 = ( GEOMETRIC_REPRESENTATION_CONTEXT(2) 
PARAMETRIC_REPRESENTATION_CONTEXT() REPRESENTATION_CONTEXT('2D SPACE',''
  ) );
#2051 = PCURVE('',#1924,#2052);
#2052 = DEFINITIONAL_REPRESENTATION('',(#2053),#2056);
#2053 = B_SPLINE_CURVE_WITH_KNOTS('',1,(#2054,#2055),.UNSPECIFIED.,.F.,
  .F.,(2,2),(0.,1.),.PIECEWISE_BEZIER_KNOTS.);
#2054 = CARTESIAN_POINT('',(2.3810476E-02,2.3810476E-02));
#2055 = CARTESIAN_POINT('',(2.3810476E-02,0.97618952));
#2056 = ( GEOMETRIC_REPRESENTATION_CONTEXT(2) 
PARAMETRIC_REPRESENTATION_CONTEXT() REPRESENTATION_CONTEXT('2D SPACE',''
  ) );
#2057 = ORIENTED_EDGE('',*,*,#2058,.F.);
#2058 = EDGE_CURVE('',#1863,#2039,#2059,.T.);
#2059 = SURFACE_CURVE('',#2060,(#2066),.PCURVE_S1.);
#2060 = B_SPLINE_CURVE_WITH_KNOTS('',4,(#2061,#2062,#2063,#2064,#2065),
  .UNSPECIFIED.,.F.,.F.,(5,5),(0.,1.),.PIECEWISE_BEZIER_KNOTS.);
#2061 = CARTESIAN_POINT('',(107.34011,22.240211,18.));
#2062 = CARTESIAN_POINT('',(104.92055,22.011297,18.));
#2063 = CARTESIAN_POINT('',(102.50427,21.766952,18.));
#2064 = CARTESIAN_POINT('',(100.09143,21.507241,18.));
#2065 = CARTESIAN_POINT('',(97.682164,21.232235,18.));
#2066 = PCURVE('',#1172,#2067);
#2067 = DEFINITIONAL_REPRESENTATION('',(#2068),#2071);
#2068 = B_SPLINE_CURVE_WITH_KNOTS('',1,(#2069,#2070),.UNSPECIFIED.,.F.,
  .F.,(2,2),(0.,1.),.PIECEWISE_BEZIER_KNOTS.);
#2069 = CARTESIAN_POINT('',(0.,1.));
#2070 = CARTESIAN_POINT('',(1.,1.));
#2071 = ( GEOMETRIC_REPRESENTATION_CONTEXT(2) 
PARAMETRIC_REPRESENTATION_CONTEXT() REPRESENTATION_CONTEXT('2D SPACE',''
  ) );
#2072 = ADVANCED_FACE('',(#2073),#1924,.T.);
#2073 = FACE_BOUND('',#2074,.T.);
#2074 = EDGE_LOOP('',(#2075,#2076,#2077,#2097));
#2075 = ORIENTED_EDGE('',*,*,#2038,.F.);
#2076 = ORIENTED_EDGE('',*,*,#1906,.T.);
#2077 = ORIENTED_EDGE('',*,*,#2078,.T.);
#2078 = EDGE_CURVE('',#1907,#2079,#2081,.T.);
#2079 = VERTEX_POINT('',#2080);
#2080 = CARTESIAN_POINT('',(99.500702,-10.002023,18.));
#2081 = SURFACE_CURVE('',#2082,(#2085,#2091),.PCURVE_S1.);
#2082 = B_SPLINE_CURVE_WITH_KNOTS('',1,(#2083,#2084),.UNSPECIFIED.,.F.,
  .F.,(2,2),(0.,1.),.PIECEWISE_BEZIER_KNOTS.);
#2083 = CARTESIAN_POINT('',(99.500702,-10.002023,21.429236));
#2084 = CARTESIAN_POINT('',(99.500702,-10.002023,18.));
#2085 = PCURVE('',#1924,#2086);
#2086 = DEFINITIONAL_REPRESENTATION('',(#2087),#2090);
#2087 = B_SPLINE_CURVE_WITH_KNOTS('',1,(#2088,#2089),.UNSPECIFIED.,.F.,
  .F.,(2,2),(0.,1.),.PIECEWISE_BEZIER_KNOTS.);
#2088 = CARTESIAN_POINT('',(0.97618952,2.3810476E-02));
#2089 = CARTESIAN_POINT('',(0.97618952,0.97618952));
#2090 = ( GEOMETRIC_REPRESENTATION_CONTEXT(2) 
PARAMETRIC_REPRESENTATION_CONTEXT() REPRESENTATION_CONTEXT('2D SPACE',''
  ) );
#2091 = PCURVE('',#1994,#2092);
#2092 = DEFINITIONAL_REPRESENTATION('',(#2093),#2096);
#2093 = B_SPLINE_CURVE_WITH_KNOTS('',1,(#2094,#2095),.UNSPECIFIED.,.F.,
  .F.,(2,2),(0.,1.),.PIECEWISE_BEZIER_KNOTS.);
#2094 = CARTESIAN_POINT('',(2.3810476E-02,2.3810476E-02));
#2095 = CARTESIAN_POINT('',(2.3810476E-02,0.97618952));
#2096 = ( GEOMETRIC_REPRESENTATION_CONTEXT(2) 
PARAMETRIC_REPRESENTATION_CONTEXT() REPRESENTATION_CONTEXT('2D SPACE',''
  ) );
#2097 = ORIENTED_EDGE('',*,*,#2098,.F.);
#2098 = EDGE_CURVE('',#2039,#2079,#2099,.T.);
#2099 = SURFACE_CURVE('',#2100,(#2106),.PCURVE_S1.);
#2100 = B_SPLINE_CURVE_WITH_KNOTS('',4,(#2101,#2102,#2103,#2104,#2105),
  .UNSPECIFIED.,.F.,.F.,(5,5),(0.,1.),.PIECEWISE_BEZIER_KNOTS.);
#2101 = CARTESIAN_POINT('',(97.682164,21.232235,18.));
#2102 = CARTESIAN_POINT('',(99.360328,13.401473,18.));
#2103 = CARTESIAN_POINT('',(100.27456,5.6131198,18.));
#2104 = CARTESIAN_POINT('',(100.33175,-2.1719694,18.));
#2105 = CARTESIAN_POINT('',(99.500702,-10.002023,18.));
#2106 = PCURVE('',#1924,#2107);
#2107 = DEFINITIONAL_REPRESENTATION('',(#2108),#2111);
#2108 = B_SPLINE_CURVE_WITH_KNOTS('',1,(#2109,#2110),.UNSPECIFIED.,.F.,
  .F.,(2,2),(0.,1.),.PIECEWISE_BEZIER_KNOTS.);
#2109 = CARTESIAN_POINT('',(2.3810476E-02,0.97618952));
#2110 = CARTESIAN_POINT('',(0.97618952,0.97618952));
#2111 = ( GEOMETRIC_REPRESENTATION_CONTEXT(2) 
PARAMETRIC_REPRESENTATION_CONTEXT() REPRESENTATION_CONTEXT('2D SPACE',''
  ) );
#2112 = ADVANCED_FACE('',(#2113),#1994,.T.);
#2113 = FACE_BOUND('',#2114,.T.);
#2114 = EDGE_LOOP('',(#2115,#2116,#2117,#2137));
#2115 = ORIENTED_EDGE('',*,*,#2078,.F.);
#2116 = ORIENTED_EDGE('',*,*,#1980,.T.);
#2117 = ORIENTED_EDGE('',*,*,#2118,.T.);
#2118 = EDGE_CURVE('',#1633,#2119,#2121,.T.);
#2119 = VERTEX_POINT('',#2120);
#2120 = CARTESIAN_POINT('',(125.49378,-16.004597,18.));
#2121 = SURFACE_CURVE('',#2122,(#2125,#2131),.PCURVE_S1.);
#2122 = B_SPLINE_CURVE_WITH_KNOTS('',1,(#2123,#2124),.UNSPECIFIED.,.F.,
  .F.,(2,2),(0.,1.),.PIECEWISE_BEZIER_KNOTS.);
#2123 = CARTESIAN_POINT('',(125.49378,-16.004597,20.096916));
#2124 = CARTESIAN_POINT('',(125.49378,-16.004597,18.));
#2125 = PCURVE('',#1994,#2126);
#2126 = DEFINITIONAL_REPRESENTATION('',(#2127),#2130);
#2127 = B_SPLINE_CURVE_WITH_KNOTS('',1,(#2128,#2129),.UNSPECIFIED.,.F.,
  .F.,(2,2),(0.,1.),.PIECEWISE_BEZIER_KNOTS.);
#2128 = CARTESIAN_POINT('',(0.97618952,2.3810476E-02));
#2129 = CARTESIAN_POINT('',(0.97618952,0.97618952));
#2130 = ( GEOMETRIC_REPRESENTATION_CONTEXT(2) 
PARAMETRIC_REPRESENTATION_CONTEXT() REPRESENTATION_CONTEXT('2D SPACE',''
  ) );
#2131 = PCURVE('',#1648,#2132);
#2132 = DEFINITIONAL_REPRESENTATION('',(#2133),#2136);
#2133 = B_SPLINE_CURVE_WITH_KNOTS('',1,(#2134,#2135),.UNSPECIFIED.,.F.,
  .F.,(2,2),(0.,1.),.PIECEWISE_BEZIER_KNOTS.);
#2134 = CARTESIAN_POINT('',(2.3810476E-02,2.3810476E-02));
#2135 = CARTESIAN_POINT('',(2.3810476E-02,0.97618952));
#2136 = ( GEOMETRIC_REPRESENTATION_CONTEXT(2) 
PARAMETRIC_REPRESENTATION_CONTEXT() REPRESENTATION_CONTEXT('2D SPACE',''
  ) );
#2137 = ORIENTED_EDGE('',*,*,#2138,.F.);
#2138 = EDGE_CURVE('',#2079,#2119,#2139,.T.);
#2139 = SURFACE_CURVE('',#2140,(#2145),.PCURVE_S1.);
#2140 = B_SPLINE_CURVE_WITH_KNOTS('',3,(#2141,#2142,#2143,#2144),
  .UNSPECIFIED.,.F.,.F.,(4,4),(0.,1.),.PIECEWISE_BEZIER_KNOTS.);
#2141 = CARTESIAN_POINT('',(99.500702,-10.002023,18.));
#2142 = CARTESIAN_POINT('',(108.20999,-11.769864,18.));
#2143 = CARTESIAN_POINT('',(116.87978,-13.771567,18.));
#2144 = CARTESIAN_POINT('',(125.49378,-16.004597,18.));
#2145 = PCURVE('',#1994,#2146);
#2146 = DEFINITIONAL_REPRESENTATION('',(#2147),#2150);
#2147 = B_SPLINE_CURVE_WITH_KNOTS('',1,(#2148,#2149),.UNSPECIFIED.,.F.,
  .F.,(2,2),(0.,1.),.PIECEWISE_BEZIER_KNOTS.);
#2148 = CARTESIAN_POINT('',(2.3810476E-02,0.97618952));
#2149 = CARTESIAN_POINT('',(0.97618952,0.97618952));
#2150 = ( GEOMETRIC_REPRESENTATION_CONTEXT(2) 
PARAMETRIC_REPRESENTATION_CONTEXT() REPRESENTATION_CONTEXT('2D SPACE',''
  ) );
#2151 = ADVANCED_FACE('',(#2152),#1648,.T.);
#2152 = FACE_BOUND('',#2153,.T.);
#2153 = EDGE_LOOP('',(#2154,#2155,#2156,#2157));
#2154 = ORIENTED_EDGE('',*,*,#2118,.F.);
#2155 = ORIENTED_EDGE('',*,*,#1632,.T.);
#2156 = ORIENTED_EDGE('',*,*,#1706,.T.);
#2157 = ORIENTED_EDGE('',*,*,#2158,.F.);
#2158 = EDGE_CURVE('',#2119,#1707,#2159,.T.);
#2159 = SURFACE_CURVE('',#2160,(#2165),.PCURVE_S1.);
#2160 = B_SPLINE_CURVE_WITH_KNOTS('',3,(#2161,#2162,#2163,#2164),
  .UNSPECIFIED.,.F.,.F.,(4,4),(0.,1.),.PIECEWISE_BEZIER_KNOTS.);
#2161 = CARTESIAN_POINT('',(125.49378,-16.004597,18.));
#2162 = CARTESIAN_POINT('',(133.14243,-17.987921,18.));
#2163 = CARTESIAN_POINT('',(140.74711,-20.153554,18.));
#2164 = CARTESIAN_POINT('',(148.29711,-22.498789,18.));
#2165 = PCURVE('',#1648,#2166);
#2166 = DEFINITIONAL_REPRESENTATION('',(#2167),#2170);
#2167 = B_SPLINE_CURVE_WITH_KNOTS('',1,(#2168,#2169),.UNSPECIFIED.,.F.,
  .F.,(2,2),(0.,1.),.PIECEWISE_BEZIER_KNOTS.);
#2168 = CARTESIAN_POINT('',(2.3810476E-02,0.97618952));
#2169 = CARTESIAN_POINT('',(0.97618952,0.97618952));
#2170 = ( GEOMETRIC_REPRESENTATION_CONTEXT(2) 
PARAMETRIC_REPRESENTATION_CONTEXT() REPRESENTATION_CONTEXT('2D SPACE',''
  ) );
#2171 = ( GEOMETRIC_REPRESENTATION_CONTEXT(3) 
GLOBAL_UNCERTAINTY_ASSIGNED_CONTEXT((#2175)) 
GLOBAL_UNIT_ASSIGNED_CONTEXT((#2172,#2173,#2174)) REPRESENTATION_CONTEXT
('Context #1','3D Context with UNIT and UNCERTAINTY') );
#2172 = ( LENGTH_UNIT() NAMED_UNIT(*) SI_UNIT(.MILLI.,.METRE.) );
#2173 = ( NAMED_UNIT(*) PLANE_ANGLE_UNIT() SI_UNIT($,.RADIAN.) );
#2174 = ( NAMED_UNIT(*) SI_UNIT($,.STERADIAN.) SOLID_ANGLE_UNIT() );
#2175 = UNCERTAINTY_MEASURE_WITH_UNIT(LENGTH_MEASURE(1.E-03),#2172,
  'distance_accuracy_value','confusion accuracy');
#2176 = PRODUCT_RELATED_PRODUCT_CATEGORY('part',$,(#7));
ENDSEC;
END-ISO-10303-21;
