ISO-10303-21;
HEADER;
FILE_DESCRIPTION(('Open CASCADE Model'),'2;1');
FILE_NAME('Open CASCADE Shape Model','2026-07-11T20:15:54',('Author'),(
    'Open CASCADE'),'Open CASCADE STEP processor 8.0','Open CASCADE 8.0'
  ,'Unknown');
FILE_SCHEMA(('AUTOMOTIVE_DESIGN { 1 0 10303 214 1 1 1 1 }'));
ENDSEC;
DATA;
#1 = APPLICATION_PROTOCOL_DEFINITION('international standard',
  'automotive_design',2000,#2);
#2 = APPLICATION_CONTEXT(
  'core data for automotive mechanical design processes');
#3 = SHAPE_DEFINITION_REPRESENTATION(#4,#10);
#4 = PRODUCT_DEFINITION_SHAPE('','',#5);
#5 = PRODUCT_DEFINITION('design','',#6,#9);
#6 = PRODUCT_DEFINITION_FORMATION('','',#7);
#7 = PRODUCT('Open CASCADE STEP translator 8.0 1',
  'Open CASCADE STEP translator 8.0 1','',(#8));
#8 = PRODUCT_CONTEXT('',#2,'mechanical');
#9 = PRODUCT_DEFINITION_CONTEXT('part definition',#2,'design');
#10 = ADVANCED_BREP_SHAPE_REPRESENTATION('',(#11,#15),#1678);
#11 = AXIS2_PLACEMENT_3D('',#12,#13,#14);
#12 = CARTESIAN_POINT('',(0.,0.,0.));
#13 = DIRECTION('',(0.,0.,1.));
#14 = DIRECTION('',(1.,0.,-0.));
#15 = MANIFOLD_SOLID_BREP('',#16);
#16 = CLOSED_SHELL('',(#17,#407,#553,#629,#888,#937,#1123,#1178,#1301,
    #1362,#1403,#1430,#1457,#1464,#1468,#1545,#1594,#1644,#1671));
#17 = ADVANCED_FACE('',(#18,#293),#77,.T.);
#18 = FACE_BOUND('',#19,.T.);
#19 = EDGE_LOOP('',(#20));
#20 = ORIENTED_EDGE('',*,*,#21,.F.);
#21 = EDGE_CURVE('',#22,#22,#24,.T.);
#22 = VERTEX_POINT('',#23);
#23 = CARTESIAN_POINT('',(29.791015625,23.483305011109,150.));
#24 = SURFACE_CURVE('',#25,(#76,#135),.PCURVE_S1.);
#25 = ( BOUNDED_CURVE() B_SPLINE_CURVE(9,(#26,#27,#28,#29,#30,#31,#32,
    #33,#34,#35,#36,#37,#38,#39,#40,#41,#42,#43,#44,#45,#46,#47,#48,#49,
    #50,#51,#52,#53,#54,#55,#56,#57,#58,#59,#60,#61,#62,#63,#64,#65,#66,
    #67,#68,#69,#70,#71,#72,#73,#74,#75),.UNSPECIFIED.,.T.,.F.) 
B_SPLINE_CURVE_WITH_KNOTS((10,8,8,8,8,8,10),(6.18537372262E-14,
    90.439830129344,180.87966025868,271.31949038803,361.75932051737,
452.19915064672,542.63898077606),.UNSPECIFIED.) CURVE() 
GEOMETRIC_REPRESENTATION_ITEM() RATIONAL_B_SPLINE_CURVE((1.,1.,1.,1.,1.,
    1.,1.,1.,1.,1.,1.,1.,1.,1.,1.,1.,1.,1.,1.,1.,1.,1.,1.,1.,1.,1.,1.,1.
    ,1.,1.,1.,1.,1.,1.,1.,1.,1.,1.,1.,1.,1.,1.,1.,1.,1.,1.,1.,1.,1.,1.))
 REPRESENTATION_ITEM('') );
#26 = CARTESIAN_POINT('',(29.791015625,23.483305011109,150.));
#27 = CARTESIAN_POINT('',(19.821799996354,23.483305011109,150.));
#28 = CARTESIAN_POINT('',(9.852645178849,22.40931581815,150.));
#29 = CARTESIAN_POINT('',(-0.271064103533,20.251160095949,150.));
#30 = CARTESIAN_POINT('',(-10.53979723688,16.837256010313,150.));
#31 = CARTESIAN_POINT('',(-20.80483493947,11.991365736091,150.));
#32 = CARTESIAN_POINT('',(-30.75374201298,5.540115594024,150.));
#33 = CARTESIAN_POINT('',(-39.93514725643,-2.472946746081,150.));
#34 = CARTESIAN_POINT('',(-47.97561354211,-11.8117346978,150.));
#35 = CARTESIAN_POINT('',(-61.27363912291,-32.47422027372,150.));
#36 = CARTESIAN_POINT('',(-66.53122869486,-43.79794758434,150.));
#37 = CARTESIAN_POINT('',(-70.14839540003,-55.77997311794,150.));
#38 = CARTESIAN_POINT('',(-72.000984377,-67.99119224888,150.));
#39 = CARTESIAN_POINT('',(-72.16710741264,-79.98330372505,150.));
#40 = CARTESIAN_POINT('',(-70.87657342266,-91.4942073088,150.));
#41 = CARTESIAN_POINT('',(-68.31219921069,-102.4092430707,150.));
#42 = CARTESIAN_POINT('',(-64.58849837318,-112.7302024575,150.));
#43 = CARTESIAN_POINT('',(-54.66815895779,-132.2831047236,150.));
#44 = CARTESIAN_POINT('',(-48.47157149421,-141.5149560897,150.));
#45 = CARTESIAN_POINT('',(-40.9619850622,-150.2521939311,150.));
#46 = CARTESIAN_POINT('',(-32.01961829025,-158.3354010724,150.));
#47 = CARTESIAN_POINT('',(-21.60079898396,-165.4809958897,150.));
#48 = CARTESIAN_POINT('',(-9.781613439332,-171.2546678111,150.));
#49 = CARTESIAN_POINT('',(3.063969424329,-175.2437479236,150.));
#50 = CARTESIAN_POINT('',(16.42750521279,-177.2440471986,150.));
#51 = CARTESIAN_POINT('',(43.15452603721,-177.2440471986,150.));
#52 = CARTESIAN_POINT('',(56.518061825672,-175.2437479236,150.));
#53 = CARTESIAN_POINT('',(69.36364468933,-171.2546678111,150.));
#54 = CARTESIAN_POINT('',(81.18283023397,-165.4809958897,150.));
#55 = CARTESIAN_POINT('',(91.601649540252,-158.3354010724,150.));
#56 = CARTESIAN_POINT('',(100.5440163122,-150.2521939311,150.));
#57 = CARTESIAN_POINT('',(108.05360274421,-141.5149560897,150.));
#58 = CARTESIAN_POINT('',(114.25019020779,-132.2831047236,150.));
#59 = CARTESIAN_POINT('',(124.17052962318,-112.7302024575,150.));
#60 = CARTESIAN_POINT('',(127.89423046068,-102.4092430707,150.));
#61 = CARTESIAN_POINT('',(130.45860467266,-91.49420730879,
    149.99999999999));
#62 = CARTESIAN_POINT('',(131.74913866263,-79.98330372505,150.));
#63 = CARTESIAN_POINT('',(131.58301562701,-67.99119224887,
    149.99999999999));
#64 = CARTESIAN_POINT('',(129.73042665003,-55.77997311794,150.));
#65 = CARTESIAN_POINT('',(126.11325994486,-43.79794758434,150.));
#66 = CARTESIAN_POINT('',(120.85567037291,-32.47422027372,150.));
#67 = CARTESIAN_POINT('',(107.55764479211,-11.8117346978,150.));
#68 = CARTESIAN_POINT('',(99.517178506428,-2.472946746079,150.));
#69 = CARTESIAN_POINT('',(90.335773262987,5.540115594022,150.));
#70 = CARTESIAN_POINT('',(80.386866189472,11.991365736092,
    149.99999999999));
#71 = CARTESIAN_POINT('',(70.121828486882,16.837256010312,150.));
#72 = CARTESIAN_POINT('',(59.853095353536,20.251160095951,
    149.99999999999));
#73 = CARTESIAN_POINT('',(49.729386071149,22.409315818148,150.));
#74 = CARTESIAN_POINT('',(39.760231253646,23.48330501111,150.));
#75 = CARTESIAN_POINT('',(29.791015625,23.483305011109,150.));
#76 = PCURVE('',#77,#82);
#77 = PLANE('',#78);
#78 = AXIS2_PLACEMENT_3D('',#79,#80,#81);
#79 = CARTESIAN_POINT('',(195.64331054687,197.46630859375,150.));
#80 = DIRECTION('',(0.,0.,1.));
#81 = DIRECTION('',(0.,1.,0.));
#82 = DEFINITIONAL_REPRESENTATION('',(#83),#134);
#83 = B_SPLINE_CURVE_WITH_KNOTS('',9,(#84,#85,#86,#87,#88,#89,#90,#91,
    #92,#93,#94,#95,#96,#97,#98,#99,#100,#101,#102,#103,#104,#105,#106,
    #107,#108,#109,#110,#111,#112,#113,#114,#115,#116,#117,#118,#119,
    #120,#121,#122,#123,#124,#125,#126,#127,#128,#129,#130,#131,#132,
    #133),.UNSPECIFIED.,.T.,.F.,(10,8,8,8,8,8,10),(6.18537372262E-14,
    90.439830129344,180.87966025868,271.31949038803,361.75932051737,
    452.19915064672,542.63898077606),.UNSPECIFIED.);
#84 = CARTESIAN_POINT('',(-173.9830035826,165.85229492187));
#85 = CARTESIAN_POINT('',(-173.9830035826,175.82151055051));
#86 = CARTESIAN_POINT('',(-175.0569927756,185.79066536803));
#87 = CARTESIAN_POINT('',(-177.2151484977,195.91437465038));
#88 = CARTESIAN_POINT('',(-180.6290525834,206.18310778379));
#89 = CARTESIAN_POINT('',(-185.4749428576,216.44814548631));
#90 = CARTESIAN_POINT('',(-191.9261929997,226.39705255987));
#91 = CARTESIAN_POINT('',(-199.9392553398,235.57845780329));
#92 = CARTESIAN_POINT('',(-209.2780432915,243.61892408899));
#93 = CARTESIAN_POINT('',(-229.9405288674,256.91694966978));
#94 = CARTESIAN_POINT('',(-241.264256178,262.17453924173));
#95 = CARTESIAN_POINT('',(-253.2462817117,265.79170594692));
#96 = CARTESIAN_POINT('',(-265.4575008426,267.64429492385));
#97 = CARTESIAN_POINT('',(-277.4496123188,267.81041795954));
#98 = CARTESIAN_POINT('',(-288.9605159025,266.51988396952));
#99 = CARTESIAN_POINT('',(-299.8755516644,263.95550975757));
#100 = CARTESIAN_POINT('',(-310.1965110513,260.23180892005));
#101 = CARTESIAN_POINT('',(-329.7494133174,250.31146950467));
#102 = CARTESIAN_POINT('',(-338.9812646835,244.11488204107));
#103 = CARTESIAN_POINT('',(-347.7185025249,236.60529560911));
#104 = CARTESIAN_POINT('',(-355.8017096661,227.66292883709));
#105 = CARTESIAN_POINT('',(-362.9473044834,217.24410953087));
#106 = CARTESIAN_POINT('',(-368.7209764049,205.42492398618));
#107 = CARTESIAN_POINT('',(-372.7100565173,192.57934112255));
#108 = CARTESIAN_POINT('',(-374.7103557923,179.21580533408));
#109 = CARTESIAN_POINT('',(-374.7103557923,152.48878450966));
#110 = CARTESIAN_POINT('',(-372.7100565174,139.12524872121));
#111 = CARTESIAN_POINT('',(-368.7209764048,126.27966585753));
#112 = CARTESIAN_POINT('',(-362.9473044835,114.46048031292));
#113 = CARTESIAN_POINT('',(-355.8017096661,104.04166100661));
#114 = CARTESIAN_POINT('',(-347.7185025249,95.099294234673));
#115 = CARTESIAN_POINT('',(-338.9812646835,87.589707802655));
#116 = CARTESIAN_POINT('',(-329.7494133174,81.393120339077));
#117 = CARTESIAN_POINT('',(-310.1965110513,71.472780923696));
#118 = CARTESIAN_POINT('',(-299.8755516644,67.749080086179));
#119 = CARTESIAN_POINT('',(-288.9605159025,65.184705874223));
#120 = CARTESIAN_POINT('',(-277.4496123187,63.894171884212));
#121 = CARTESIAN_POINT('',(-265.4575008426,64.060294919889));
#122 = CARTESIAN_POINT('',(-253.2462817116,65.912883896827));
#123 = CARTESIAN_POINT('',(-241.2642561781,69.530050602014));
#124 = CARTESIAN_POINT('',(-229.9405288674,74.787640173964));
#125 = CARTESIAN_POINT('',(-209.2780432915,88.085665754759));
#126 = CARTESIAN_POINT('',(-199.9392553398,96.126132040454));
#127 = CARTESIAN_POINT('',(-191.9261929996,105.30753728387));
#128 = CARTESIAN_POINT('',(-185.4749428577,115.25644435743));
#129 = CARTESIAN_POINT('',(-180.6290525833,125.52148205996));
#130 = CARTESIAN_POINT('',(-177.2151484978,135.79021519336));
#131 = CARTESIAN_POINT('',(-175.0569927755,145.91392447571));
#132 = CARTESIAN_POINT('',(-173.9830035826,155.88307929323));
#133 = CARTESIAN_POINT('',(-173.9830035826,165.85229492187));
#134 = ( GEOMETRIC_REPRESENTATION_CONTEXT(2) 
PARAMETRIC_REPRESENTATION_CONTEXT() REPRESENTATION_CONTEXT('2D SPACE',''
  ) );
#135 = PCURVE('',#136,#287);
#136 = ( BOUNDED_SURFACE() B_SPLINE_SURFACE(2,9,(
    (#137,#138,#139,#140,#141,#142,#143,#144,#145,#146,#147,#148,#149
      ,#150,#151,#152,#153,#154,#155,#156,#157,#158,#159,#160,#161,#162
      ,#163,#164,#165,#166,#167,#168,#169,#170,#171,#172,#173,#174,#175
      ,#176,#177,#178,#179,#180,#181,#182,#183,#184,#185,#186)
    ,(#187,#188,#189,#190,#191,#192,#193,#194,#195,#196,#197,#198,#199
      ,#200,#201,#202,#203,#204,#205,#206,#207,#208,#209,#210,#211,#212
      ,#213,#214,#215,#216,#217,#218,#219,#220,#221,#222,#223,#224,#225
      ,#226,#227,#228,#229,#230,#231,#232,#233,#234,#235,#236)
    ,(#237,#238,#239,#240,#241,#242,#243,#244,#245,#246,#247,#248,#249
      ,#250,#251,#252,#253,#254,#255,#256,#257,#258,#259,#260,#261,#262
      ,#263,#264,#265,#266,#267,#268,#269,#270,#271,#272,#273,#274,#275
      ,#276,#277,#278,#279,#280,#281,#282,#283,#284,#285,#286
)),.UNSPECIFIED.,.F.,.T.,.F.) B_SPLINE_SURFACE_WITH_KNOTS((3,3),(10,8,8,
    8,8,8,10),(0.,1.),(6.18537372262E-14,90.439830129344,180.87966025868
    ,271.31949038803,361.75932051737,452.19915064672,542.63898077606),
.UNSPECIFIED.) GEOMETRIC_REPRESENTATION_ITEM() RATIONAL_B_SPLINE_SURFACE
((
    (1.,1.,1.,1.,1.,1.,1.,1.,1.,1.,1.,1.,1.,1.,1.,1.,1.,1.,1.,1.,1.,1.
      ,1.,1.,1.,1.,1.,1.,1.,1.,1.,1.,1.,1.,1.,1.,1.,1.,1.,1.,1.,1.,1.,1.
      ,1.,1.,1.,1.,1.,1.)
    ,(0.707106781187,0.707106781187,0.707106781187,0.707106781187
      ,0.707106781187,0.707106781187,0.707106781187,0.707106781187
      ,0.707106781187,0.707106781187,0.707106781187,0.707106781187
      ,0.707106781186,0.707106781187,0.707106781186,0.707106781187
      ,0.707106781187,0.707106781187,0.707106781187,0.707106781187
      ,0.707106781186,0.707106781187,0.707106781186,0.707106781187
      ,0.707106781187,0.707106781187,0.707106781187,0.707106781186
      ,0.707106781187,0.707106781186,0.707106781187,0.707106781187
      ,0.707106781187,0.707106781187,0.707106781187,0.707106781187
      ,0.707106781187,0.707106781187,0.707106781187,0.707106781187
      ,0.707106781187,0.707106781187,0.707106781187,0.707106781186
      ,0.707106781187,0.707106781186,0.707106781187,0.707106781187
      ,0.707106781187,0.707106781187)
    ,(1.,1.,1.,1.,1.,1.,1.,1.,1.,1.,1.,1.,1.,1.,1.,1.,1.,1.,1.,1.,1.,1.
      ,1.,1.,1.,1.,1.,1.,1.,1.,1.,1.,1.,1.,1.,1.,1.,1.,1.,1.,1.,1.,1.,1.
,1.,1.,1.,1.,1.,1.))) REPRESENTATION_ITEM('') SURFACE() );
#137 = CARTESIAN_POINT('',(29.791015625,23.483305011109,150.));
#138 = CARTESIAN_POINT('',(19.821799996354,23.483305011109,150.));
#139 = CARTESIAN_POINT('',(9.852645178849,22.40931581815,150.));
#140 = CARTESIAN_POINT('',(-0.271064103533,20.251160095949,150.));
#141 = CARTESIAN_POINT('',(-10.53979723688,16.837256010313,150.));
#142 = CARTESIAN_POINT('',(-20.80483493947,11.991365736091,150.));
#143 = CARTESIAN_POINT('',(-30.75374201298,5.540115594024,150.));
#144 = CARTESIAN_POINT('',(-39.93514725643,-2.472946746081,150.));
#145 = CARTESIAN_POINT('',(-47.97561354211,-11.8117346978,150.));
#146 = CARTESIAN_POINT('',(-61.27363912291,-32.47422027372,150.));
#147 = CARTESIAN_POINT('',(-66.53122869486,-43.79794758434,150.));
#148 = CARTESIAN_POINT('',(-70.14839540003,-55.77997311794,150.));
#149 = CARTESIAN_POINT('',(-72.000984377,-67.99119224888,150.));
#150 = CARTESIAN_POINT('',(-72.16710741264,-79.98330372505,150.));
#151 = CARTESIAN_POINT('',(-70.87657342266,-91.4942073088,150.));
#152 = CARTESIAN_POINT('',(-68.31219921069,-102.4092430707,150.));
#153 = CARTESIAN_POINT('',(-64.58849837318,-112.7302024575,150.));
#154 = CARTESIAN_POINT('',(-54.66815895779,-132.2831047236,150.));
#155 = CARTESIAN_POINT('',(-48.47157149421,-141.5149560897,150.));
#156 = CARTESIAN_POINT('',(-40.9619850622,-150.2521939311,150.));
#157 = CARTESIAN_POINT('',(-32.01961829025,-158.3354010724,150.));
#158 = CARTESIAN_POINT('',(-21.60079898396,-165.4809958897,150.));
#159 = CARTESIAN_POINT('',(-9.781613439332,-171.2546678111,150.));
#160 = CARTESIAN_POINT('',(3.063969424329,-175.2437479236,150.));
#161 = CARTESIAN_POINT('',(16.42750521279,-177.2440471986,150.));
#162 = CARTESIAN_POINT('',(43.15452603721,-177.2440471986,150.));
#163 = CARTESIAN_POINT('',(56.518061825672,-175.2437479236,150.));
#164 = CARTESIAN_POINT('',(69.36364468933,-171.2546678111,150.));
#165 = CARTESIAN_POINT('',(81.18283023397,-165.4809958897,150.));
#166 = CARTESIAN_POINT('',(91.601649540252,-158.3354010724,150.));
#167 = CARTESIAN_POINT('',(100.5440163122,-150.2521939311,150.));
#168 = CARTESIAN_POINT('',(108.05360274421,-141.5149560897,150.));
#169 = CARTESIAN_POINT('',(114.25019020779,-132.2831047236,150.));
#170 = CARTESIAN_POINT('',(124.17052962318,-112.7302024575,150.));
#171 = CARTESIAN_POINT('',(127.89423046068,-102.4092430707,150.));
#172 = CARTESIAN_POINT('',(130.45860467266,-91.49420730879,
    149.99999999999));
#173 = CARTESIAN_POINT('',(131.74913866263,-79.98330372505,150.));
#174 = CARTESIAN_POINT('',(131.58301562701,-67.99119224887,
    149.99999999999));
#175 = CARTESIAN_POINT('',(129.73042665003,-55.77997311794,150.));
#176 = CARTESIAN_POINT('',(126.11325994486,-43.79794758434,150.));
#177 = CARTESIAN_POINT('',(120.85567037291,-32.47422027372,150.));
#178 = CARTESIAN_POINT('',(107.55764479211,-11.8117346978,150.));
#179 = CARTESIAN_POINT('',(99.517178506428,-2.472946746079,150.));
#180 = CARTESIAN_POINT('',(90.335773262987,5.540115594022,150.));
#181 = CARTESIAN_POINT('',(80.386866189472,11.991365736092,
    149.99999999999));
#182 = CARTESIAN_POINT('',(70.121828486882,16.837256010312,150.));
#183 = CARTESIAN_POINT('',(59.853095353536,20.251160095951,
    149.99999999999));
#184 = CARTESIAN_POINT('',(49.729386071149,22.409315818148,150.));
#185 = CARTESIAN_POINT('',(39.760231253646,23.48330501111,150.));
#186 = CARTESIAN_POINT('',(29.791015625,23.483305011109,150.));
#187 = CARTESIAN_POINT('',(29.791015625,15.483305011109,150.));
#188 = CARTESIAN_POINT('',(20.70157183512,15.483305011108,150.));
#189 = CARTESIAN_POINT('',(11.612191061633,14.407066933131,150.));
#190 = CARTESIAN_POINT('',(2.406222905313,12.254834839093,150.));
#191 = CARTESIAN_POINT('',(-6.868239787181,8.883422845124,
    149.99999999999));
#192 = CARTESIAN_POINT('',(-16.0441653582,4.163390660046,150.));
#193 = CARTESIAN_POINT('',(-24.81107716929,-2.023009384681,
    149.99999999999));
#194 = CARTESIAN_POINT('',(-32.75328088162,-9.582266979963,150.));
#195 = CARTESIAN_POINT('',(-39.54873761363,-18.25299447763,150.));
#196 = CARTESIAN_POINT('',(-50.4555060784,-37.144071605,150.));
#197 = CARTESIAN_POINT('',(-54.56684799467,-47.36447351408,150.));
#198 = CARTESIAN_POINT('',(-57.14225524976,-58.02225248863,150.));
#199 = CARTESIAN_POINT('',(-58.11637894095,-68.70782085213,150.));
#200 = CARTESIAN_POINT('',(-57.61608393436,-79.01442159241,150.));
#201 = CARTESIAN_POINT('',(-55.89858102155,-88.73204788755,150.));
#202 = CARTESIAN_POINT('',(-53.15948461164,-97.78076622437,150.));
#203 = CARTESIAN_POINT('',(-49.54684374096,-106.1905199178,150.));
#204 = CARTESIAN_POINT('',(-40.45739995107,-121.9338983744,150.));
#205 = CARTESIAN_POINT('',(-34.98066004828,-129.26741399,150.));
#206 = CARTESIAN_POINT('',(-28.51378830184,-136.1639002327,150.));
#207 = CARTESIAN_POINT('',(-20.9568285222,-142.5101145339,150.));
#208 = CARTESIAN_POINT('',(-12.28119795773,-148.0966830891,
    149.99999999999));
#209 = CARTESIAN_POINT('',(-2.540162455478,-152.5958514079,150.));
#210 = CARTESIAN_POINT('',(7.977448511945,-155.6943727872,
    149.99999999999));
#211 = CARTESIAN_POINT('',(18.88424716023,-157.2440471986,150.));
#212 = CARTESIAN_POINT('',(40.69778408977,-157.2440471986,150.));
#213 = CARTESIAN_POINT('',(51.604582738055,-155.6943727872,150.));
#214 = CARTESIAN_POINT('',(62.122193705479,-152.5958514079,
    149.99999999999));
#215 = CARTESIAN_POINT('',(71.863229207732,-148.0966830891,150.));
#216 = CARTESIAN_POINT('',(80.538859772203,-142.5101145339,
    149.99999999999));
#217 = CARTESIAN_POINT('',(88.095819551849,-136.1639002328,150.));
#218 = CARTESIAN_POINT('',(94.562691298287,-129.26741399,149.99999999999
    ));
#219 = CARTESIAN_POINT('',(100.03943120107,-121.9338983744,150.));
#220 = CARTESIAN_POINT('',(109.12887499096,-106.1905199178,150.));
#221 = CARTESIAN_POINT('',(112.74151586164,-97.78076622437,150.));
#222 = CARTESIAN_POINT('',(115.48061227155,-88.73204788754,
    149.99999999999));
#223 = CARTESIAN_POINT('',(117.19811518436,-79.01442159242,150.));
#224 = CARTESIAN_POINT('',(117.69841019095,-68.70782085212,
    149.99999999999));
#225 = CARTESIAN_POINT('',(116.72428649976,-58.02225248863,150.));
#226 = CARTESIAN_POINT('',(114.14887924468,-47.36447351408,150.));
#227 = CARTESIAN_POINT('',(110.0375373284,-37.144071605,150.));
#228 = CARTESIAN_POINT('',(99.130768863634,-18.25299447763,150.));
#229 = CARTESIAN_POINT('',(92.335312131622,-9.58226697996,150.));
#230 = CARTESIAN_POINT('',(84.393108419286,-2.023009384684,150.));
#231 = CARTESIAN_POINT('',(75.626196608219,4.16339066005,150.));
#232 = CARTESIAN_POINT('',(66.450271037166,8.883422845121,150.));
#233 = CARTESIAN_POINT('',(57.175808344698,12.254834839095,
    149.99999999999));
#234 = CARTESIAN_POINT('',(47.969840188362,14.40706693313,150.));
#235 = CARTESIAN_POINT('',(38.880459414882,15.483305011108,150.));
#236 = CARTESIAN_POINT('',(29.791015625,15.483305011109,150.));
#237 = CARTESIAN_POINT('',(29.791015625,15.483305011109,158.));
#238 = CARTESIAN_POINT('',(20.701571835119,15.483305011109,158.));
#239 = CARTESIAN_POINT('',(11.612191061634,14.407066933127,
    158.11111111111));
#240 = CARTESIAN_POINT('',(2.40622290531,12.254834839102,158.32275132275
    ));
#241 = CARTESIAN_POINT('',(-6.868239787176,8.883422845112,
    158.62433862433));
#242 = CARTESIAN_POINT('',(-16.04416535821,4.163390660058,
    159.00529100529));
#243 = CARTESIAN_POINT('',(-24.81107716929,-2.023009384688,
    159.45502645502));
#244 = CARTESIAN_POINT('',(-32.75328088162,-9.582266979959,
    159.96296296296));
#245 = CARTESIAN_POINT('',(-39.54873761363,-18.25299447763,
    160.51851851851));
#246 = CARTESIAN_POINT('',(-50.4555060784,-37.144071605,161.7037037037)
  );
#247 = CARTESIAN_POINT('',(-54.56684799467,-47.36447351408,
    162.33333333333));
#248 = CARTESIAN_POINT('',(-57.14225524976,-58.02225248863,
    162.98941798941));
#249 = CARTESIAN_POINT('',(-58.11637894094,-68.70782085213,
    163.66137566137));
#250 = CARTESIAN_POINT('',(-57.61608393437,-79.01442159241,
    164.33862433862));
#251 = CARTESIAN_POINT('',(-55.89858102154,-88.73204788755,
    165.01058201058));
#252 = CARTESIAN_POINT('',(-53.15948461165,-97.78076622437,
    165.66666666666));
#253 = CARTESIAN_POINT('',(-49.54684374095,-106.1905199178,
    166.29629629629));
#254 = CARTESIAN_POINT('',(-40.45739995107,-121.9338983744,
    167.48148148148));
#255 = CARTESIAN_POINT('',(-34.98066004828,-129.26741399,168.03703703703
    ));
#256 = CARTESIAN_POINT('',(-28.51378830185,-136.1639002327,
    168.54497354497));
#257 = CARTESIAN_POINT('',(-20.95682852219,-142.5101145339,
    168.99470899471));
#258 = CARTESIAN_POINT('',(-12.28119795773,-148.0966830891,
    169.37566137566));
#259 = CARTESIAN_POINT('',(-2.540162455476,-152.5958514079,
    169.67724867724));
#260 = CARTESIAN_POINT('',(7.977448511944,-155.6943727872,
    169.88888888888));
#261 = CARTESIAN_POINT('',(18.88424716023,-157.2440471986,170.));
#262 = CARTESIAN_POINT('',(40.69778408977,-157.2440471986,170.));
#263 = CARTESIAN_POINT('',(51.604582738056,-155.6943727872,
    169.88888888888));
#264 = CARTESIAN_POINT('',(62.122193705478,-152.5958514079,
    169.67724867724));
#265 = CARTESIAN_POINT('',(71.863229207735,-148.0966830891,
    169.37566137566));
#266 = CARTESIAN_POINT('',(80.5388597722,-142.5101145339,168.9947089947)
  );
#267 = CARTESIAN_POINT('',(88.095819551851,-136.1639002327,
    168.54497354497));
#268 = CARTESIAN_POINT('',(94.562691298285,-129.26741399,168.03703703703
    ));
#269 = CARTESIAN_POINT('',(100.03943120107,-121.9338983744,
    167.48148148148));
#270 = CARTESIAN_POINT('',(109.12887499095,-106.1905199178,
    166.29629629629));
#271 = CARTESIAN_POINT('',(112.74151586164,-97.78076622437,
    165.66666666666));
#272 = CARTESIAN_POINT('',(115.48061227154,-88.73204788754,
    165.01058201058));
#273 = CARTESIAN_POINT('',(117.19811518436,-79.01442159242,
    164.33862433862));
#274 = CARTESIAN_POINT('',(117.69841019095,-68.70782085213,
    163.66137566137));
#275 = CARTESIAN_POINT('',(116.72428649976,-58.02225248863,
    162.98941798941));
#276 = CARTESIAN_POINT('',(114.14887924467,-47.36447351408,
    162.33333333333));
#277 = CARTESIAN_POINT('',(110.0375373284,-37.144071605,161.7037037037)
  );
#278 = CARTESIAN_POINT('',(99.130768863634,-18.25299447763,
    160.51851851851));
#279 = CARTESIAN_POINT('',(92.33531213162,-9.582266979958,
    159.96296296296));
#280 = CARTESIAN_POINT('',(84.393108419292,-2.023009384688,
    159.45502645502));
#281 = CARTESIAN_POINT('',(75.626196608211,4.163390660055,
    159.00529100529));
#282 = CARTESIAN_POINT('',(66.450271037173,8.883422845116,
    158.62433862434));
#283 = CARTESIAN_POINT('',(57.175808344693,12.254834839099,
    158.32275132275));
#284 = CARTESIAN_POINT('',(47.969840188364,14.407066933128,
    158.11111111111));
#285 = CARTESIAN_POINT('',(38.880459414881,15.483305011109,158.));
#286 = CARTESIAN_POINT('',(29.791015625,15.483305011109,158.));
#287 = DEFINITIONAL_REPRESENTATION('',(#288),#292);
#288 = LINE('',#289,#290);
#289 = CARTESIAN_POINT('',(0.,0.));
#290 = VECTOR('',#291,1.);
#291 = DIRECTION('',(0.,1.));
#292 = ( GEOMETRIC_REPRESENTATION_CONTEXT(2) 
PARAMETRIC_REPRESENTATION_CONTEXT() REPRESENTATION_CONTEXT('2D SPACE',''
  ) );
#293 = FACE_BOUND('',#294,.T.);
#294 = EDGE_LOOP('',(#295,#325,#353,#381));
#295 = ORIENTED_EDGE('',*,*,#296,.T.);
#296 = EDGE_CURVE('',#297,#299,#301,.T.);
#297 = VERTEX_POINT('',#298);
#298 = CARTESIAN_POINT('',(195.64331054687,-245.7609863281,150.));
#299 = VERTEX_POINT('',#300);
#300 = CARTESIAN_POINT('',(195.64331054687,197.46630859375,150.));
#301 = SURFACE_CURVE('',#302,(#306,#313),.PCURVE_S1.);
#302 = LINE('',#303,#304);
#303 = CARTESIAN_POINT('',(195.64331054687,-245.7609863281,150.));
#304 = VECTOR('',#305,1.);
#305 = DIRECTION('',(0.,1.,0.));
#306 = PCURVE('',#77,#307);
#307 = DEFINITIONAL_REPRESENTATION('',(#308),#312);
#308 = LINE('',#309,#310);
#309 = CARTESIAN_POINT('',(-443.2272949218,0.));
#310 = VECTOR('',#311,1.);
#311 = DIRECTION('',(1.,0.));
#312 = ( GEOMETRIC_REPRESENTATION_CONTEXT(2) 
PARAMETRIC_REPRESENTATION_CONTEXT() REPRESENTATION_CONTEXT('2D SPACE',''
  ) );
#313 = PCURVE('',#314,#319);
#314 = PLANE('',#315);
#315 = AXIS2_PLACEMENT_3D('',#316,#317,#318);
#316 = CARTESIAN_POINT('',(195.64331054687,-245.7609863281,-150.));
#317 = DIRECTION('',(-1.,0.,0.));
#318 = DIRECTION('',(0.,1.,0.));
#319 = DEFINITIONAL_REPRESENTATION('',(#320),#324);
#320 = LINE('',#321,#322);
#321 = CARTESIAN_POINT('',(0.,-300.));
#322 = VECTOR('',#323,1.);
#323 = DIRECTION('',(1.,0.));
#324 = ( GEOMETRIC_REPRESENTATION_CONTEXT(2) 
PARAMETRIC_REPRESENTATION_CONTEXT() REPRESENTATION_CONTEXT('2D SPACE',''
  ) );
#325 = ORIENTED_EDGE('',*,*,#326,.T.);
#326 = EDGE_CURVE('',#299,#327,#329,.T.);
#327 = VERTEX_POINT('',#328);
#328 = CARTESIAN_POINT('',(-158.3874511718,197.46630859375,150.));
#329 = SURFACE_CURVE('',#330,(#334,#341),.PCURVE_S1.);
#330 = LINE('',#331,#332);
#331 = CARTESIAN_POINT('',(195.64331054687,197.46630859375,150.));
#332 = VECTOR('',#333,1.);
#333 = DIRECTION('',(-1.,0.,0.));
#334 = PCURVE('',#77,#335);
#335 = DEFINITIONAL_REPRESENTATION('',(#336),#340);
#336 = LINE('',#337,#338);
#337 = CARTESIAN_POINT('',(0.,0.));
#338 = VECTOR('',#339,1.);
#339 = DIRECTION('',(0.,1.));
#340 = ( GEOMETRIC_REPRESENTATION_CONTEXT(2) 
PARAMETRIC_REPRESENTATION_CONTEXT() REPRESENTATION_CONTEXT('2D SPACE',''
  ) );
#341 = PCURVE('',#342,#347);
#342 = PLANE('',#343);
#343 = AXIS2_PLACEMENT_3D('',#344,#345,#346);
#344 = CARTESIAN_POINT('',(195.64331054687,197.46630859375,-150.));
#345 = DIRECTION('',(0.,-1.,0.));
#346 = DIRECTION('',(-1.,0.,0.));
#347 = DEFINITIONAL_REPRESENTATION('',(#348),#352);
#348 = LINE('',#349,#350);
#349 = CARTESIAN_POINT('',(0.,-300.));
#350 = VECTOR('',#351,1.);
#351 = DIRECTION('',(1.,0.));
#352 = ( GEOMETRIC_REPRESENTATION_CONTEXT(2) 
PARAMETRIC_REPRESENTATION_CONTEXT() REPRESENTATION_CONTEXT('2D SPACE',''
  ) );
#353 = ORIENTED_EDGE('',*,*,#354,.T.);
#354 = EDGE_CURVE('',#327,#355,#357,.T.);
#355 = VERTEX_POINT('',#356);
#356 = CARTESIAN_POINT('',(-158.3874511718,-245.7609863281,150.));
#357 = SURFACE_CURVE('',#358,(#362,#369),.PCURVE_S1.);
#358 = LINE('',#359,#360);
#359 = CARTESIAN_POINT('',(-158.3874511718,197.46630859375,150.));
#360 = VECTOR('',#361,1.);
#361 = DIRECTION('',(0.,-1.,0.));
#362 = PCURVE('',#77,#363);
#363 = DEFINITIONAL_REPRESENTATION('',(#364),#368);
#364 = LINE('',#365,#366);
#365 = CARTESIAN_POINT('',(0.,354.03076171875));
#366 = VECTOR('',#367,1.);
#367 = DIRECTION('',(-1.,0.));
#368 = ( GEOMETRIC_REPRESENTATION_CONTEXT(2) 
PARAMETRIC_REPRESENTATION_CONTEXT() REPRESENTATION_CONTEXT('2D SPACE',''
  ) );
#369 = PCURVE('',#370,#375);
#370 = PLANE('',#371);
#371 = AXIS2_PLACEMENT_3D('',#372,#373,#374);
#372 = CARTESIAN_POINT('',(-158.3874511718,197.46630859375,-150.));
#373 = DIRECTION('',(1.,0.,0.));
#374 = DIRECTION('',(0.,-1.,0.));
#375 = DEFINITIONAL_REPRESENTATION('',(#376),#380);
#376 = LINE('',#377,#378);
#377 = CARTESIAN_POINT('',(0.,-300.));
#378 = VECTOR('',#379,1.);
#379 = DIRECTION('',(1.,0.));
#380 = ( GEOMETRIC_REPRESENTATION_CONTEXT(2) 
PARAMETRIC_REPRESENTATION_CONTEXT() REPRESENTATION_CONTEXT('2D SPACE',''
  ) );
#381 = ORIENTED_EDGE('',*,*,#382,.T.);
#382 = EDGE_CURVE('',#355,#297,#383,.T.);
#383 = SURFACE_CURVE('',#384,(#388,#395),.PCURVE_S1.);
#384 = LINE('',#385,#386);
#385 = CARTESIAN_POINT('',(-158.3874511718,-245.7609863281,150.));
#386 = VECTOR('',#387,1.);
#387 = DIRECTION('',(1.,0.,0.));
#388 = PCURVE('',#77,#389);
#389 = DEFINITIONAL_REPRESENTATION('',(#390),#394);
#390 = LINE('',#391,#392);
#391 = CARTESIAN_POINT('',(-443.2272949218,354.03076171875));
#392 = VECTOR('',#393,1.);
#393 = DIRECTION('',(0.,-1.));
#394 = ( GEOMETRIC_REPRESENTATION_CONTEXT(2) 
PARAMETRIC_REPRESENTATION_CONTEXT() REPRESENTATION_CONTEXT('2D SPACE',''
  ) );
#395 = PCURVE('',#396,#401);
#396 = PLANE('',#397);
#397 = AXIS2_PLACEMENT_3D('',#398,#399,#400);
#398 = CARTESIAN_POINT('',(-158.3874511718,-245.7609863281,-150.));
#399 = DIRECTION('',(0.,1.,0.));
#400 = DIRECTION('',(1.,0.,0.));
#401 = DEFINITIONAL_REPRESENTATION('',(#402),#406);
#402 = LINE('',#403,#404);
#403 = CARTESIAN_POINT('',(0.,-300.));
#404 = VECTOR('',#405,1.);
#405 = DIRECTION('',(1.,0.));
#406 = ( GEOMETRIC_REPRESENTATION_CONTEXT(2) 
PARAMETRIC_REPRESENTATION_CONTEXT() REPRESENTATION_CONTEXT('2D SPACE',''
  ) );
#407 = ADVANCED_FACE('',(#408),#136,.F.);
#408 = FACE_BOUND('',#409,.F.);
#409 = EDGE_LOOP('',(#410,#431,#551,#552));
#410 = ORIENTED_EDGE('',*,*,#411,.T.);
#411 = EDGE_CURVE('',#22,#412,#414,.T.);
#412 = VERTEX_POINT('',#413);
#413 = CARTESIAN_POINT('',(29.791015625,15.483305011109,158.));
#414 = SEAM_CURVE('',#415,(#419,#425),.PCURVE_S1.);
#415 = ( BOUNDED_CURVE() B_SPLINE_CURVE(2,(#416,#417,#418),
.UNSPECIFIED.,.F.,.F.) B_SPLINE_CURVE_WITH_KNOTS((3,3),(0.,1.),
.PIECEWISE_BEZIER_KNOTS.) CURVE() GEOMETRIC_REPRESENTATION_ITEM() 
RATIONAL_B_SPLINE_CURVE((1.,0.707106781187,1.)) REPRESENTATION_ITEM('') 
  );
#416 = CARTESIAN_POINT('',(29.791015625,23.483305011109,150.));
#417 = CARTESIAN_POINT('',(29.791015625,15.483305011109,150.));
#418 = CARTESIAN_POINT('',(29.791015625,15.483305011109,158.));
#419 = PCURVE('',#136,#420);
#420 = DEFINITIONAL_REPRESENTATION('',(#421),#424);
#421 = B_SPLINE_CURVE_WITH_KNOTS('',1,(#422,#423),.UNSPECIFIED.,.F.,.F.,
  (2,2),(0.,1.),.PIECEWISE_BEZIER_KNOTS.);
#422 = CARTESIAN_POINT('',(0.,6.18537372262E-14));
#423 = CARTESIAN_POINT('',(1.,6.18537372262E-14));
#424 = ( GEOMETRIC_REPRESENTATION_CONTEXT(2) 
PARAMETRIC_REPRESENTATION_CONTEXT() REPRESENTATION_CONTEXT('2D SPACE',''
  ) );
#425 = PCURVE('',#136,#426);
#426 = DEFINITIONAL_REPRESENTATION('',(#427),#430);
#427 = B_SPLINE_CURVE_WITH_KNOTS('',1,(#428,#429),.UNSPECIFIED.,.F.,.F.,
  (2,2),(0.,1.),.PIECEWISE_BEZIER_KNOTS.);
#428 = CARTESIAN_POINT('',(0.,542.63898077606));
#429 = CARTESIAN_POINT('',(1.,542.63898077606));
#430 = ( GEOMETRIC_REPRESENTATION_CONTEXT(2) 
PARAMETRIC_REPRESENTATION_CONTEXT() REPRESENTATION_CONTEXT('2D SPACE',''
  ) );
#431 = ORIENTED_EDGE('',*,*,#432,.T.);
#432 = EDGE_CURVE('',#412,#412,#433,.T.);
#433 = SURFACE_CURVE('',#434,(#485,#492),.PCURVE_S1.);
#434 = ( BOUNDED_CURVE() B_SPLINE_CURVE(9,(#435,#436,#437,#438,#439,#440
    ,#441,#442,#443,#444,#445,#446,#447,#448,#449,#450,#451,#452,#453,
    #454,#455,#456,#457,#458,#459,#460,#461,#462,#463,#464,#465,#466,
    #467,#468,#469,#470,#471,#472,#473,#474,#475,#476,#477,#478,#479,
    #480,#481,#482,#483,#484),.UNSPECIFIED.,.T.,.F.) 
B_SPLINE_CURVE_WITH_KNOTS((10,8,8,8,8,8,10),(6.18537372262E-14,
    90.439830129344,180.87966025868,271.31949038803,361.75932051737,
452.19915064672,542.63898077606),.UNSPECIFIED.) CURVE() 
GEOMETRIC_REPRESENTATION_ITEM() RATIONAL_B_SPLINE_CURVE((1.,1.,1.,1.,1.,
    1.,1.,1.,1.,1.,1.,1.,1.,1.,1.,1.,1.,1.,1.,1.,1.,1.,1.,1.,1.,1.,1.,1.
    ,1.,1.,1.,1.,1.,1.,1.,1.,1.,1.,1.,1.,1.,1.,1.,1.,1.,1.,1.,1.,1.,1.))
 REPRESENTATION_ITEM('') );
#435 = CARTESIAN_POINT('',(29.791015625,15.483305011109,158.));
#436 = CARTESIAN_POINT('',(20.701571835119,15.483305011109,158.));
#437 = CARTESIAN_POINT('',(11.612191061634,14.407066933127,
    158.11111111111));
#438 = CARTESIAN_POINT('',(2.40622290531,12.254834839102,158.32275132275
    ));
#439 = CARTESIAN_POINT('',(-6.868239787176,8.883422845112,
    158.62433862433));
#440 = CARTESIAN_POINT('',(-16.04416535821,4.163390660058,
    159.00529100529));
#441 = CARTESIAN_POINT('',(-24.81107716929,-2.023009384688,
    159.45502645502));
#442 = CARTESIAN_POINT('',(-32.75328088162,-9.582266979959,
    159.96296296296));
#443 = CARTESIAN_POINT('',(-39.54873761363,-18.25299447763,
    160.51851851851));
#444 = CARTESIAN_POINT('',(-50.4555060784,-37.144071605,161.7037037037)
  );
#445 = CARTESIAN_POINT('',(-54.56684799467,-47.36447351408,
    162.33333333333));
#446 = CARTESIAN_POINT('',(-57.14225524976,-58.02225248863,
    162.98941798941));
#447 = CARTESIAN_POINT('',(-58.11637894094,-68.70782085213,
    163.66137566137));
#448 = CARTESIAN_POINT('',(-57.61608393437,-79.01442159241,
    164.33862433862));
#449 = CARTESIAN_POINT('',(-55.89858102154,-88.73204788755,
    165.01058201058));
#450 = CARTESIAN_POINT('',(-53.15948461165,-97.78076622437,
    165.66666666666));
#451 = CARTESIAN_POINT('',(-49.54684374095,-106.1905199178,
    166.29629629629));
#452 = CARTESIAN_POINT('',(-40.45739995107,-121.9338983744,
    167.48148148148));
#453 = CARTESIAN_POINT('',(-34.98066004828,-129.26741399,168.03703703703
    ));
#454 = CARTESIAN_POINT('',(-28.51378830185,-136.1639002327,
    168.54497354497));
#455 = CARTESIAN_POINT('',(-20.95682852219,-142.5101145339,
    168.99470899471));
#456 = CARTESIAN_POINT('',(-12.28119795773,-148.0966830891,
    169.37566137566));
#457 = CARTESIAN_POINT('',(-2.540162455476,-152.5958514079,
    169.67724867724));
#458 = CARTESIAN_POINT('',(7.977448511944,-155.6943727872,
    169.88888888888));
#459 = CARTESIAN_POINT('',(18.88424716023,-157.2440471986,170.));
#460 = CARTESIAN_POINT('',(40.69778408977,-157.2440471986,170.));
#461 = CARTESIAN_POINT('',(51.604582738056,-155.6943727872,
    169.88888888888));
#462 = CARTESIAN_POINT('',(62.122193705478,-152.5958514079,
    169.67724867724));
#463 = CARTESIAN_POINT('',(71.863229207735,-148.0966830891,
    169.37566137566));
#464 = CARTESIAN_POINT('',(80.5388597722,-142.5101145339,168.9947089947)
  );
#465 = CARTESIAN_POINT('',(88.095819551851,-136.1639002327,
    168.54497354497));
#466 = CARTESIAN_POINT('',(94.562691298285,-129.26741399,168.03703703703
    ));
#467 = CARTESIAN_POINT('',(100.03943120107,-121.9338983744,
    167.48148148148));
#468 = CARTESIAN_POINT('',(109.12887499095,-106.1905199178,
    166.29629629629));
#469 = CARTESIAN_POINT('',(112.74151586164,-97.78076622437,
    165.66666666666));
#470 = CARTESIAN_POINT('',(115.48061227154,-88.73204788754,
    165.01058201058));
#471 = CARTESIAN_POINT('',(117.19811518436,-79.01442159242,
    164.33862433862));
#472 = CARTESIAN_POINT('',(117.69841019095,-68.70782085213,
    163.66137566137));
#473 = CARTESIAN_POINT('',(116.72428649976,-58.02225248863,
    162.98941798941));
#474 = CARTESIAN_POINT('',(114.14887924467,-47.36447351408,
    162.33333333333));
#475 = CARTESIAN_POINT('',(110.0375373284,-37.144071605,161.7037037037)
  );
#476 = CARTESIAN_POINT('',(99.130768863634,-18.25299447763,
    160.51851851851));
#477 = CARTESIAN_POINT('',(92.33531213162,-9.582266979958,
    159.96296296296));
#478 = CARTESIAN_POINT('',(84.393108419292,-2.023009384688,
    159.45502645502));
#479 = CARTESIAN_POINT('',(75.626196608211,4.163390660055,
    159.00529100529));
#480 = CARTESIAN_POINT('',(66.450271037173,8.883422845116,
    158.62433862434));
#481 = CARTESIAN_POINT('',(57.175808344693,12.254834839099,
    158.32275132275));
#482 = CARTESIAN_POINT('',(47.969840188364,14.407066933128,
    158.11111111111));
#483 = CARTESIAN_POINT('',(38.880459414881,15.483305011109,158.));
#484 = CARTESIAN_POINT('',(29.791015625,15.483305011109,158.));
#485 = PCURVE('',#136,#486);
#486 = DEFINITIONAL_REPRESENTATION('',(#487),#491);
#487 = LINE('',#488,#489);
#488 = CARTESIAN_POINT('',(1.,0.));
#489 = VECTOR('',#490,1.);
#490 = DIRECTION('',(0.,1.));
#491 = ( GEOMETRIC_REPRESENTATION_CONTEXT(2) 
PARAMETRIC_REPRESENTATION_CONTEXT() REPRESENTATION_CONTEXT('2D SPACE',''
  ) );
#492 = PCURVE('',#493,#498);
#493 = CYLINDRICAL_SURFACE('',#494,86.363676104859);
#494 = AXIS2_PLACEMENT_3D('',#495,#496,#497);
#495 = CARTESIAN_POINT('',(29.791015625,-70.88037109375,150.));
#496 = DIRECTION('',(0.,0.,-1.));
#497 = DIRECTION('',(0.,1.,0.));
#498 = DEFINITIONAL_REPRESENTATION('',(#499),#550);
#499 = B_SPLINE_CURVE_WITH_KNOTS('',9,(#500,#501,#502,#503,#504,#505,
    #506,#507,#508,#509,#510,#511,#512,#513,#514,#515,#516,#517,#518,
    #519,#520,#521,#522,#523,#524,#525,#526,#527,#528,#529,#530,#531,
    #532,#533,#534,#535,#536,#537,#538,#539,#540,#541,#542,#543,#544,
    #545,#546,#547,#548,#549),.UNSPECIFIED.,.F.,.F.,(10,8,8,8,8,8,10),(
    6.18537372262E-14,90.439830129344,180.87966025868,271.31949038803,
    361.75932051737,452.19915064672,542.63898077606),.UNSPECIFIED.);
#500 = CARTESIAN_POINT('',(1.665334536938E-16,-8.));
#501 = CARTESIAN_POINT('',(-0.105246142821,-8.));
#502 = CARTESIAN_POINT('',(-0.210492648622,-8.111111111112));
#503 = CARTESIAN_POINT('',(-0.318767199137,-8.32275132275));
#504 = CARTESIAN_POINT('',(-0.431237582262,-8.624338624341));
#505 = CARTESIAN_POINT('',(-0.548403331136,-9.005291005289));
#506 = CARTESIAN_POINT('',(-0.669920248798,-9.455026455028));
#507 = CARTESIAN_POINT('',(-0.794620029327,-9.962962962963));
#508 = CARTESIAN_POINT('',(-0.920908711297,-10.51851851851));
#509 = CARTESIAN_POINT('',(-1.173486391096,-11.7037037037));
#510 = CARTESIAN_POINT('',(-1.299775073066,-12.33333333333));
#511 = CARTESIAN_POINT('',(-1.424474853595,-12.98941798942));
#512 = CARTESIAN_POINT('',(-1.545991771257,-13.66137566137));
#513 = CARTESIAN_POINT('',(-1.663157520132,-14.33862433862));
#514 = CARTESIAN_POINT('',(-1.775627903256,-15.01058201058));
#515 = CARTESIAN_POINT('',(-1.883902453771,-15.66666666666));
#516 = CARTESIAN_POINT('',(-1.989148959572,-16.29629629629));
#517 = CARTESIAN_POINT('',(-2.199641245214,-17.48148148148));
#518 = CARTESIAN_POINT('',(-2.304887751015,-18.03703703703));
#519 = CARTESIAN_POINT('',(-2.413162301531,-18.54497354497));
#520 = CARTESIAN_POINT('',(-2.525632684654,-18.9947089947));
#521 = CARTESIAN_POINT('',(-2.64279843353,-19.37566137566));
#522 = CARTESIAN_POINT('',(-2.764315351191,-19.67724867724));
#523 = CARTESIAN_POINT('',(-2.889015131721,-19.88888888888));
#524 = CARTESIAN_POINT('',(-3.01530381369,-20.));
#525 = CARTESIAN_POINT('',(-3.26788149349,-20.));
#526 = CARTESIAN_POINT('',(-3.394170175459,-19.88888888889));
#527 = CARTESIAN_POINT('',(-3.518869955988,-19.67724867724));
#528 = CARTESIAN_POINT('',(-3.640386873651,-19.37566137566));
#529 = CARTESIAN_POINT('',(-3.757552622524,-18.9947089947));
#530 = CARTESIAN_POINT('',(-3.87002300565,-18.54497354497));
#531 = CARTESIAN_POINT('',(-3.978297556164,-18.03703703703));
#532 = CARTESIAN_POINT('',(-4.083544061965,-17.48148148148));
#533 = CARTESIAN_POINT('',(-4.294036347607,-16.29629629629));
#534 = CARTESIAN_POINT('',(-4.399282853408,-15.66666666666));
#535 = CARTESIAN_POINT('',(-4.507557403924,-15.01058201058));
#536 = CARTESIAN_POINT('',(-4.620027787048,-14.33862433862));
#537 = CARTESIAN_POINT('',(-4.737193535923,-13.66137566137));
#538 = CARTESIAN_POINT('',(-4.858710453585,-12.98941798941));
#539 = CARTESIAN_POINT('',(-4.983410234114,-12.33333333333));
#540 = CARTESIAN_POINT('',(-5.109698916083,-11.7037037037));
#541 = CARTESIAN_POINT('',(-5.362276595883,-10.51851851851));
#542 = CARTESIAN_POINT('',(-5.488565277853,-9.962962962964));
#543 = CARTESIAN_POINT('',(-5.61326505838,-9.455026455025));
#544 = CARTESIAN_POINT('',(-5.734781976045,-9.005291005292));
#545 = CARTESIAN_POINT('',(-5.851947724917,-8.624338624337));
#546 = CARTESIAN_POINT('',(-5.964418108044,-8.322751322752));
#547 = CARTESIAN_POINT('',(-6.072692658557,-8.111111111111));
#548 = CARTESIAN_POINT('',(-6.177939164359,-8.));
#549 = CARTESIAN_POINT('',(-6.28318530718,-8.));
#550 = ( GEOMETRIC_REPRESENTATION_CONTEXT(2) 
PARAMETRIC_REPRESENTATION_CONTEXT() REPRESENTATION_CONTEXT('2D SPACE',''
  ) );
#551 = ORIENTED_EDGE('',*,*,#411,.F.);
#552 = ORIENTED_EDGE('',*,*,#21,.F.);
#553 = ADVANCED_FACE('',(#554),#314,.F.);
#554 = FACE_BOUND('',#555,.F.);
#555 = EDGE_LOOP('',(#556,#579,#580,#603));
#556 = ORIENTED_EDGE('',*,*,#557,.T.);
#557 = EDGE_CURVE('',#558,#297,#560,.T.);
#558 = VERTEX_POINT('',#559);
#559 = CARTESIAN_POINT('',(195.64331054687,-245.7609863281,-150.));
#560 = SURFACE_CURVE('',#561,(#565,#572),.PCURVE_S1.);
#561 = LINE('',#562,#563);
#562 = CARTESIAN_POINT('',(195.64331054687,-245.7609863281,-150.));
#563 = VECTOR('',#564,1.);
#564 = DIRECTION('',(0.,0.,1.));
#565 = PCURVE('',#314,#566);
#566 = DEFINITIONAL_REPRESENTATION('',(#567),#571);
#567 = LINE('',#568,#569);
#568 = CARTESIAN_POINT('',(0.,0.));
#569 = VECTOR('',#570,1.);
#570 = DIRECTION('',(0.,-1.));
#571 = ( GEOMETRIC_REPRESENTATION_CONTEXT(2) 
PARAMETRIC_REPRESENTATION_CONTEXT() REPRESENTATION_CONTEXT('2D SPACE',''
  ) );
#572 = PCURVE('',#396,#573);
#573 = DEFINITIONAL_REPRESENTATION('',(#574),#578);
#574 = LINE('',#575,#576);
#575 = CARTESIAN_POINT('',(354.03076171875,0.));
#576 = VECTOR('',#577,1.);
#577 = DIRECTION('',(0.,-1.));
#578 = ( GEOMETRIC_REPRESENTATION_CONTEXT(2) 
PARAMETRIC_REPRESENTATION_CONTEXT() REPRESENTATION_CONTEXT('2D SPACE',''
  ) );
#579 = ORIENTED_EDGE('',*,*,#296,.T.);
#580 = ORIENTED_EDGE('',*,*,#581,.F.);
#581 = EDGE_CURVE('',#582,#299,#584,.T.);
#582 = VERTEX_POINT('',#583);
#583 = CARTESIAN_POINT('',(195.64331054687,197.46630859375,-150.));
#584 = SURFACE_CURVE('',#585,(#589,#596),.PCURVE_S1.);
#585 = LINE('',#586,#587);
#586 = CARTESIAN_POINT('',(195.64331054687,197.46630859375,-150.));
#587 = VECTOR('',#588,1.);
#588 = DIRECTION('',(0.,0.,1.));
#589 = PCURVE('',#314,#590);
#590 = DEFINITIONAL_REPRESENTATION('',(#591),#595);
#591 = LINE('',#592,#593);
#592 = CARTESIAN_POINT('',(443.22729492187,0.));
#593 = VECTOR('',#594,1.);
#594 = DIRECTION('',(0.,-1.));
#595 = ( GEOMETRIC_REPRESENTATION_CONTEXT(2) 
PARAMETRIC_REPRESENTATION_CONTEXT() REPRESENTATION_CONTEXT('2D SPACE',''
  ) );
#596 = PCURVE('',#342,#597);
#597 = DEFINITIONAL_REPRESENTATION('',(#598),#602);
#598 = LINE('',#599,#600);
#599 = CARTESIAN_POINT('',(0.,-0.));
#600 = VECTOR('',#601,1.);
#601 = DIRECTION('',(0.,-1.));
#602 = ( GEOMETRIC_REPRESENTATION_CONTEXT(2) 
PARAMETRIC_REPRESENTATION_CONTEXT() REPRESENTATION_CONTEXT('2D SPACE',''
  ) );
#603 = ORIENTED_EDGE('',*,*,#604,.F.);
#604 = EDGE_CURVE('',#558,#582,#605,.T.);
#605 = SURFACE_CURVE('',#606,(#610,#617),.PCURVE_S1.);
#606 = LINE('',#607,#608);
#607 = CARTESIAN_POINT('',(195.64331054687,-245.7609863281,-150.));
#608 = VECTOR('',#609,1.);
#609 = DIRECTION('',(0.,1.,0.));
#610 = PCURVE('',#314,#611);
#611 = DEFINITIONAL_REPRESENTATION('',(#612),#616);
#612 = LINE('',#613,#614);
#613 = CARTESIAN_POINT('',(0.,0.));
#614 = VECTOR('',#615,1.);
#615 = DIRECTION('',(1.,0.));
#616 = ( GEOMETRIC_REPRESENTATION_CONTEXT(2) 
PARAMETRIC_REPRESENTATION_CONTEXT() REPRESENTATION_CONTEXT('2D SPACE',''
  ) );
#617 = PCURVE('',#618,#623);
#618 = PLANE('',#619);
#619 = AXIS2_PLACEMENT_3D('',#620,#621,#622);
#620 = CARTESIAN_POINT('',(195.64331054687,197.46630859375,-150.));
#621 = DIRECTION('',(0.,0.,1.));
#622 = DIRECTION('',(0.,1.,0.));
#623 = DEFINITIONAL_REPRESENTATION('',(#624),#628);
#624 = LINE('',#625,#626);
#625 = CARTESIAN_POINT('',(-443.2272949218,0.));
#626 = VECTOR('',#627,1.);
#627 = DIRECTION('',(1.,0.));
#628 = ( GEOMETRIC_REPRESENTATION_CONTEXT(2) 
PARAMETRIC_REPRESENTATION_CONTEXT() REPRESENTATION_CONTEXT('2D SPACE',''
  ) );
#629 = ADVANCED_FACE('',(#630,#840),#342,.F.);
#630 = FACE_BOUND('',#631,.F.);
#631 = EDGE_LOOP('',(#632,#662,#690,#718,#746));
#632 = ORIENTED_EDGE('',*,*,#633,.T.);
#633 = EDGE_CURVE('',#634,#636,#638,.T.);
#634 = VERTEX_POINT('',#635);
#635 = CARTESIAN_POINT('',(-53.94311523437,197.46630859375,
    78.01611328125));
#636 = VERTEX_POINT('',#637);
#637 = CARTESIAN_POINT('',(102.86767578124,197.46630859375,
    78.01611328125));
#638 = SURFACE_CURVE('',#639,(#643,#650),.PCURVE_S1.);
#639 = LINE('',#640,#641);
#640 = CARTESIAN_POINT('',(65.85009765625,197.46630859375,78.01611328125
    ));
#641 = VECTOR('',#642,1.);
#642 = DIRECTION('',(1.,0.,0.));
#643 = PCURVE('',#342,#644);
#644 = DEFINITIONAL_REPRESENTATION('',(#645),#649);
#645 = LINE('',#646,#647);
#646 = CARTESIAN_POINT('',(129.79321289062,-228.0161132812));
#647 = VECTOR('',#648,1.);
#648 = DIRECTION('',(-1.,0.));
#649 = ( GEOMETRIC_REPRESENTATION_CONTEXT(2) 
PARAMETRIC_REPRESENTATION_CONTEXT() REPRESENTATION_CONTEXT('2D SPACE',''
  ) );
#650 = PCURVE('',#651,#656);
#651 = PLANE('',#652);
#652 = AXIS2_PLACEMENT_3D('',#653,#654,#655);
#653 = CARTESIAN_POINT('',(-63.94311523437,-245.7609863281,
    78.01611328125));
#654 = DIRECTION('',(0.,0.,-1.));
#655 = DIRECTION('',(1.,0.,0.));
#656 = DEFINITIONAL_REPRESENTATION('',(#657),#661);
#657 = LINE('',#658,#659);
#658 = CARTESIAN_POINT('',(129.79321289062,-443.2272949218));
#659 = VECTOR('',#660,1.);
#660 = DIRECTION('',(1.,0.));
#661 = ( GEOMETRIC_REPRESENTATION_CONTEXT(2) 
PARAMETRIC_REPRESENTATION_CONTEXT() REPRESENTATION_CONTEXT('2D SPACE',''
  ) );
#662 = ORIENTED_EDGE('',*,*,#663,.T.);
#663 = EDGE_CURVE('',#636,#664,#666,.T.);
#664 = VERTEX_POINT('',#665);
#665 = CARTESIAN_POINT('',(102.86767578124,197.46630859375,
    -82.80615234375));
#666 = SURFACE_CURVE('',#667,(#671,#678),.PCURVE_S1.);
#667 = LINE('',#668,#669);
#668 = CARTESIAN_POINT('',(102.86767578124,197.46630859375,
    -35.99194335937));
#669 = VECTOR('',#670,1.);
#670 = DIRECTION('',(0.,0.,-1.));
#671 = PCURVE('',#342,#672);
#672 = DEFINITIONAL_REPRESENTATION('',(#673),#677);
#673 = LINE('',#674,#675);
#674 = CARTESIAN_POINT('',(92.775634765626,-114.0080566406));
#675 = VECTOR('',#676,1.);
#676 = DIRECTION('',(0.,1.));
#677 = ( GEOMETRIC_REPRESENTATION_CONTEXT(2) 
PARAMETRIC_REPRESENTATION_CONTEXT() REPRESENTATION_CONTEXT('2D SPACE',''
  ) );
#678 = PCURVE('',#679,#684);
#679 = PLANE('',#680);
#680 = AXIS2_PLACEMENT_3D('',#681,#682,#683);
#681 = CARTESIAN_POINT('',(102.86767578124,-245.7609863281,
    78.01611328125));
#682 = DIRECTION('',(-1.,0.,0.));
#683 = DIRECTION('',(0.,0.,-1.));
#684 = DEFINITIONAL_REPRESENTATION('',(#685),#689);
#685 = LINE('',#686,#687);
#686 = CARTESIAN_POINT('',(114.00805664062,-443.2272949218));
#687 = VECTOR('',#688,1.);
#688 = DIRECTION('',(1.,0.));
#689 = ( GEOMETRIC_REPRESENTATION_CONTEXT(2) 
PARAMETRIC_REPRESENTATION_CONTEXT() REPRESENTATION_CONTEXT('2D SPACE',''
  ) );
#690 = ORIENTED_EDGE('',*,*,#691,.T.);
#691 = EDGE_CURVE('',#664,#692,#694,.T.);
#692 = VERTEX_POINT('',#693);
#693 = CARTESIAN_POINT('',(-63.94311523437,197.46630859375,
    -82.80615234375));
#694 = SURFACE_CURVE('',#695,(#699,#706),.PCURVE_S1.);
#695 = LINE('',#696,#697);
#696 = CARTESIAN_POINT('',(149.25549316406,197.46630859375,
    -82.80615234375));
#697 = VECTOR('',#698,1.);
#698 = DIRECTION('',(-1.,0.,0.));
#699 = PCURVE('',#342,#700);
#700 = DEFINITIONAL_REPRESENTATION('',(#701),#705);
#701 = LINE('',#702,#703);
#702 = CARTESIAN_POINT('',(46.387817382813,-67.19384765624));
#703 = VECTOR('',#704,1.);
#704 = DIRECTION('',(1.,0.));
#705 = ( GEOMETRIC_REPRESENTATION_CONTEXT(2) 
PARAMETRIC_REPRESENTATION_CONTEXT() REPRESENTATION_CONTEXT('2D SPACE',''
  ) );
#706 = PCURVE('',#707,#712);
#707 = PLANE('',#708);
#708 = AXIS2_PLACEMENT_3D('',#709,#710,#711);
#709 = CARTESIAN_POINT('',(102.86767578124,-245.7609863281,
    -82.80615234375));
#710 = DIRECTION('',(0.,0.,1.));
#711 = DIRECTION('',(-1.,0.,0.));
#712 = DEFINITIONAL_REPRESENTATION('',(#713),#717);
#713 = LINE('',#714,#715);
#714 = CARTESIAN_POINT('',(-46.38781738281,-443.2272949218));
#715 = VECTOR('',#716,1.);
#716 = DIRECTION('',(1.,0.));
#717 = ( GEOMETRIC_REPRESENTATION_CONTEXT(2) 
PARAMETRIC_REPRESENTATION_CONTEXT() REPRESENTATION_CONTEXT('2D SPACE',''
  ) );
#718 = ORIENTED_EDGE('',*,*,#719,.T.);
#719 = EDGE_CURVE('',#692,#720,#722,.T.);
#720 = VERTEX_POINT('',#721);
#721 = CARTESIAN_POINT('',(-63.94311523437,197.46630859375,
    68.01611328125));
#722 = SURFACE_CURVE('',#723,(#727,#734),.PCURVE_S1.);
#723 = LINE('',#724,#725);
#724 = CARTESIAN_POINT('',(-63.94311523437,197.46630859375,
    -116.4030761718));
#725 = VECTOR('',#726,1.);
#726 = DIRECTION('',(0.,0.,1.));
#727 = PCURVE('',#342,#728);
#728 = DEFINITIONAL_REPRESENTATION('',(#729),#733);
#729 = LINE('',#730,#731);
#730 = CARTESIAN_POINT('',(259.58642578125,-33.59692382812));
#731 = VECTOR('',#732,1.);
#732 = DIRECTION('',(0.,-1.));
#733 = ( GEOMETRIC_REPRESENTATION_CONTEXT(2) 
PARAMETRIC_REPRESENTATION_CONTEXT() REPRESENTATION_CONTEXT('2D SPACE',''
  ) );
#734 = PCURVE('',#735,#740);
#735 = PLANE('',#736);
#736 = AXIS2_PLACEMENT_3D('',#737,#738,#739);
#737 = CARTESIAN_POINT('',(-63.94311523437,-245.7609863281,
    -82.80615234375));
#738 = DIRECTION('',(1.,0.,0.));
#739 = DIRECTION('',(0.,0.,1.));
#740 = DEFINITIONAL_REPRESENTATION('',(#741),#745);
#741 = LINE('',#742,#743);
#742 = CARTESIAN_POINT('',(-33.59692382812,-443.2272949218));
#743 = VECTOR('',#744,1.);
#744 = DIRECTION('',(1.,0.));
#745 = ( GEOMETRIC_REPRESENTATION_CONTEXT(2) 
PARAMETRIC_REPRESENTATION_CONTEXT() REPRESENTATION_CONTEXT('2D SPACE',''
  ) );
#746 = ORIENTED_EDGE('',*,*,#747,.F.);
#747 = EDGE_CURVE('',#634,#720,#748,.T.);
#748 = SURFACE_CURVE('',#749,(#767,#788),.PCURVE_S1.);
#749 = B_SPLINE_CURVE_WITH_KNOTS('',6,(#750,#751,#752,#753,#754,#755,
    #756,#757,#758,#759,#760,#761,#762,#763,#764,#765,#766),
  .UNSPECIFIED.,.F.,.F.,(7,5,5,7),(0.,0.335245852817,0.674967552426,1.),
  .UNSPECIFIED.);
#750 = CARTESIAN_POINT('',(-53.94311523437,197.46630859375,
    78.01611328125));
#751 = CARTESIAN_POINT('',(-54.7844285801,197.46630859375,78.01611316227
    ));
#752 = CARTESIAN_POINT('',(-55.64067755883,197.46630859375,
    77.931178422149));
#753 = CARTESIAN_POINT('',(-56.49799566748,197.46630859375,
    77.75564125338));
#754 = CARTESIAN_POINT('',(-57.34164259751,197.46630859375,
    77.487638597835));
#755 = CARTESIAN_POINT('',(-58.15648069618,197.46630859375,
    77.128703769954));
#756 = CARTESIAN_POINT('',(-59.70953224727,197.46630859375,
    76.235691811041));
#757 = CARTESIAN_POINT('',(-60.4471970669,197.46630859375,
    75.698986625818));
#758 = CARTESIAN_POINT('',(-61.12533144887,197.46630859375,
    75.081479888058));
#759 = CARTESIAN_POINT('',(-61.7314894273,197.46630859375,
    74.393394177377));
#760 = CARTESIAN_POINT('',(-62.2557606129,197.46630859375,
    73.647417434282));
#761 = CARTESIAN_POINT('',(-63.1095432915,197.46630859375,
    72.105071949984));
#762 = CARTESIAN_POINT('',(-63.4467989261,197.46630859375,
    71.311725714217));
#763 = CARTESIAN_POINT('',(-63.69844379328,197.46630859375,
    70.492603453383));
#764 = CARTESIAN_POINT('',(-63.86327564873,197.46630859375,
    69.66149460902));
#765 = CARTESIAN_POINT('',(-63.94311511902,197.46630859375,
    68.831800044218));
#766 = CARTESIAN_POINT('',(-63.94311523437,197.46630859375,
    68.01611328125));
#767 = PCURVE('',#342,#768);
#768 = DEFINITIONAL_REPRESENTATION('',(#769),#787);
#769 = B_SPLINE_CURVE_WITH_KNOTS('',6,(#770,#771,#772,#773,#774,#775,
    #776,#777,#778,#779,#780,#781,#782,#783,#784,#785,#786),
  .UNSPECIFIED.,.F.,.F.,(7,5,5,7),(0.,0.335245852817,0.674967552426,1.),
  .UNSPECIFIED.);
#770 = CARTESIAN_POINT('',(249.58642578125,-228.0161132812));
#771 = CARTESIAN_POINT('',(250.42773912698,-228.0161131622));
#772 = CARTESIAN_POINT('',(251.2839881057,-227.9311784221));
#773 = CARTESIAN_POINT('',(252.14130621435,-227.7556412533));
#774 = CARTESIAN_POINT('',(252.98495314438,-227.4876385978));
#775 = CARTESIAN_POINT('',(253.79979124306,-227.1287037699));
#776 = CARTESIAN_POINT('',(255.35284279414,-226.235691811));
#777 = CARTESIAN_POINT('',(256.09050761377,-225.6989866258));
#778 = CARTESIAN_POINT('',(256.76864199575,-225.081479888));
#779 = CARTESIAN_POINT('',(257.37479997418,-224.3933941773));
#780 = CARTESIAN_POINT('',(257.89907115977,-223.6474174342));
#781 = CARTESIAN_POINT('',(258.75285383837,-222.1050719499));
#782 = CARTESIAN_POINT('',(259.09010947298,-221.3117257142));
#783 = CARTESIAN_POINT('',(259.34175434015,-220.4926034533));
#784 = CARTESIAN_POINT('',(259.5065861956,-219.661494609));
#785 = CARTESIAN_POINT('',(259.58642566589,-218.8318000442));
#786 = CARTESIAN_POINT('',(259.58642578125,-218.0161132812));
#787 = ( GEOMETRIC_REPRESENTATION_CONTEXT(2) 
PARAMETRIC_REPRESENTATION_CONTEXT() REPRESENTATION_CONTEXT('2D SPACE',''
  ) );
#788 = PCURVE('',#789,#820);
#789 = ( BOUNDED_SURFACE() B_SPLINE_SURFACE(2,3,(
    (#790,#791,#792,#793,#794,#795,#796,#797,#798,#799)
    ,(#800,#801,#802,#803,#804,#805,#806,#807,#808,#809)
    ,(#810,#811,#812,#813,#814,#815,#816,#817,#818,#819
)),.UNSPECIFIED.,.F.,.F.,.F.) B_SPLINE_SURFACE_WITH_KNOTS((3,3),(4,2,2,2
    ,4),(0.,1.),(-27.12551044921,0.,221.61364746093,443.22729492187,
470.35280537109),.UNSPECIFIED.) GEOMETRIC_REPRESENTATION_ITEM() 
RATIONAL_B_SPLINE_SURFACE((
    (1.,1.,1.,1.,1.,1.,1.,1.,1.,1.)
    ,(0.707106781187,0.707106781187,0.707106781187,0.707106781187
      ,0.707106781187,0.707106781187,0.707106781187,0.707106781187
      ,0.707106781187,0.707106781187)
,(1.,1.,1.,1.,1.,1.,1.,1.,1.,1.))) REPRESENTATION_ITEM('') SURFACE() );
#790 = CARTESIAN_POINT('',(-58.94311523437,-272.8864967773,
    78.01611328125));
#791 = CARTESIAN_POINT('',(-58.94311523437,-263.8446599609,
    78.01611328125));
#792 = CARTESIAN_POINT('',(-58.94311523437,-254.8028231445,
    78.01611328125));
#793 = CARTESIAN_POINT('',(-58.94311523437,-171.8897705078,
    78.01611328125));
#794 = CARTESIAN_POINT('',(-50.19311523437,-98.0185546875,78.01611328125
    ));
#795 = CARTESIAN_POINT('',(-47.69311523437,49.723876953124,
    78.01611328125));
#796 = CARTESIAN_POINT('',(-53.94311523437,123.59509277343,
    78.01611328125));
#797 = CARTESIAN_POINT('',(-53.94311523437,206.50814541015,
    78.01611328125));
#798 = CARTESIAN_POINT('',(-53.94311523437,215.54998222656,
    78.01611328125));
#799 = CARTESIAN_POINT('',(-53.94311523437,224.59181904296,
    78.01611328125));
#800 = CARTESIAN_POINT('',(-63.94311523437,-272.8864967773,
    78.01611328125));
#801 = CARTESIAN_POINT('',(-63.94311523437,-263.8446599609,
    78.01611328125));
#802 = CARTESIAN_POINT('',(-63.94311523437,-254.8028231445,
    78.01611328125));
#803 = CARTESIAN_POINT('',(-63.94311523437,-171.8897705078,
    78.01611328125));
#804 = CARTESIAN_POINT('',(-63.94311523437,-98.0185546875,78.01611328125
    ));
#805 = CARTESIAN_POINT('',(-63.94311523437,49.723876953124,
    78.01611328125));
#806 = CARTESIAN_POINT('',(-63.94311523437,123.59509277343,
    78.01611328125));
#807 = CARTESIAN_POINT('',(-63.94311523437,206.50814541015,
    78.01611328125));
#808 = CARTESIAN_POINT('',(-63.94311523437,215.54998222656,
    78.01611328125));
#809 = CARTESIAN_POINT('',(-63.94311523437,224.59181904296,
    78.01611328125));
#810 = CARTESIAN_POINT('',(-63.94311523437,-272.8864967773,
    73.01611328125));
#811 = CARTESIAN_POINT('',(-63.94311523437,-263.8446599609,
    73.01611328125));
#812 = CARTESIAN_POINT('',(-63.94311523437,-254.8028231445,
    73.01611328125));
#813 = CARTESIAN_POINT('',(-63.94311523437,-171.8897705078,
    73.01611328125));
#814 = CARTESIAN_POINT('',(-63.94311523437,-98.0185546875,64.26611328125
    ));
#815 = CARTESIAN_POINT('',(-63.94311523437,49.723876953124,
    61.76611328125));
#816 = CARTESIAN_POINT('',(-63.94311523437,123.59509277343,
    68.01611328125));
#817 = CARTESIAN_POINT('',(-63.94311523437,206.50814541015,
    68.01611328125));
#818 = CARTESIAN_POINT('',(-63.94311523437,215.54998222656,
    68.01611328125));
#819 = CARTESIAN_POINT('',(-63.94311523437,224.59181904296,
    68.01611328125));
#820 = DEFINITIONAL_REPRESENTATION('',(#821),#839);
#821 = B_SPLINE_CURVE_WITH_KNOTS('',6,(#822,#823,#824,#825,#826,#827,
    #828,#829,#830,#831,#832,#833,#834,#835,#836,#837,#838),
  .UNSPECIFIED.,.F.,.F.,(7,5,5,7),(0.,0.335245852817,0.674967552426,1.),
  .UNSPECIFIED.);
#822 = CARTESIAN_POINT('',(0.,443.22729492187));
#823 = CARTESIAN_POINT('',(5.948983370229E-02,443.22729492187));
#824 = CARTESIAN_POINT('',(0.117547557248,443.22729492187));
#825 = CARTESIAN_POINT('',(0.174362329512,443.22729492187));
#826 = CARTESIAN_POINT('',(0.23020718951,443.22729492187));
#827 = CARTESIAN_POINT('',(0.285351945902,443.22729492187));
#828 = CARTESIAN_POINT('',(0.395377656912,443.22729492187));
#829 = CARTESIAN_POINT('',(0.450288027011,443.22729492187));
#830 = CARTESIAN_POINT('',(0.504931375733,443.22729492187));
#831 = CARTESIAN_POINT('',(0.559589940304,443.22729492187));
#832 = CARTESIAN_POINT('',(0.614546101269,443.22729492187));
#833 = CARTESIAN_POINT('',(0.723056123447,443.22729492187));
#834 = CARTESIAN_POINT('',(0.776605679651,443.22729492187));
#835 = CARTESIAN_POINT('',(0.830836368744,443.22729492187));
#836 = CARTESIAN_POINT('',(0.885992852647,443.22729492187));
#837 = CARTESIAN_POINT('',(0.942322239237,443.22729492187));
#838 = CARTESIAN_POINT('',(1.,443.22729492187));
#839 = ( GEOMETRIC_REPRESENTATION_CONTEXT(2) 
PARAMETRIC_REPRESENTATION_CONTEXT() REPRESENTATION_CONTEXT('2D SPACE',''
  ) );
#840 = FACE_BOUND('',#841,.F.);
#841 = EDGE_LOOP('',(#842,#843,#844,#867));
#842 = ORIENTED_EDGE('',*,*,#581,.T.);
#843 = ORIENTED_EDGE('',*,*,#326,.T.);
#844 = ORIENTED_EDGE('',*,*,#845,.F.);
#845 = EDGE_CURVE('',#846,#327,#848,.T.);
#846 = VERTEX_POINT('',#847);
#847 = CARTESIAN_POINT('',(-158.3874511718,197.46630859375,-150.));
#848 = SURFACE_CURVE('',#849,(#853,#860),.PCURVE_S1.);
#849 = LINE('',#850,#851);
#850 = CARTESIAN_POINT('',(-158.3874511718,197.46630859375,-150.));
#851 = VECTOR('',#852,1.);
#852 = DIRECTION('',(0.,0.,1.));
#853 = PCURVE('',#342,#854);
#854 = DEFINITIONAL_REPRESENTATION('',(#855),#859);
#855 = LINE('',#856,#857);
#856 = CARTESIAN_POINT('',(354.03076171875,0.));
#857 = VECTOR('',#858,1.);
#858 = DIRECTION('',(0.,-1.));
#859 = ( GEOMETRIC_REPRESENTATION_CONTEXT(2) 
PARAMETRIC_REPRESENTATION_CONTEXT() REPRESENTATION_CONTEXT('2D SPACE',''
  ) );
#860 = PCURVE('',#370,#861);
#861 = DEFINITIONAL_REPRESENTATION('',(#862),#866);
#862 = LINE('',#863,#864);
#863 = CARTESIAN_POINT('',(0.,0.));
#864 = VECTOR('',#865,1.);
#865 = DIRECTION('',(0.,-1.));
#866 = ( GEOMETRIC_REPRESENTATION_CONTEXT(2) 
PARAMETRIC_REPRESENTATION_CONTEXT() REPRESENTATION_CONTEXT('2D SPACE',''
  ) );
#867 = ORIENTED_EDGE('',*,*,#868,.F.);
#868 = EDGE_CURVE('',#582,#846,#869,.T.);
#869 = SURFACE_CURVE('',#870,(#874,#881),.PCURVE_S1.);
#870 = LINE('',#871,#872);
#871 = CARTESIAN_POINT('',(195.64331054687,197.46630859375,-150.));
#872 = VECTOR('',#873,1.);
#873 = DIRECTION('',(-1.,0.,0.));
#874 = PCURVE('',#342,#875);
#875 = DEFINITIONAL_REPRESENTATION('',(#876),#880);
#876 = LINE('',#877,#878);
#877 = CARTESIAN_POINT('',(0.,-0.));
#878 = VECTOR('',#879,1.);
#879 = DIRECTION('',(1.,0.));
#880 = ( GEOMETRIC_REPRESENTATION_CONTEXT(2) 
PARAMETRIC_REPRESENTATION_CONTEXT() REPRESENTATION_CONTEXT('2D SPACE',''
  ) );
#881 = PCURVE('',#618,#882);
#882 = DEFINITIONAL_REPRESENTATION('',(#883),#887);
#883 = LINE('',#884,#885);
#884 = CARTESIAN_POINT('',(0.,0.));
#885 = VECTOR('',#886,1.);
#886 = DIRECTION('',(0.,1.));
#887 = ( GEOMETRIC_REPRESENTATION_CONTEXT(2) 
PARAMETRIC_REPRESENTATION_CONTEXT() REPRESENTATION_CONTEXT('2D SPACE',''
  ) );
#888 = ADVANCED_FACE('',(#889),#370,.F.);
#889 = FACE_BOUND('',#890,.F.);
#890 = EDGE_LOOP('',(#891,#892,#893,#916));
#891 = ORIENTED_EDGE('',*,*,#845,.T.);
#892 = ORIENTED_EDGE('',*,*,#354,.T.);
#893 = ORIENTED_EDGE('',*,*,#894,.F.);
#894 = EDGE_CURVE('',#895,#355,#897,.T.);
#895 = VERTEX_POINT('',#896);
#896 = CARTESIAN_POINT('',(-158.3874511718,-245.7609863281,-150.));
#897 = SURFACE_CURVE('',#898,(#902,#909),.PCURVE_S1.);
#898 = LINE('',#899,#900);
#899 = CARTESIAN_POINT('',(-158.3874511718,-245.7609863281,-150.));
#900 = VECTOR('',#901,1.);
#901 = DIRECTION('',(0.,0.,1.));
#902 = PCURVE('',#370,#903);
#903 = DEFINITIONAL_REPRESENTATION('',(#904),#908);
#904 = LINE('',#905,#906);
#905 = CARTESIAN_POINT('',(443.22729492187,0.));
#906 = VECTOR('',#907,1.);
#907 = DIRECTION('',(0.,-1.));
#908 = ( GEOMETRIC_REPRESENTATION_CONTEXT(2) 
PARAMETRIC_REPRESENTATION_CONTEXT() REPRESENTATION_CONTEXT('2D SPACE',''
  ) );
#909 = PCURVE('',#396,#910);
#910 = DEFINITIONAL_REPRESENTATION('',(#911),#915);
#911 = LINE('',#912,#913);
#912 = CARTESIAN_POINT('',(0.,0.));
#913 = VECTOR('',#914,1.);
#914 = DIRECTION('',(0.,-1.));
#915 = ( GEOMETRIC_REPRESENTATION_CONTEXT(2) 
PARAMETRIC_REPRESENTATION_CONTEXT() REPRESENTATION_CONTEXT('2D SPACE',''
  ) );
#916 = ORIENTED_EDGE('',*,*,#917,.F.);
#917 = EDGE_CURVE('',#846,#895,#918,.T.);
#918 = SURFACE_CURVE('',#919,(#923,#930),.PCURVE_S1.);
#919 = LINE('',#920,#921);
#920 = CARTESIAN_POINT('',(-158.3874511718,197.46630859375,-150.));
#921 = VECTOR('',#922,1.);
#922 = DIRECTION('',(0.,-1.,0.));
#923 = PCURVE('',#370,#924);
#924 = DEFINITIONAL_REPRESENTATION('',(#925),#929);
#925 = LINE('',#926,#927);
#926 = CARTESIAN_POINT('',(0.,0.));
#927 = VECTOR('',#928,1.);
#928 = DIRECTION('',(1.,0.));
#929 = ( GEOMETRIC_REPRESENTATION_CONTEXT(2) 
PARAMETRIC_REPRESENTATION_CONTEXT() REPRESENTATION_CONTEXT('2D SPACE',''
  ) );
#930 = PCURVE('',#618,#931);
#931 = DEFINITIONAL_REPRESENTATION('',(#932),#936);
#932 = LINE('',#933,#934);
#933 = CARTESIAN_POINT('',(0.,354.03076171875));
#934 = VECTOR('',#935,1.);
#935 = DIRECTION('',(-1.,0.));
#936 = ( GEOMETRIC_REPRESENTATION_CONTEXT(2) 
PARAMETRIC_REPRESENTATION_CONTEXT() REPRESENTATION_CONTEXT('2D SPACE',''
  ) );
#937 = ADVANCED_FACE('',(#938,#1097),#396,.F.);
#938 = FACE_BOUND('',#939,.F.);
#939 = EDGE_LOOP('',(#940,#965,#1030,#1053,#1076));
#940 = ORIENTED_EDGE('',*,*,#941,.F.);
#941 = EDGE_CURVE('',#942,#944,#946,.T.);
#942 = VERTEX_POINT('',#943);
#943 = CARTESIAN_POINT('',(-58.94311523437,-245.7609863281,
    78.01611328125));
#944 = VERTEX_POINT('',#945);
#945 = CARTESIAN_POINT('',(102.86767578124,-245.7609863281,
    78.01611328125));
#946 = SURFACE_CURVE('',#947,(#951,#958),.PCURVE_S1.);
#947 = LINE('',#948,#949);
#948 = CARTESIAN_POINT('',(-63.94311523437,-245.7609863281,
    78.01611328125));
#949 = VECTOR('',#950,1.);
#950 = DIRECTION('',(1.,0.,0.));
#951 = PCURVE('',#396,#952);
#952 = DEFINITIONAL_REPRESENTATION('',(#953),#957);
#953 = LINE('',#954,#955);
#954 = CARTESIAN_POINT('',(94.4443359375,-228.0161132812));
#955 = VECTOR('',#956,1.);
#956 = DIRECTION('',(1.,0.));
#957 = ( GEOMETRIC_REPRESENTATION_CONTEXT(2) 
PARAMETRIC_REPRESENTATION_CONTEXT() REPRESENTATION_CONTEXT('2D SPACE',''
  ) );
#958 = PCURVE('',#651,#959);
#959 = DEFINITIONAL_REPRESENTATION('',(#960),#964);
#960 = LINE('',#961,#962);
#961 = CARTESIAN_POINT('',(0.,0.));
#962 = VECTOR('',#963,1.);
#963 = DIRECTION('',(1.,0.));
#964 = ( GEOMETRIC_REPRESENTATION_CONTEXT(2) 
PARAMETRIC_REPRESENTATION_CONTEXT() REPRESENTATION_CONTEXT('2D SPACE',''
  ) );
#965 = ORIENTED_EDGE('',*,*,#966,.T.);
#966 = EDGE_CURVE('',#942,#967,#969,.T.);
#967 = VERTEX_POINT('',#968);
#968 = CARTESIAN_POINT('',(-63.94311523437,-245.7609863281,
    73.01611328125));
#969 = SURFACE_CURVE('',#970,(#988,#1009),.PCURVE_S1.);
#970 = B_SPLINE_CURVE_WITH_KNOTS('',6,(#971,#972,#973,#974,#975,#976,
    #977,#978,#979,#980,#981,#982,#983,#984,#985,#986,#987),
  .UNSPECIFIED.,.F.,.F.,(7,5,5,7),(0.,0.335245852817,0.674967552426,1.),
  .UNSPECIFIED.);
#971 = CARTESIAN_POINT('',(-58.94311523437,-245.7609863281,
    78.01611328125));
#972 = CARTESIAN_POINT('',(-59.36377190724,-245.7609863281,
    78.01611322176));
#973 = CARTESIAN_POINT('',(-59.7918963966,-245.7609863281,
    77.973645851699));
#974 = CARTESIAN_POINT('',(-60.22055545092,-245.7609863281,
    77.885877267315));
#975 = CARTESIAN_POINT('',(-60.64237891594,-245.7609863281,
    77.751875939543));
#976 = CARTESIAN_POINT('',(-61.04979796528,-245.7609863281,
    77.572408525602));
#977 = CARTESIAN_POINT('',(-61.82632374082,-245.7609863281,
    77.125902546145));
#978 = CARTESIAN_POINT('',(-62.19515615063,-245.7609863281,
    76.857549953534));
#979 = CARTESIAN_POINT('',(-62.53422334162,-245.7609863281,
    76.548796584654));
#980 = CARTESIAN_POINT('',(-62.83730233084,-245.7609863281,
    76.204753729313));
#981 = CARTESIAN_POINT('',(-63.09943792363,-245.7609863281,
    75.831765357766));
#982 = CARTESIAN_POINT('',(-63.52632926293,-245.7609863281,
    75.060592615616));
#983 = CARTESIAN_POINT('',(-63.69495708024,-245.7609863281,
    74.663919497733));
#984 = CARTESIAN_POINT('',(-63.82077951382,-245.7609863281,
    74.254358367316));
#985 = CARTESIAN_POINT('',(-63.90319544155,-245.7609863281,
    73.838803945135));
#986 = CARTESIAN_POINT('',(-63.94311517669,-245.7609863281,
    73.423956662734));
#987 = CARTESIAN_POINT('',(-63.94311523437,-245.7609863281,
    73.01611328125));
#988 = PCURVE('',#396,#989);
#989 = DEFINITIONAL_REPRESENTATION('',(#990),#1008);
#990 = B_SPLINE_CURVE_WITH_KNOTS('',6,(#991,#992,#993,#994,#995,#996,
    #997,#998,#999,#1000,#1001,#1002,#1003,#1004,#1005,#1006,#1007),
  .UNSPECIFIED.,.F.,.F.,(7,5,5,7),(0.,0.335245852817,0.674967552426,1.),
  .UNSPECIFIED.);
#991 = CARTESIAN_POINT('',(99.4443359375,-228.0161132812));
#992 = CARTESIAN_POINT('',(99.023679264633,-228.0161132217));
#993 = CARTESIAN_POINT('',(98.595554775271,-227.9736458516));
#994 = CARTESIAN_POINT('',(98.166895720947,-227.8858772673));
#995 = CARTESIAN_POINT('',(97.745072255931,-227.7518759395));
#996 = CARTESIAN_POINT('',(97.337653206594,-227.5724085256));
#997 = CARTESIAN_POINT('',(96.561127431052,-227.1259025461));
#998 = CARTESIAN_POINT('',(96.192295021236,-226.8575499535));
#999 = CARTESIAN_POINT('',(95.853227830249,-226.5487965846));
#1000 = CARTESIAN_POINT('',(95.550148841034,-226.2047537293));
#1001 = CARTESIAN_POINT('',(95.288013248237,-225.8317653577));
#1002 = CARTESIAN_POINT('',(94.861121908936,-225.0605926156));
#1003 = CARTESIAN_POINT('',(94.692494091635,-224.6639194977));
#1004 = CARTESIAN_POINT('',(94.566671658046,-224.2543583673));
#1005 = CARTESIAN_POINT('',(94.484255730321,-223.8388039451));
#1006 = CARTESIAN_POINT('',(94.444335995178,-223.4239566627));
#1007 = CARTESIAN_POINT('',(94.4443359375,-223.0161132812));
#1008 = ( GEOMETRIC_REPRESENTATION_CONTEXT(2) 
PARAMETRIC_REPRESENTATION_CONTEXT() REPRESENTATION_CONTEXT('2D SPACE',''
  ) );
#1009 = PCURVE('',#789,#1010);
#1010 = DEFINITIONAL_REPRESENTATION('',(#1011),#1029);
#1011 = B_SPLINE_CURVE_WITH_KNOTS('',6,(#1012,#1013,#1014,#1015,#1016,
    #1017,#1018,#1019,#1020,#1021,#1022,#1023,#1024,#1025,#1026,#1027,
    #1028),.UNSPECIFIED.,.F.,.F.,(7,5,5,7),(0.,0.335245852817,
    0.674967552426,1.),.UNSPECIFIED.);
#1012 = CARTESIAN_POINT('',(0.,1.36379796345E-12));
#1013 = CARTESIAN_POINT('',(5.948983370231E-02,1.36379796345E-12));
#1014 = CARTESIAN_POINT('',(0.117547557248,1.259358590464E-12));
#1015 = CARTESIAN_POINT('',(0.174362329512,1.519296803795E-12));
#1016 = CARTESIAN_POINT('',(0.23020718951,1.236157551623E-12));
#1017 = CARTESIAN_POINT('',(0.285351945902,1.40476972551E-12));
#1018 = CARTESIAN_POINT('',(0.395377656912,1.402969529492E-12));
#1019 = CARTESIAN_POINT('',(0.450288027011,1.252859559207E-12));
#1020 = CARTESIAN_POINT('',(0.504931375733,1.385234518206E-12));
#1021 = CARTESIAN_POINT('',(0.559589940304,1.38343082976E-12));
#1022 = CARTESIAN_POINT('',(0.614546101269,1.347561463813E-12));
#1023 = CARTESIAN_POINT('',(0.723056123447,1.347561463813E-12));
#1024 = CARTESIAN_POINT('',(0.776605679651,1.587389492558E-12));
#1025 = CARTESIAN_POINT('',(0.830836368744,1.116886837722E-12));
#1026 = CARTESIAN_POINT('',(0.885992852647,1.411793467536E-12));
#1027 = CARTESIAN_POINT('',(0.942322239237,1.353858023996E-12));
#1028 = CARTESIAN_POINT('',(1.,1.357136625302E-12));
#1029 = ( GEOMETRIC_REPRESENTATION_CONTEXT(2) 
PARAMETRIC_REPRESENTATION_CONTEXT() REPRESENTATION_CONTEXT('2D SPACE',''
  ) );
#1030 = ORIENTED_EDGE('',*,*,#1031,.F.);
#1031 = EDGE_CURVE('',#1032,#967,#1034,.T.);
#1032 = VERTEX_POINT('',#1033);
#1033 = CARTESIAN_POINT('',(-63.94311523437,-245.7609863281,
    -82.80615234375));
#1034 = SURFACE_CURVE('',#1035,(#1039,#1046),.PCURVE_S1.);
#1035 = LINE('',#1036,#1037);
#1036 = CARTESIAN_POINT('',(-63.94311523437,-245.7609863281,
    -82.80615234375));
#1037 = VECTOR('',#1038,1.);
#1038 = DIRECTION('',(0.,0.,1.));
#1039 = PCURVE('',#396,#1040);
#1040 = DEFINITIONAL_REPRESENTATION('',(#1041),#1045);
#1041 = LINE('',#1042,#1043);
#1042 = CARTESIAN_POINT('',(94.4443359375,-67.19384765624));
#1043 = VECTOR('',#1044,1.);
#1044 = DIRECTION('',(0.,-1.));
#1045 = ( GEOMETRIC_REPRESENTATION_CONTEXT(2) 
PARAMETRIC_REPRESENTATION_CONTEXT() REPRESENTATION_CONTEXT('2D SPACE',''
  ) );
#1046 = PCURVE('',#735,#1047);
#1047 = DEFINITIONAL_REPRESENTATION('',(#1048),#1052);
#1048 = LINE('',#1049,#1050);
#1049 = CARTESIAN_POINT('',(0.,0.));
#1050 = VECTOR('',#1051,1.);
#1051 = DIRECTION('',(1.,0.));
#1052 = ( GEOMETRIC_REPRESENTATION_CONTEXT(2) 
PARAMETRIC_REPRESENTATION_CONTEXT() REPRESENTATION_CONTEXT('2D SPACE',''
  ) );
#1053 = ORIENTED_EDGE('',*,*,#1054,.F.);
#1054 = EDGE_CURVE('',#1055,#1032,#1057,.T.);
#1055 = VERTEX_POINT('',#1056);
#1056 = CARTESIAN_POINT('',(102.86767578124,-245.7609863281,
    -82.80615234375));
#1057 = SURFACE_CURVE('',#1058,(#1062,#1069),.PCURVE_S1.);
#1058 = LINE('',#1059,#1060);
#1059 = CARTESIAN_POINT('',(102.86767578124,-245.7609863281,
    -82.80615234375));
#1060 = VECTOR('',#1061,1.);
#1061 = DIRECTION('',(-1.,0.,0.));
#1062 = PCURVE('',#396,#1063);
#1063 = DEFINITIONAL_REPRESENTATION('',(#1064),#1068);
#1064 = LINE('',#1065,#1066);
#1065 = CARTESIAN_POINT('',(261.25512695312,-67.19384765624));
#1066 = VECTOR('',#1067,1.);
#1067 = DIRECTION('',(-1.,0.));
#1068 = ( GEOMETRIC_REPRESENTATION_CONTEXT(2) 
PARAMETRIC_REPRESENTATION_CONTEXT() REPRESENTATION_CONTEXT('2D SPACE',''
  ) );
#1069 = PCURVE('',#707,#1070);
#1070 = DEFINITIONAL_REPRESENTATION('',(#1071),#1075);
#1071 = LINE('',#1072,#1073);
#1072 = CARTESIAN_POINT('',(0.,0.));
#1073 = VECTOR('',#1074,1.);
#1074 = DIRECTION('',(1.,0.));
#1075 = ( GEOMETRIC_REPRESENTATION_CONTEXT(2) 
PARAMETRIC_REPRESENTATION_CONTEXT() REPRESENTATION_CONTEXT('2D SPACE',''
  ) );
#1076 = ORIENTED_EDGE('',*,*,#1077,.F.);
#1077 = EDGE_CURVE('',#944,#1055,#1078,.T.);
#1078 = SURFACE_CURVE('',#1079,(#1083,#1090),.PCURVE_S1.);
#1079 = LINE('',#1080,#1081);
#1080 = CARTESIAN_POINT('',(102.86767578124,-245.7609863281,
    78.01611328125));
#1081 = VECTOR('',#1082,1.);
#1082 = DIRECTION('',(0.,0.,-1.));
#1083 = PCURVE('',#396,#1084);
#1084 = DEFINITIONAL_REPRESENTATION('',(#1085),#1089);
#1085 = LINE('',#1086,#1087);
#1086 = CARTESIAN_POINT('',(261.25512695312,-228.0161132812));
#1087 = VECTOR('',#1088,1.);
#1088 = DIRECTION('',(0.,1.));
#1089 = ( GEOMETRIC_REPRESENTATION_CONTEXT(2) 
PARAMETRIC_REPRESENTATION_CONTEXT() REPRESENTATION_CONTEXT('2D SPACE',''
  ) );
#1090 = PCURVE('',#679,#1091);
#1091 = DEFINITIONAL_REPRESENTATION('',(#1092),#1096);
#1092 = LINE('',#1093,#1094);
#1093 = CARTESIAN_POINT('',(0.,-0.));
#1094 = VECTOR('',#1095,1.);
#1095 = DIRECTION('',(1.,0.));
#1096 = ( GEOMETRIC_REPRESENTATION_CONTEXT(2) 
PARAMETRIC_REPRESENTATION_CONTEXT() REPRESENTATION_CONTEXT('2D SPACE',''
  ) );
#1097 = FACE_BOUND('',#1098,.F.);
#1098 = EDGE_LOOP('',(#1099,#1100,#1101,#1102));
#1099 = ORIENTED_EDGE('',*,*,#894,.T.);
#1100 = ORIENTED_EDGE('',*,*,#382,.T.);
#1101 = ORIENTED_EDGE('',*,*,#557,.F.);
#1102 = ORIENTED_EDGE('',*,*,#1103,.F.);
#1103 = EDGE_CURVE('',#895,#558,#1104,.T.);
#1104 = SURFACE_CURVE('',#1105,(#1109,#1116),.PCURVE_S1.);
#1105 = LINE('',#1106,#1107);
#1106 = CARTESIAN_POINT('',(-158.3874511718,-245.7609863281,-150.));
#1107 = VECTOR('',#1108,1.);
#1108 = DIRECTION('',(1.,0.,0.));
#1109 = PCURVE('',#396,#1110);
#1110 = DEFINITIONAL_REPRESENTATION('',(#1111),#1115);
#1111 = LINE('',#1112,#1113);
#1112 = CARTESIAN_POINT('',(0.,0.));
#1113 = VECTOR('',#1114,1.);
#1114 = DIRECTION('',(1.,0.));
#1115 = ( GEOMETRIC_REPRESENTATION_CONTEXT(2) 
PARAMETRIC_REPRESENTATION_CONTEXT() REPRESENTATION_CONTEXT('2D SPACE',''
  ) );
#1116 = PCURVE('',#618,#1117);
#1117 = DEFINITIONAL_REPRESENTATION('',(#1118),#1122);
#1118 = LINE('',#1119,#1120);
#1119 = CARTESIAN_POINT('',(-443.2272949218,354.03076171875));
#1120 = VECTOR('',#1121,1.);
#1121 = DIRECTION('',(0.,-1.));
#1122 = ( GEOMETRIC_REPRESENTATION_CONTEXT(2) 
PARAMETRIC_REPRESENTATION_CONTEXT() REPRESENTATION_CONTEXT('2D SPACE',''
  ) );
#1123 = ADVANCED_FACE('',(#1124),#493,.T.);
#1124 = FACE_BOUND('',#1125,.F.);
#1125 = EDGE_LOOP('',(#1126,#1149,#1176,#1177));
#1126 = ORIENTED_EDGE('',*,*,#1127,.T.);
#1127 = EDGE_CURVE('',#412,#1128,#1130,.T.);
#1128 = VERTEX_POINT('',#1129);
#1129 = CARTESIAN_POINT('',(29.791015625,15.483305011109,300.));
#1130 = SEAM_CURVE('',#1131,(#1135,#1142),.PCURVE_S1.);
#1131 = LINE('',#1132,#1133);
#1132 = CARTESIAN_POINT('',(29.791015625,15.483305011109,150.));
#1133 = VECTOR('',#1134,1.);
#1134 = DIRECTION('',(0.,0.,1.));
#1135 = PCURVE('',#493,#1136);
#1136 = DEFINITIONAL_REPRESENTATION('',(#1137),#1141);
#1137 = LINE('',#1138,#1139);
#1138 = CARTESIAN_POINT('',(-0.,0.));
#1139 = VECTOR('',#1140,1.);
#1140 = DIRECTION('',(-0.,-1.));
#1141 = ( GEOMETRIC_REPRESENTATION_CONTEXT(2) 
PARAMETRIC_REPRESENTATION_CONTEXT() REPRESENTATION_CONTEXT('2D SPACE',''
  ) );
#1142 = PCURVE('',#493,#1143);
#1143 = DEFINITIONAL_REPRESENTATION('',(#1144),#1148);
#1144 = LINE('',#1145,#1146);
#1145 = CARTESIAN_POINT('',(-6.28318530718,0.));
#1146 = VECTOR('',#1147,1.);
#1147 = DIRECTION('',(-0.,-1.));
#1148 = ( GEOMETRIC_REPRESENTATION_CONTEXT(2) 
PARAMETRIC_REPRESENTATION_CONTEXT() REPRESENTATION_CONTEXT('2D SPACE',''
  ) );
#1149 = ORIENTED_EDGE('',*,*,#1150,.T.);
#1150 = EDGE_CURVE('',#1128,#1128,#1151,.T.);
#1151 = SURFACE_CURVE('',#1152,(#1157,#1164),.PCURVE_S1.);
#1152 = CIRCLE('',#1153,86.363676104859);
#1153 = AXIS2_PLACEMENT_3D('',#1154,#1155,#1156);
#1154 = CARTESIAN_POINT('',(29.791015625,-70.88037109375,300.));
#1155 = DIRECTION('',(0.,-0.,1.));
#1156 = DIRECTION('',(0.,1.,0.));
#1157 = PCURVE('',#493,#1158);
#1158 = DEFINITIONAL_REPRESENTATION('',(#1159),#1163);
#1159 = LINE('',#1160,#1161);
#1160 = CARTESIAN_POINT('',(-0.,-150.));
#1161 = VECTOR('',#1162,1.);
#1162 = DIRECTION('',(-1.,0.));
#1163 = ( GEOMETRIC_REPRESENTATION_CONTEXT(2) 
PARAMETRIC_REPRESENTATION_CONTEXT() REPRESENTATION_CONTEXT('2D SPACE',''
  ) );
#1164 = PCURVE('',#1165,#1170);
#1165 = PLANE('',#1166);
#1166 = AXIS2_PLACEMENT_3D('',#1167,#1168,#1169);
#1167 = CARTESIAN_POINT('',(195.64331054687,197.46630859375,300.));
#1168 = DIRECTION('',(0.,0.,1.));
#1169 = DIRECTION('',(0.,1.,0.));
#1170 = DEFINITIONAL_REPRESENTATION('',(#1171),#1175);
#1171 = CIRCLE('',#1172,86.363676104859);
#1172 = AXIS2_PLACEMENT_2D('',#1173,#1174);
#1173 = CARTESIAN_POINT('',(-268.3466796875,165.85229492187));
#1174 = DIRECTION('',(1.,0.));
#1175 = ( GEOMETRIC_REPRESENTATION_CONTEXT(2) 
PARAMETRIC_REPRESENTATION_CONTEXT() REPRESENTATION_CONTEXT('2D SPACE',''
  ) );
#1176 = ORIENTED_EDGE('',*,*,#1127,.F.);
#1177 = ORIENTED_EDGE('',*,*,#432,.F.);
#1178 = ADVANCED_FACE('',(#1179,#1185),#618,.F.);
#1179 = FACE_BOUND('',#1180,.F.);
#1180 = EDGE_LOOP('',(#1181,#1182,#1183,#1184));
#1181 = ORIENTED_EDGE('',*,*,#604,.T.);
#1182 = ORIENTED_EDGE('',*,*,#868,.T.);
#1183 = ORIENTED_EDGE('',*,*,#917,.T.);
#1184 = ORIENTED_EDGE('',*,*,#1103,.T.);
#1185 = FACE_BOUND('',#1186,.T.);
#1186 = EDGE_LOOP('',(#1187,#1218,#1246,#1275));
#1187 = ORIENTED_EDGE('',*,*,#1188,.T.);
#1188 = EDGE_CURVE('',#1189,#1191,#1193,.T.);
#1189 = VERTEX_POINT('',#1190);
#1190 = CARTESIAN_POINT('',(-52.19736099243,-93.97399330139,-150.));
#1191 = VERTEX_POINT('',#1192);
#1192 = CARTESIAN_POINT('',(102.99658966064,-93.97399330139,-150.));
#1193 = SURFACE_CURVE('',#1194,(#1199,#1206),.PCURVE_S1.);
#1194 = CIRCLE('',#1195,77.596975326538);
#1195 = AXIS2_PLACEMENT_3D('',#1196,#1197,#1198);
#1196 = CARTESIAN_POINT('',(25.399614334106,-93.97399330139,-150.));
#1197 = DIRECTION('',(0.,-0.,1.));
#1198 = DIRECTION('',(0.,1.,0.));
#1199 = PCURVE('',#618,#1200);
#1200 = DEFINITIONAL_REPRESENTATION('',(#1201),#1205);
#1201 = CIRCLE('',#1202,77.596975326538);
#1202 = AXIS2_PLACEMENT_2D('',#1203,#1204);
#1203 = CARTESIAN_POINT('',(-291.4403018951,170.24369621276));
#1204 = DIRECTION('',(1.,0.));
#1205 = ( GEOMETRIC_REPRESENTATION_CONTEXT(2) 
PARAMETRIC_REPRESENTATION_CONTEXT() REPRESENTATION_CONTEXT('2D SPACE',''
  ) );
#1206 = PCURVE('',#1207,#1212);
#1207 = CYLINDRICAL_SURFACE('',#1208,77.596975326538);
#1208 = AXIS2_PLACEMENT_3D('',#1209,#1210,#1211);
#1209 = CARTESIAN_POINT('',(25.399614334106,-93.97399330139,-150.));
#1210 = DIRECTION('',(0.,0.,1.));
#1211 = DIRECTION('',(0.,1.,0.));
#1212 = DEFINITIONAL_REPRESENTATION('',(#1213),#1217);
#1213 = LINE('',#1214,#1215);
#1214 = CARTESIAN_POINT('',(0.,0.));
#1215 = VECTOR('',#1216,1.);
#1216 = DIRECTION('',(1.,0.));
#1217 = ( GEOMETRIC_REPRESENTATION_CONTEXT(2) 
PARAMETRIC_REPRESENTATION_CONTEXT() REPRESENTATION_CONTEXT('2D SPACE',''
  ) );
#1218 = ORIENTED_EDGE('',*,*,#1219,.T.);
#1219 = EDGE_CURVE('',#1191,#1220,#1222,.T.);
#1220 = VERTEX_POINT('',#1221);
#1221 = CARTESIAN_POINT('',(102.99658966064,58.724496841431,-150.));
#1222 = SURFACE_CURVE('',#1223,(#1227,#1234),.PCURVE_S1.);
#1223 = LINE('',#1224,#1225);
#1224 = CARTESIAN_POINT('',(102.99658966064,-93.97399330139,-150.));
#1225 = VECTOR('',#1226,1.);
#1226 = DIRECTION('',(0.,1.,0.));
#1227 = PCURVE('',#618,#1228);
#1228 = DEFINITIONAL_REPRESENTATION('',(#1229),#1233);
#1229 = LINE('',#1230,#1231);
#1230 = CARTESIAN_POINT('',(-291.4403018951,92.64672088623));
#1231 = VECTOR('',#1232,1.);
#1232 = DIRECTION('',(1.,0.));
#1233 = ( GEOMETRIC_REPRESENTATION_CONTEXT(2) 
PARAMETRIC_REPRESENTATION_CONTEXT() REPRESENTATION_CONTEXT('2D SPACE',''
  ) );
#1234 = PCURVE('',#1235,#1240);
#1235 = PLANE('',#1236);
#1236 = AXIS2_PLACEMENT_3D('',#1237,#1238,#1239);
#1237 = CARTESIAN_POINT('',(102.99658966064,-93.97399330139,-150.));
#1238 = DIRECTION('',(1.,0.,0.));
#1239 = DIRECTION('',(-0.,1.,0.));
#1240 = DEFINITIONAL_REPRESENTATION('',(#1241),#1245);
#1241 = LINE('',#1242,#1243);
#1242 = CARTESIAN_POINT('',(0.,0.));
#1243 = VECTOR('',#1244,1.);
#1244 = DIRECTION('',(1.,0.));
#1245 = ( GEOMETRIC_REPRESENTATION_CONTEXT(2) 
PARAMETRIC_REPRESENTATION_CONTEXT() REPRESENTATION_CONTEXT('2D SPACE',''
  ) );
#1246 = ORIENTED_EDGE('',*,*,#1247,.T.);
#1247 = EDGE_CURVE('',#1220,#1248,#1250,.T.);
#1248 = VERTEX_POINT('',#1249);
#1249 = CARTESIAN_POINT('',(-52.19736099243,58.724496841431,-150.));
#1250 = SURFACE_CURVE('',#1251,(#1256,#1263),.PCURVE_S1.);
#1251 = CIRCLE('',#1252,77.596975326538);
#1252 = AXIS2_PLACEMENT_3D('',#1253,#1254,#1255);
#1253 = CARTESIAN_POINT('',(25.399614334106,58.724496841431,-150.));
#1254 = DIRECTION('',(0.,-0.,1.));
#1255 = DIRECTION('',(0.,1.,0.));
#1256 = PCURVE('',#618,#1257);
#1257 = DEFINITIONAL_REPRESENTATION('',(#1258),#1262);
#1258 = CIRCLE('',#1259,77.596975326538);
#1259 = AXIS2_PLACEMENT_2D('',#1260,#1261);
#1260 = CARTESIAN_POINT('',(-138.7418117523,170.24369621276));
#1261 = DIRECTION('',(1.,0.));
#1262 = ( GEOMETRIC_REPRESENTATION_CONTEXT(2) 
PARAMETRIC_REPRESENTATION_CONTEXT() REPRESENTATION_CONTEXT('2D SPACE',''
  ) );
#1263 = PCURVE('',#1264,#1269);
#1264 = CYLINDRICAL_SURFACE('',#1265,77.596975326538);
#1265 = AXIS2_PLACEMENT_3D('',#1266,#1267,#1268);
#1266 = CARTESIAN_POINT('',(25.399614334106,58.724496841431,-150.));
#1267 = DIRECTION('',(0.,0.,1.));
#1268 = DIRECTION('',(0.,1.,0.));
#1269 = DEFINITIONAL_REPRESENTATION('',(#1270),#1274);
#1270 = LINE('',#1271,#1272);
#1271 = CARTESIAN_POINT('',(0.,0.));
#1272 = VECTOR('',#1273,1.);
#1273 = DIRECTION('',(1.,0.));
#1274 = ( GEOMETRIC_REPRESENTATION_CONTEXT(2) 
PARAMETRIC_REPRESENTATION_CONTEXT() REPRESENTATION_CONTEXT('2D SPACE',''
  ) );
#1275 = ORIENTED_EDGE('',*,*,#1276,.T.);
#1276 = EDGE_CURVE('',#1248,#1189,#1277,.T.);
#1277 = SURFACE_CURVE('',#1278,(#1282,#1289),.PCURVE_S1.);
#1278 = LINE('',#1279,#1280);
#1279 = CARTESIAN_POINT('',(-52.19736099243,58.724496841431,-150.));
#1280 = VECTOR('',#1281,1.);
#1281 = DIRECTION('',(0.,-1.,0.));
#1282 = PCURVE('',#618,#1283);
#1283 = DEFINITIONAL_REPRESENTATION('',(#1284),#1288);
#1284 = LINE('',#1285,#1286);
#1285 = CARTESIAN_POINT('',(-138.7418117523,247.8406715393));
#1286 = VECTOR('',#1287,1.);
#1287 = DIRECTION('',(-1.,0.));
#1288 = ( GEOMETRIC_REPRESENTATION_CONTEXT(2) 
PARAMETRIC_REPRESENTATION_CONTEXT() REPRESENTATION_CONTEXT('2D SPACE',''
  ) );
#1289 = PCURVE('',#1290,#1295);
#1290 = PLANE('',#1291);
#1291 = AXIS2_PLACEMENT_3D('',#1292,#1293,#1294);
#1292 = CARTESIAN_POINT('',(-52.19736099243,58.724496841431,-150.));
#1293 = DIRECTION('',(-1.,0.,0.));
#1294 = DIRECTION('',(0.,-1.,0.));
#1295 = DEFINITIONAL_REPRESENTATION('',(#1296),#1300);
#1296 = LINE('',#1297,#1298);
#1297 = CARTESIAN_POINT('',(0.,0.));
#1298 = VECTOR('',#1299,1.);
#1299 = DIRECTION('',(1.,0.));
#1300 = ( GEOMETRIC_REPRESENTATION_CONTEXT(2) 
PARAMETRIC_REPRESENTATION_CONTEXT() REPRESENTATION_CONTEXT('2D SPACE',''
  ) );
#1301 = ADVANCED_FACE('',(#1302),#651,.T.);
#1302 = FACE_BOUND('',#1303,.T.);
#1303 = EDGE_LOOP('',(#1304,#1305,#1340,#1341));
#1304 = ORIENTED_EDGE('',*,*,#941,.F.);
#1305 = ORIENTED_EDGE('',*,*,#1306,.T.);
#1306 = EDGE_CURVE('',#942,#634,#1307,.T.);
#1307 = SURFACE_CURVE('',#1308,(#1319,#1333),.PCURVE_S1.);
#1308 = B_SPLINE_CURVE_WITH_KNOTS('',3,(#1309,#1310,#1311,#1312,#1313,
    #1314,#1315,#1316,#1317,#1318),.UNSPECIFIED.,.F.,.F.,(4,2,2,2,4),(
    -27.12551044921,0.,221.61364746093,443.22729492187,470.35280537109),
  .UNSPECIFIED.);
#1309 = CARTESIAN_POINT('',(-58.94311523437,-272.8864967773,
    78.01611328125));
#1310 = CARTESIAN_POINT('',(-58.94311523437,-263.8446599609,
    78.01611328125));
#1311 = CARTESIAN_POINT('',(-58.94311523437,-254.8028231445,
    78.01611328125));
#1312 = CARTESIAN_POINT('',(-58.94311523437,-171.8897705078,
    78.01611328125));
#1313 = CARTESIAN_POINT('',(-50.19311523437,-98.0185546875,
    78.01611328125));
#1314 = CARTESIAN_POINT('',(-47.69311523437,49.723876953124,
    78.01611328125));
#1315 = CARTESIAN_POINT('',(-53.94311523437,123.59509277343,
    78.01611328125));
#1316 = CARTESIAN_POINT('',(-53.94311523437,206.50814541015,
    78.01611328125));
#1317 = CARTESIAN_POINT('',(-53.94311523437,215.54998222656,
    78.01611328125));
#1318 = CARTESIAN_POINT('',(-53.94311523437,224.59181904296,
    78.01611328125));
#1319 = PCURVE('',#651,#1320);
#1320 = DEFINITIONAL_REPRESENTATION('',(#1321),#1332);
#1321 = B_SPLINE_CURVE_WITH_KNOTS('',3,(#1322,#1323,#1324,#1325,#1326,
    #1327,#1328,#1329,#1330,#1331),.UNSPECIFIED.,.F.,.F.,(4,2,2,2,4),(
    -27.12551044921,0.,221.61364746093,443.22729492187,470.35280537109),
  .UNSPECIFIED.);
#1322 = CARTESIAN_POINT('',(5.,27.125510449219));
#1323 = CARTESIAN_POINT('',(5.,18.083673632813));
#1324 = CARTESIAN_POINT('',(5.,9.041836816407));
#1325 = CARTESIAN_POINT('',(5.,-73.87121582031));
#1326 = CARTESIAN_POINT('',(13.75,-147.7424316406));
#1327 = CARTESIAN_POINT('',(16.25,-295.4848632812));
#1328 = CARTESIAN_POINT('',(10.,-369.3560791015));
#1329 = CARTESIAN_POINT('',(10.,-452.2691317382));
#1330 = CARTESIAN_POINT('',(10.,-461.3109685546));
#1331 = CARTESIAN_POINT('',(10.,-470.352805371));
#1332 = ( GEOMETRIC_REPRESENTATION_CONTEXT(2) 
PARAMETRIC_REPRESENTATION_CONTEXT() REPRESENTATION_CONTEXT('2D SPACE',''
  ) );
#1333 = PCURVE('',#789,#1334);
#1334 = DEFINITIONAL_REPRESENTATION('',(#1335),#1339);
#1335 = LINE('',#1336,#1337);
#1336 = CARTESIAN_POINT('',(0.,0.));
#1337 = VECTOR('',#1338,1.);
#1338 = DIRECTION('',(0.,1.));
#1339 = ( GEOMETRIC_REPRESENTATION_CONTEXT(2) 
PARAMETRIC_REPRESENTATION_CONTEXT() REPRESENTATION_CONTEXT('2D SPACE',''
  ) );
#1340 = ORIENTED_EDGE('',*,*,#633,.T.);
#1341 = ORIENTED_EDGE('',*,*,#1342,.F.);
#1342 = EDGE_CURVE('',#944,#636,#1343,.T.);
#1343 = SURFACE_CURVE('',#1344,(#1348,#1355),.PCURVE_S1.);
#1344 = LINE('',#1345,#1346);
#1345 = CARTESIAN_POINT('',(102.86767578124,-245.7609863281,
    78.01611328125));
#1346 = VECTOR('',#1347,1.);
#1347 = DIRECTION('',(0.,1.,0.));
#1348 = PCURVE('',#651,#1349);
#1349 = DEFINITIONAL_REPRESENTATION('',(#1350),#1354);
#1350 = LINE('',#1351,#1352);
#1351 = CARTESIAN_POINT('',(166.81079101562,0.));
#1352 = VECTOR('',#1353,1.);
#1353 = DIRECTION('',(0.,-1.));
#1354 = ( GEOMETRIC_REPRESENTATION_CONTEXT(2) 
PARAMETRIC_REPRESENTATION_CONTEXT() REPRESENTATION_CONTEXT('2D SPACE',''
  ) );
#1355 = PCURVE('',#679,#1356);
#1356 = DEFINITIONAL_REPRESENTATION('',(#1357),#1361);
#1357 = LINE('',#1358,#1359);
#1358 = CARTESIAN_POINT('',(0.,-0.));
#1359 = VECTOR('',#1360,1.);
#1360 = DIRECTION('',(0.,-1.));
#1361 = ( GEOMETRIC_REPRESENTATION_CONTEXT(2) 
PARAMETRIC_REPRESENTATION_CONTEXT() REPRESENTATION_CONTEXT('2D SPACE',''
  ) );
#1362 = ADVANCED_FACE('',(#1363),#789,.T.);
#1363 = FACE_BOUND('',#1364,.T.);
#1364 = EDGE_LOOP('',(#1365,#1366,#1401,#1402));
#1365 = ORIENTED_EDGE('',*,*,#966,.T.);
#1366 = ORIENTED_EDGE('',*,*,#1367,.T.);
#1367 = EDGE_CURVE('',#967,#720,#1368,.T.);
#1368 = SURFACE_CURVE('',#1369,(#1380,#1387),.PCURVE_S1.);
#1369 = B_SPLINE_CURVE_WITH_KNOTS('',3,(#1370,#1371,#1372,#1373,#1374,
    #1375,#1376,#1377,#1378,#1379),.UNSPECIFIED.,.F.,.F.,(4,2,2,2,4),(
    -27.12551044921,0.,221.61364746093,443.22729492187,470.35280537109),
  .UNSPECIFIED.);
#1370 = CARTESIAN_POINT('',(-63.94311523437,-272.8864967773,
    73.01611328125));
#1371 = CARTESIAN_POINT('',(-63.94311523437,-263.8446599609,
    73.01611328125));
#1372 = CARTESIAN_POINT('',(-63.94311523437,-254.8028231445,
    73.01611328125));
#1373 = CARTESIAN_POINT('',(-63.94311523437,-171.8897705078,
    73.01611328125));
#1374 = CARTESIAN_POINT('',(-63.94311523437,-98.0185546875,
    64.26611328125));
#1375 = CARTESIAN_POINT('',(-63.94311523437,49.723876953124,
    61.76611328125));
#1376 = CARTESIAN_POINT('',(-63.94311523437,123.59509277343,
    68.01611328125));
#1377 = CARTESIAN_POINT('',(-63.94311523437,206.50814541015,
    68.01611328125));
#1378 = CARTESIAN_POINT('',(-63.94311523437,215.54998222656,
    68.01611328125));
#1379 = CARTESIAN_POINT('',(-63.94311523437,224.59181904296,
    68.01611328125));
#1380 = PCURVE('',#789,#1381);
#1381 = DEFINITIONAL_REPRESENTATION('',(#1382),#1386);
#1382 = LINE('',#1383,#1384);
#1383 = CARTESIAN_POINT('',(1.,0.));
#1384 = VECTOR('',#1385,1.);
#1385 = DIRECTION('',(0.,1.));
#1386 = ( GEOMETRIC_REPRESENTATION_CONTEXT(2) 
PARAMETRIC_REPRESENTATION_CONTEXT() REPRESENTATION_CONTEXT('2D SPACE',''
  ) );
#1387 = PCURVE('',#735,#1388);
#1388 = DEFINITIONAL_REPRESENTATION('',(#1389),#1400);
#1389 = B_SPLINE_CURVE_WITH_KNOTS('',3,(#1390,#1391,#1392,#1393,#1394,
    #1395,#1396,#1397,#1398,#1399),.UNSPECIFIED.,.F.,.F.,(4,2,2,2,4),(
    -27.12551044921,0.,221.61364746093,443.22729492187,470.35280537109),
  .UNSPECIFIED.);
#1390 = CARTESIAN_POINT('',(155.822265625,27.125510449219));
#1391 = CARTESIAN_POINT('',(155.822265625,18.083673632813));
#1392 = CARTESIAN_POINT('',(155.822265625,9.041836816407));
#1393 = CARTESIAN_POINT('',(155.822265625,-73.87121582031));
#1394 = CARTESIAN_POINT('',(147.072265625,-147.7424316406));
#1395 = CARTESIAN_POINT('',(144.572265625,-295.4848632812));
#1396 = CARTESIAN_POINT('',(150.822265625,-369.3560791015));
#1397 = CARTESIAN_POINT('',(150.822265625,-452.2691317382));
#1398 = CARTESIAN_POINT('',(150.822265625,-461.3109685546));
#1399 = CARTESIAN_POINT('',(150.822265625,-470.352805371));
#1400 = ( GEOMETRIC_REPRESENTATION_CONTEXT(2) 
PARAMETRIC_REPRESENTATION_CONTEXT() REPRESENTATION_CONTEXT('2D SPACE',''
  ) );
#1401 = ORIENTED_EDGE('',*,*,#747,.F.);
#1402 = ORIENTED_EDGE('',*,*,#1306,.F.);
#1403 = ADVANCED_FACE('',(#1404),#679,.T.);
#1404 = FACE_BOUND('',#1405,.T.);
#1405 = EDGE_LOOP('',(#1406,#1407,#1408,#1409));
#1406 = ORIENTED_EDGE('',*,*,#1077,.F.);
#1407 = ORIENTED_EDGE('',*,*,#1342,.T.);
#1408 = ORIENTED_EDGE('',*,*,#663,.T.);
#1409 = ORIENTED_EDGE('',*,*,#1410,.F.);
#1410 = EDGE_CURVE('',#1055,#664,#1411,.T.);
#1411 = SURFACE_CURVE('',#1412,(#1416,#1423),.PCURVE_S1.);
#1412 = LINE('',#1413,#1414);
#1413 = CARTESIAN_POINT('',(102.86767578124,-245.7609863281,
    -82.80615234375));
#1414 = VECTOR('',#1415,1.);
#1415 = DIRECTION('',(0.,1.,0.));
#1416 = PCURVE('',#679,#1417);
#1417 = DEFINITIONAL_REPRESENTATION('',(#1418),#1422);
#1418 = LINE('',#1419,#1420);
#1419 = CARTESIAN_POINT('',(160.822265625,0.));
#1420 = VECTOR('',#1421,1.);
#1421 = DIRECTION('',(0.,-1.));
#1422 = ( GEOMETRIC_REPRESENTATION_CONTEXT(2) 
PARAMETRIC_REPRESENTATION_CONTEXT() REPRESENTATION_CONTEXT('2D SPACE',''
  ) );
#1423 = PCURVE('',#707,#1424);
#1424 = DEFINITIONAL_REPRESENTATION('',(#1425),#1429);
#1425 = LINE('',#1426,#1427);
#1426 = CARTESIAN_POINT('',(0.,0.));
#1427 = VECTOR('',#1428,1.);
#1428 = DIRECTION('',(0.,-1.));
#1429 = ( GEOMETRIC_REPRESENTATION_CONTEXT(2) 
PARAMETRIC_REPRESENTATION_CONTEXT() REPRESENTATION_CONTEXT('2D SPACE',''
  ) );
#1430 = ADVANCED_FACE('',(#1431),#735,.T.);
#1431 = FACE_BOUND('',#1432,.T.);
#1432 = EDGE_LOOP('',(#1433,#1434,#1455,#1456));
#1433 = ORIENTED_EDGE('',*,*,#1031,.F.);
#1434 = ORIENTED_EDGE('',*,*,#1435,.T.);
#1435 = EDGE_CURVE('',#1032,#692,#1436,.T.);
#1436 = SURFACE_CURVE('',#1437,(#1441,#1448),.PCURVE_S1.);
#1437 = LINE('',#1438,#1439);
#1438 = CARTESIAN_POINT('',(-63.94311523437,-245.7609863281,
    -82.80615234375));
#1439 = VECTOR('',#1440,1.);
#1440 = DIRECTION('',(0.,1.,0.));
#1441 = PCURVE('',#735,#1442);
#1442 = DEFINITIONAL_REPRESENTATION('',(#1443),#1447);
#1443 = LINE('',#1444,#1445);
#1444 = CARTESIAN_POINT('',(0.,0.));
#1445 = VECTOR('',#1446,1.);
#1446 = DIRECTION('',(0.,-1.));
#1447 = ( GEOMETRIC_REPRESENTATION_CONTEXT(2) 
PARAMETRIC_REPRESENTATION_CONTEXT() REPRESENTATION_CONTEXT('2D SPACE',''
  ) );
#1448 = PCURVE('',#707,#1449);
#1449 = DEFINITIONAL_REPRESENTATION('',(#1450),#1454);
#1450 = LINE('',#1451,#1452);
#1451 = CARTESIAN_POINT('',(166.81079101562,0.));
#1452 = VECTOR('',#1453,1.);
#1453 = DIRECTION('',(0.,-1.));
#1454 = ( GEOMETRIC_REPRESENTATION_CONTEXT(2) 
PARAMETRIC_REPRESENTATION_CONTEXT() REPRESENTATION_CONTEXT('2D SPACE',''
  ) );
#1455 = ORIENTED_EDGE('',*,*,#719,.T.);
#1456 = ORIENTED_EDGE('',*,*,#1367,.F.);
#1457 = ADVANCED_FACE('',(#1458),#707,.T.);
#1458 = FACE_BOUND('',#1459,.T.);
#1459 = EDGE_LOOP('',(#1460,#1461,#1462,#1463));
#1460 = ORIENTED_EDGE('',*,*,#1054,.F.);
#1461 = ORIENTED_EDGE('',*,*,#1410,.T.);
#1462 = ORIENTED_EDGE('',*,*,#691,.T.);
#1463 = ORIENTED_EDGE('',*,*,#1435,.F.);
#1464 = ADVANCED_FACE('',(#1465),#1165,.T.);
#1465 = FACE_BOUND('',#1466,.T.);
#1466 = EDGE_LOOP('',(#1467));
#1467 = ORIENTED_EDGE('',*,*,#1150,.T.);
#1468 = ADVANCED_FACE('',(#1469),#1207,.T.);
#1469 = FACE_BOUND('',#1470,.T.);
#1470 = EDGE_LOOP('',(#1471,#1494,#1523,#1544));
#1471 = ORIENTED_EDGE('',*,*,#1472,.T.);
#1472 = EDGE_CURVE('',#1189,#1473,#1475,.T.);
#1473 = VERTEX_POINT('',#1474);
#1474 = CARTESIAN_POINT('',(-52.19736099243,-93.97399330139,-300.));
#1475 = SURFACE_CURVE('',#1476,(#1480,#1487),.PCURVE_S1.);
#1476 = LINE('',#1477,#1478);
#1477 = CARTESIAN_POINT('',(-52.19736099243,-93.97399330139,-150.));
#1478 = VECTOR('',#1479,1.);
#1479 = DIRECTION('',(0.,0.,-1.));
#1480 = PCURVE('',#1207,#1481);
#1481 = DEFINITIONAL_REPRESENTATION('',(#1482),#1486);
#1482 = LINE('',#1483,#1484);
#1483 = CARTESIAN_POINT('',(1.570796326795,0.));
#1484 = VECTOR('',#1485,1.);
#1485 = DIRECTION('',(0.,-1.));
#1486 = ( GEOMETRIC_REPRESENTATION_CONTEXT(2) 
PARAMETRIC_REPRESENTATION_CONTEXT() REPRESENTATION_CONTEXT('2D SPACE',''
  ) );
#1487 = PCURVE('',#1290,#1488);
#1488 = DEFINITIONAL_REPRESENTATION('',(#1489),#1493);
#1489 = LINE('',#1490,#1491);
#1490 = CARTESIAN_POINT('',(152.69849014282,0.));
#1491 = VECTOR('',#1492,1.);
#1492 = DIRECTION('',(0.,-1.));
#1493 = ( GEOMETRIC_REPRESENTATION_CONTEXT(2) 
PARAMETRIC_REPRESENTATION_CONTEXT() REPRESENTATION_CONTEXT('2D SPACE',''
  ) );
#1494 = ORIENTED_EDGE('',*,*,#1495,.T.);
#1495 = EDGE_CURVE('',#1473,#1496,#1498,.T.);
#1496 = VERTEX_POINT('',#1497);
#1497 = CARTESIAN_POINT('',(102.99658966064,-93.97399330139,-300.));
#1498 = SURFACE_CURVE('',#1499,(#1504,#1511),.PCURVE_S1.);
#1499 = CIRCLE('',#1500,77.596975326538);
#1500 = AXIS2_PLACEMENT_3D('',#1501,#1502,#1503);
#1501 = CARTESIAN_POINT('',(25.399614334106,-93.97399330139,-300.));
#1502 = DIRECTION('',(0.,-0.,1.));
#1503 = DIRECTION('',(0.,1.,0.));
#1504 = PCURVE('',#1207,#1505);
#1505 = DEFINITIONAL_REPRESENTATION('',(#1506),#1510);
#1506 = LINE('',#1507,#1508);
#1507 = CARTESIAN_POINT('',(0.,-150.));
#1508 = VECTOR('',#1509,1.);
#1509 = DIRECTION('',(1.,0.));
#1510 = ( GEOMETRIC_REPRESENTATION_CONTEXT(2) 
PARAMETRIC_REPRESENTATION_CONTEXT() REPRESENTATION_CONTEXT('2D SPACE',''
  ) );
#1511 = PCURVE('',#1512,#1517);
#1512 = PLANE('',#1513);
#1513 = AXIS2_PLACEMENT_3D('',#1514,#1515,#1516);
#1514 = CARTESIAN_POINT('',(195.64331054687,197.46630859375,-300.));
#1515 = DIRECTION('',(0.,0.,1.));
#1516 = DIRECTION('',(0.,1.,0.));
#1517 = DEFINITIONAL_REPRESENTATION('',(#1518),#1522);
#1518 = CIRCLE('',#1519,77.596975326538);
#1519 = AXIS2_PLACEMENT_2D('',#1520,#1521);
#1520 = CARTESIAN_POINT('',(-291.4403018951,170.24369621276));
#1521 = DIRECTION('',(1.,0.));
#1522 = ( GEOMETRIC_REPRESENTATION_CONTEXT(2) 
PARAMETRIC_REPRESENTATION_CONTEXT() REPRESENTATION_CONTEXT('2D SPACE',''
  ) );
#1523 = ORIENTED_EDGE('',*,*,#1524,.F.);
#1524 = EDGE_CURVE('',#1191,#1496,#1525,.T.);
#1525 = SURFACE_CURVE('',#1526,(#1530,#1537),.PCURVE_S1.);
#1526 = LINE('',#1527,#1528);
#1527 = CARTESIAN_POINT('',(102.99658966064,-93.97399330139,-150.));
#1528 = VECTOR('',#1529,1.);
#1529 = DIRECTION('',(0.,0.,-1.));
#1530 = PCURVE('',#1207,#1531);
#1531 = DEFINITIONAL_REPRESENTATION('',(#1532),#1536);
#1532 = LINE('',#1533,#1534);
#1533 = CARTESIAN_POINT('',(4.712388980385,0.));
#1534 = VECTOR('',#1535,1.);
#1535 = DIRECTION('',(0.,-1.));
#1536 = ( GEOMETRIC_REPRESENTATION_CONTEXT(2) 
PARAMETRIC_REPRESENTATION_CONTEXT() REPRESENTATION_CONTEXT('2D SPACE',''
  ) );
#1537 = PCURVE('',#1235,#1538);
#1538 = DEFINITIONAL_REPRESENTATION('',(#1539),#1543);
#1539 = LINE('',#1540,#1541);
#1540 = CARTESIAN_POINT('',(0.,0.));
#1541 = VECTOR('',#1542,1.);
#1542 = DIRECTION('',(0.,-1.));
#1543 = ( GEOMETRIC_REPRESENTATION_CONTEXT(2) 
PARAMETRIC_REPRESENTATION_CONTEXT() REPRESENTATION_CONTEXT('2D SPACE',''
  ) );
#1544 = ORIENTED_EDGE('',*,*,#1188,.F.);
#1545 = ADVANCED_FACE('',(#1546),#1235,.T.);
#1546 = FACE_BOUND('',#1547,.T.);
#1547 = EDGE_LOOP('',(#1548,#1549,#1572,#1593));
#1548 = ORIENTED_EDGE('',*,*,#1524,.T.);
#1549 = ORIENTED_EDGE('',*,*,#1550,.T.);
#1550 = EDGE_CURVE('',#1496,#1551,#1553,.T.);
#1551 = VERTEX_POINT('',#1552);
#1552 = CARTESIAN_POINT('',(102.99658966064,58.724496841431,-300.));
#1553 = SURFACE_CURVE('',#1554,(#1558,#1565),.PCURVE_S1.);
#1554 = LINE('',#1555,#1556);
#1555 = CARTESIAN_POINT('',(102.99658966064,-93.97399330139,-300.));
#1556 = VECTOR('',#1557,1.);
#1557 = DIRECTION('',(0.,1.,0.));
#1558 = PCURVE('',#1235,#1559);
#1559 = DEFINITIONAL_REPRESENTATION('',(#1560),#1564);
#1560 = LINE('',#1561,#1562);
#1561 = CARTESIAN_POINT('',(0.,-150.));
#1562 = VECTOR('',#1563,1.);
#1563 = DIRECTION('',(1.,0.));
#1564 = ( GEOMETRIC_REPRESENTATION_CONTEXT(2) 
PARAMETRIC_REPRESENTATION_CONTEXT() REPRESENTATION_CONTEXT('2D SPACE',''
  ) );
#1565 = PCURVE('',#1512,#1566);
#1566 = DEFINITIONAL_REPRESENTATION('',(#1567),#1571);
#1567 = LINE('',#1568,#1569);
#1568 = CARTESIAN_POINT('',(-291.4403018951,92.64672088623));
#1569 = VECTOR('',#1570,1.);
#1570 = DIRECTION('',(1.,0.));
#1571 = ( GEOMETRIC_REPRESENTATION_CONTEXT(2) 
PARAMETRIC_REPRESENTATION_CONTEXT() REPRESENTATION_CONTEXT('2D SPACE',''
  ) );
#1572 = ORIENTED_EDGE('',*,*,#1573,.F.);
#1573 = EDGE_CURVE('',#1220,#1551,#1574,.T.);
#1574 = SURFACE_CURVE('',#1575,(#1579,#1586),.PCURVE_S1.);
#1575 = LINE('',#1576,#1577);
#1576 = CARTESIAN_POINT('',(102.99658966064,58.724496841431,-150.));
#1577 = VECTOR('',#1578,1.);
#1578 = DIRECTION('',(0.,0.,-1.));
#1579 = PCURVE('',#1235,#1580);
#1580 = DEFINITIONAL_REPRESENTATION('',(#1581),#1585);
#1581 = LINE('',#1582,#1583);
#1582 = CARTESIAN_POINT('',(152.69849014282,0.));
#1583 = VECTOR('',#1584,1.);
#1584 = DIRECTION('',(0.,-1.));
#1585 = ( GEOMETRIC_REPRESENTATION_CONTEXT(2) 
PARAMETRIC_REPRESENTATION_CONTEXT() REPRESENTATION_CONTEXT('2D SPACE',''
  ) );
#1586 = PCURVE('',#1264,#1587);
#1587 = DEFINITIONAL_REPRESENTATION('',(#1588),#1592);
#1588 = LINE('',#1589,#1590);
#1589 = CARTESIAN_POINT('',(4.712388980385,0.));
#1590 = VECTOR('',#1591,1.);
#1591 = DIRECTION('',(0.,-1.));
#1592 = ( GEOMETRIC_REPRESENTATION_CONTEXT(2) 
PARAMETRIC_REPRESENTATION_CONTEXT() REPRESENTATION_CONTEXT('2D SPACE',''
  ) );
#1593 = ORIENTED_EDGE('',*,*,#1219,.F.);
#1594 = ADVANCED_FACE('',(#1595),#1264,.T.);
#1595 = FACE_BOUND('',#1596,.T.);
#1596 = EDGE_LOOP('',(#1597,#1598,#1622,#1643));
#1597 = ORIENTED_EDGE('',*,*,#1573,.T.);
#1598 = ORIENTED_EDGE('',*,*,#1599,.T.);
#1599 = EDGE_CURVE('',#1551,#1600,#1602,.T.);
#1600 = VERTEX_POINT('',#1601);
#1601 = CARTESIAN_POINT('',(-52.19736099243,58.724496841431,-300.));
#1602 = SURFACE_CURVE('',#1603,(#1608,#1615),.PCURVE_S1.);
#1603 = CIRCLE('',#1604,77.596975326538);
#1604 = AXIS2_PLACEMENT_3D('',#1605,#1606,#1607);
#1605 = CARTESIAN_POINT('',(25.399614334106,58.724496841431,-300.));
#1606 = DIRECTION('',(0.,-0.,1.));
#1607 = DIRECTION('',(0.,1.,0.));
#1608 = PCURVE('',#1264,#1609);
#1609 = DEFINITIONAL_REPRESENTATION('',(#1610),#1614);
#1610 = LINE('',#1611,#1612);
#1611 = CARTESIAN_POINT('',(0.,-150.));
#1612 = VECTOR('',#1613,1.);
#1613 = DIRECTION('',(1.,0.));
#1614 = ( GEOMETRIC_REPRESENTATION_CONTEXT(2) 
PARAMETRIC_REPRESENTATION_CONTEXT() REPRESENTATION_CONTEXT('2D SPACE',''
  ) );
#1615 = PCURVE('',#1512,#1616);
#1616 = DEFINITIONAL_REPRESENTATION('',(#1617),#1621);
#1617 = CIRCLE('',#1618,77.596975326538);
#1618 = AXIS2_PLACEMENT_2D('',#1619,#1620);
#1619 = CARTESIAN_POINT('',(-138.7418117523,170.24369621276));
#1620 = DIRECTION('',(1.,0.));
#1621 = ( GEOMETRIC_REPRESENTATION_CONTEXT(2) 
PARAMETRIC_REPRESENTATION_CONTEXT() REPRESENTATION_CONTEXT('2D SPACE',''
  ) );
#1622 = ORIENTED_EDGE('',*,*,#1623,.F.);
#1623 = EDGE_CURVE('',#1248,#1600,#1624,.T.);
#1624 = SURFACE_CURVE('',#1625,(#1629,#1636),.PCURVE_S1.);
#1625 = LINE('',#1626,#1627);
#1626 = CARTESIAN_POINT('',(-52.19736099243,58.724496841431,-150.));
#1627 = VECTOR('',#1628,1.);
#1628 = DIRECTION('',(0.,0.,-1.));
#1629 = PCURVE('',#1264,#1630);
#1630 = DEFINITIONAL_REPRESENTATION('',(#1631),#1635);
#1631 = LINE('',#1632,#1633);
#1632 = CARTESIAN_POINT('',(7.853981633974,0.));
#1633 = VECTOR('',#1634,1.);
#1634 = DIRECTION('',(0.,-1.));
#1635 = ( GEOMETRIC_REPRESENTATION_CONTEXT(2) 
PARAMETRIC_REPRESENTATION_CONTEXT() REPRESENTATION_CONTEXT('2D SPACE',''
  ) );
#1636 = PCURVE('',#1290,#1637);
#1637 = DEFINITIONAL_REPRESENTATION('',(#1638),#1642);
#1638 = LINE('',#1639,#1640);
#1639 = CARTESIAN_POINT('',(0.,0.));
#1640 = VECTOR('',#1641,1.);
#1641 = DIRECTION('',(0.,-1.));
#1642 = ( GEOMETRIC_REPRESENTATION_CONTEXT(2) 
PARAMETRIC_REPRESENTATION_CONTEXT() REPRESENTATION_CONTEXT('2D SPACE',''
  ) );
#1643 = ORIENTED_EDGE('',*,*,#1247,.F.);
#1644 = ADVANCED_FACE('',(#1645),#1290,.T.);
#1645 = FACE_BOUND('',#1646,.T.);
#1646 = EDGE_LOOP('',(#1647,#1648,#1669,#1670));
#1647 = ORIENTED_EDGE('',*,*,#1623,.T.);
#1648 = ORIENTED_EDGE('',*,*,#1649,.T.);
#1649 = EDGE_CURVE('',#1600,#1473,#1650,.T.);
#1650 = SURFACE_CURVE('',#1651,(#1655,#1662),.PCURVE_S1.);
#1651 = LINE('',#1652,#1653);
#1652 = CARTESIAN_POINT('',(-52.19736099243,58.724496841431,-300.));
#1653 = VECTOR('',#1654,1.);
#1654 = DIRECTION('',(0.,-1.,0.));
#1655 = PCURVE('',#1290,#1656);
#1656 = DEFINITIONAL_REPRESENTATION('',(#1657),#1661);
#1657 = LINE('',#1658,#1659);
#1658 = CARTESIAN_POINT('',(0.,-150.));
#1659 = VECTOR('',#1660,1.);
#1660 = DIRECTION('',(1.,0.));
#1661 = ( GEOMETRIC_REPRESENTATION_CONTEXT(2) 
PARAMETRIC_REPRESENTATION_CONTEXT() REPRESENTATION_CONTEXT('2D SPACE',''
  ) );
#1662 = PCURVE('',#1512,#1663);
#1663 = DEFINITIONAL_REPRESENTATION('',(#1664),#1668);
#1664 = LINE('',#1665,#1666);
#1665 = CARTESIAN_POINT('',(-138.7418117523,247.8406715393));
#1666 = VECTOR('',#1667,1.);
#1667 = DIRECTION('',(-1.,0.));
#1668 = ( GEOMETRIC_REPRESENTATION_CONTEXT(2) 
PARAMETRIC_REPRESENTATION_CONTEXT() REPRESENTATION_CONTEXT('2D SPACE',''
  ) );
#1669 = ORIENTED_EDGE('',*,*,#1472,.F.);
#1670 = ORIENTED_EDGE('',*,*,#1276,.F.);
#1671 = ADVANCED_FACE('',(#1672),#1512,.F.);
#1672 = FACE_BOUND('',#1673,.F.);
#1673 = EDGE_LOOP('',(#1674,#1675,#1676,#1677));
#1674 = ORIENTED_EDGE('',*,*,#1495,.T.);
#1675 = ORIENTED_EDGE('',*,*,#1550,.T.);
#1676 = ORIENTED_EDGE('',*,*,#1599,.T.);
#1677 = ORIENTED_EDGE('',*,*,#1649,.T.);
#1678 = ( GEOMETRIC_REPRESENTATION_CONTEXT(3) 
GLOBAL_UNCERTAINTY_ASSIGNED_CONTEXT((#1682)) 
GLOBAL_UNIT_ASSIGNED_CONTEXT((#1679,#1680,#1681)) REPRESENTATION_CONTEXT
('Context #1','3D Context with UNIT and UNCERTAINTY') );
#1679 = ( LENGTH_UNIT() NAMED_UNIT(*) SI_UNIT(.MILLI.,.METRE.) );
#1680 = ( NAMED_UNIT(*) PLANE_ANGLE_UNIT() SI_UNIT($,.RADIAN.) );
#1681 = ( NAMED_UNIT(*) SI_UNIT($,.STERADIAN.) SOLID_ANGLE_UNIT() );
#1682 = UNCERTAINTY_MEASURE_WITH_UNIT(LENGTH_MEASURE(2.E-05),#1679,
  'distance_accuracy_value','confusion accuracy');
#1683 = PRODUCT_RELATED_PRODUCT_CATEGORY('part',$,(#7));
ENDSEC;
END-ISO-10303-21;
