ISO-10303-21;
HEADER;
FILE_DESCRIPTION(('Open CASCADE Model'),'2;1');
FILE_NAME('Open CASCADE Shape Model','2026-07-11T20:15:55',('Author'),(
    'Open CASCADE'),'Open CASCADE STEP processor 8.0','Open CASCADE 8.0'
  ,'Unknown');
FILE_SCHEMA(('AUTOMOTIVE_DESIGN { 1 0 10303 214 1 1 1 1 }'));
ENDSEC;
DATA;
#1 = APPLICATION_PROTOCOL_DEFINITION('international standard',
  'automotive_design',2000,#2);
#2 = APPLICATION_CONTEXT(
  'core data for automotive mechanical design processes');
#3 = SHAPE_DEFINITION_REPRESENTATION(#4,#10);
#4 = PRODUCT_DEFINITION_SHAPE('','',#5);
#5 = PRODUCT_DEFINITION('design','',#6,#9);
#6 = PRODUCT_DEFINITION_FORMATION('','',#7);
#7 = PRODUCT('Open CASCADE STEP translator 8.0 1',
  'Open CASCADE STEP translator 8.0 1','',(#8));
#8 = PRODUCT_CONTEXT('',#2,'mechanical');
#9 = PRODUCT_DEFINITION_CONTEXT('part definition',#2,'design');
#10 = MANIFOLD_SURFACE_SHAPE_REPRESENTATION('',(#11,#15),#1328);
#11 = AXIS2_PLACEMENT_3D('',#12,#13,#14);
#12 = CARTESIAN_POINT('',(0.,0.,0.));
#13 = DIRECTION('',(0.,0.,1.));
#14 = DIRECTION('',(1.,0.,-0.));
#15 = SHELL_BASED_SURFACE_MODEL('',(#16));
#16 = OPEN_SHELL('',(#17,#347,#539,#560,#672,#1060,#1106,#1152,#1198,
    #1244,#1289));
#17 = ADVANCED_FACE('',(#18),#36,.T.);
#18 = FACE_BOUND('',#19,.T.);
#19 = EDGE_LOOP('',(#20,#114,#148,#203,#221,#288));
#20 = ORIENTED_EDGE('',*,*,#21,.T.);
#21 = EDGE_CURVE('',#22,#24,#26,.T.);
#22 = VERTEX_POINT('',#23);
#23 = CARTESIAN_POINT('',(-336.4718839263,15.052570645857,
    70.502040886339));
#24 = VERTEX_POINT('',#25);
#25 = CARTESIAN_POINT('',(-337.4641529652,13.866803957683,
    66.202380945381));
#26 = SURFACE_CURVE('',#27,(#35,#83),.PCURVE_S1.);
#27 = B_SPLINE_CURVE_WITH_KNOTS('',6,(#28,#29,#30,#31,#32,#33,#34),
  .UNSPECIFIED.,.F.,.F.,(7,7),(0.,1.),.PIECEWISE_BEZIER_KNOTS.);
#28 = CARTESIAN_POINT('',(-336.4718839176,15.052570645857,70.50204088747
    ));
#29 = CARTESIAN_POINT('',(-336.655149983,14.923285054179,69.773054503361
    ));
#30 = CARTESIAN_POINT('',(-336.8315552942,14.76804499164,69.046909198947
    ));
#31 = CARTESIAN_POINT('',(-337.0009539861,14.584447854862,68.32538068906
    ));
#32 = CARTESIAN_POINT('',(-337.1630419703,14.37261849831,67.609916611334
    ));
#33 = CARTESIAN_POINT('',(-337.3175260956,14.133175496942,
    66.901815360185));
#34 = CARTESIAN_POINT('',(-337.4641661943,13.866725507162,
    66.202360703895));
#35 = PCURVE('',#36,#73);
#36 = B_SPLINE_SURFACE_WITH_KNOTS('',5,5,(
    (#37,#38,#39,#40,#41,#42)
    ,(#43,#44,#45,#46,#47,#48)
    ,(#49,#50,#51,#52,#53,#54)
    ,(#55,#56,#57,#58,#59,#60)
    ,(#61,#62,#63,#64,#65,#66)
    ,(#67,#68,#69,#70,#71,#72
    )),.UNSPECIFIED.,.F.,.F.,.F.,(6,6),(6,6),(0.,1.),(0.,1.),
  .PIECEWISE_BEZIER_KNOTS.);
#37 = CARTESIAN_POINT('',(-336.5999964997,-5.684341886081E-14,
    55.643347922125));
#38 = CARTESIAN_POINT('',(-336.5999964997,4.19688,55.643347922125));
#39 = CARTESIAN_POINT('',(-336.5999964997,8.39376,55.643347922125));
#40 = CARTESIAN_POINT('',(-338.4940177053,12.539311288723,
    61.818560476346));
#41 = CARTESIAN_POINT('',(-338.9784333681,14.280654302707,
    65.915292627308));
#42 = CARTESIAN_POINT('',(-339.4628482364,15.052570645857,
    70.012024872936));
#43 = CARTESIAN_POINT('',(-335.2440413214,-5.684341886081E-14,
    55.860496749127));
#44 = CARTESIAN_POINT('',(-335.2440413214,4.19688,55.860496749127));
#45 = CARTESIAN_POINT('',(-335.2440413214,8.39376,55.860496749127));
#46 = CARTESIAN_POINT('',(-337.2655775469,12.539315669732,
    62.022084988474));
#47 = CARTESIAN_POINT('',(-337.7451287695,14.280655273731,
    66.119392514914));
#48 = CARTESIAN_POINT('',(-338.2246789753,15.052570645857,
    70.216700161734));
#49 = CARTESIAN_POINT('',(-333.8414930382,-5.684341886081E-14,
    55.786701514277));
#50 = CARTESIAN_POINT('',(-333.8414930382,4.19688,55.786701514277));
#51 = CARTESIAN_POINT('',(-333.8414930382,8.39376,55.786701514277));
#52 = CARTESIAN_POINT('',(-336.0347414438,12.539321108996,
    62.224143101125));
#53 = CARTESIAN_POINT('',(-336.5093897068,14.280656479312,66.32202328072
    ));
#54 = CARTESIAN_POINT('',(-336.9840367316,15.052570645857,
    70.419903605715));
#55 = CARTESIAN_POINT('',(-332.475678963,-5.684341886081E-14,
    55.408202801608));
#56 = CARTESIAN_POINT('',(-332.475678963,4.19688,55.408202801608));
#57 = CARTESIAN_POINT('',(-332.475678963,8.39376,55.408202801608));
#58 = CARTESIAN_POINT('',(-334.8015643993,12.539327453028,
    62.424697941462));
#59 = CARTESIAN_POINT('',(-335.2712707718,14.280657885431,
    66.523147867597));
#60 = CARTESIAN_POINT('',(-335.7409756866,15.052570645857,70.6215979633)
  );
#61 = CARTESIAN_POINT('',(-331.2352066454,-5.684341886081E-14,
    54.749555815265));
#62 = CARTESIAN_POINT('',(-331.2352066454,4.19688,54.749555815265));
#63 = CARTESIAN_POINT('',(-331.2352066454,8.39376,54.749555815265));
#64 = CARTESIAN_POINT('',(-333.5661014419,12.539334556755,
    62.623712650286));
#65 = CARTESIAN_POINT('',(-334.0308265686,14.280659459934,
    66.722729225226));
#66 = CARTESIAN_POINT('',(-334.4955500213,15.052570645857,
    70.821745992907));
#67 = CARTESIAN_POINT('',(-330.1844353687,-5.684341886081E-14,
    53.865447347452));
#68 = CARTESIAN_POINT('',(-330.1844353687,4.19688,53.865447347452));
#69 = CARTESIAN_POINT('',(-330.1844353687,8.39376,53.865447347452));
#70 = CARTESIAN_POINT('',(-332.3284076246,12.539342283515,
    62.821150382038));
#71 = CARTESIAN_POINT('',(-332.7881117139,14.280661172532,
    66.920730310097));
#72 = CARTESIAN_POINT('',(-333.247813917,15.052570645857,71.020310452956
    ));
#73 = DEFINITIONAL_REPRESENTATION('',(#74),#82);
#74 = B_SPLINE_CURVE_WITH_KNOTS('',6,(#75,#76,#77,#78,#79,#80,#81),
  .UNSPECIFIED.,.F.,.F.,(7,7),(0.,1.),.PIECEWISE_BEZIER_KNOTS.);
#75 = CARTESIAN_POINT('',(0.482207862834,0.999999999997));
#76 = CARTESIAN_POINT('',(0.439980156683,0.966502914069));
#77 = CARTESIAN_POINT('',(0.398822996752,0.933100093792));
#78 = CARTESIAN_POINT('',(0.357797838657,0.900452681987));
#79 = CARTESIAN_POINT('',(0.316718671297,0.868601794845));
#80 = CARTESIAN_POINT('',(0.275700780257,0.837442414349));
#81 = CARTESIAN_POINT('',(0.234967142119,0.806847599087));
#82 = ( GEOMETRIC_REPRESENTATION_CONTEXT(2) 
PARAMETRIC_REPRESENTATION_CONTEXT() REPRESENTATION_CONTEXT('2D SPACE',''
  ) );
#83 = PCURVE('',#84,#105);
#84 = B_SPLINE_SURFACE_WITH_KNOTS('',3,4,(
    (#85,#86,#87,#88,#89)
    ,(#90,#91,#92,#93,#94)
    ,(#95,#96,#97,#98,#99)
    ,(#100,#101,#102,#103,#104
    )),.UNSPECIFIED.,.F.,.F.,.F.,(4,4),(5,5),(0.,1.),(0.,1.),
  .PIECEWISE_BEZIER_KNOTS.);
#85 = CARTESIAN_POINT('',(-325.4923400878,0.,96.54418182373));
#86 = CARTESIAN_POINT('',(-332.7924911901,0.,86.369699274239));
#87 = CARTESIAN_POINT('',(-337.5237897924,0.,73.984325981458));
#88 = CARTESIAN_POINT('',(-339.6193836839,0.,60.821195711437));
#89 = CARTESIAN_POINT('',(-339.0124206542,0.,48.313442230225));
#90 = CARTESIAN_POINT('',(-325.4923400878,16.666666666667,96.54418182373
    ));
#91 = CARTESIAN_POINT('',(-332.7924911901,16.666666666667,
    86.369699274239));
#92 = CARTESIAN_POINT('',(-337.5237897924,16.666666666667,
    73.984325981458));
#93 = CARTESIAN_POINT('',(-339.6193836839,16.666666666667,
    60.821195711437));
#94 = CARTESIAN_POINT('',(-339.0124206542,16.666666666667,
    48.313442230225));
#95 = CARTESIAN_POINT('',(-325.4923400878,33.254533085852,96.54418182373
    ));
#96 = CARTESIAN_POINT('',(-332.7924911901,33.254533085852,
    86.369699274239));
#97 = CARTESIAN_POINT('',(-337.5237897924,33.254533085852,
    73.984325981458));
#98 = CARTESIAN_POINT('',(-339.6193836839,33.254533085852,
    60.821195711437));
#99 = CARTESIAN_POINT('',(-339.0124206542,33.254533085852,
    48.313442230225));
#100 = CARTESIAN_POINT('',(-312.8665810548,49.921693797958,
    82.705501661333));
#101 = CARTESIAN_POINT('',(-317.3685520204,49.921693797958,
    75.083946683107));
#102 = CARTESIAN_POINT('',(-320.5903986817,49.921693797958,
    65.439696386022));
#103 = CARTESIAN_POINT('',(-321.6160379941,49.921693797958,
    54.805563488175));
#104 = CARTESIAN_POINT('',(-320.5198690602,49.921693797958,
    45.322724031943));
#105 = DEFINITIONAL_REPRESENTATION('',(#106),#113);
#106 = B_SPLINE_CURVE_WITH_KNOTS('',5,(#107,#108,#109,#110,#111,#112),
  .UNSPECIFIED.,.F.,.F.,(6,6),(0.,1.),.PIECEWISE_BEZIER_KNOTS.);
#107 = CARTESIAN_POINT('',(0.30139433195,0.557606818965));
#108 = CARTESIAN_POINT('',(0.298285295964,0.575290408363));
#109 = CARTESIAN_POINT('',(0.294384983198,0.592853816471));
#110 = CARTESIAN_POINT('',(0.289632782369,0.610231389243));
#111 = CARTESIAN_POINT('',(0.284040997952,0.627371954666));
#112 = CARTESIAN_POINT('',(0.277634062313,0.644225619198));
#113 = ( GEOMETRIC_REPRESENTATION_CONTEXT(2) 
PARAMETRIC_REPRESENTATION_CONTEXT() REPRESENTATION_CONTEXT('2D SPACE',''
  ) );
#114 = ORIENTED_EDGE('',*,*,#115,.T.);
#115 = EDGE_CURVE('',#24,#116,#118,.T.);
#116 = VERTEX_POINT('',#117);
#117 = CARTESIAN_POINT('',(-338.2224492096,11.873420919105,
    62.161634746808));
#118 = SURFACE_CURVE('',#119,(#127,#138),.PCURVE_S1.);
#119 = B_SPLINE_CURVE_WITH_KNOTS('',6,(#120,#121,#122,#123,#124,#125,
    #126),.UNSPECIFIED.,.F.,.F.,(7,7),(0.,1.),.PIECEWISE_BEZIER_KNOTS.);
#120 = CARTESIAN_POINT('',(-337.4641661943,13.866725507162,
    66.202360703895));
#121 = CARTESIAN_POINT('',(-337.6108031151,13.600281291942,
    65.502921206333));
#122 = CARTESIAN_POINT('',(-337.7495963493,13.3068312589,64.812127928852
    ));
#123 = CARTESIAN_POINT('',(-337.8803057449,12.986982024998,
    64.131264556267));
#124 = CARTESIAN_POINT('',(-338.0027441285,12.641328289682,
    63.461600148523));
#125 = CARTESIAN_POINT('',(-338.1168193468,12.269947250618,
    62.804523743179));
#126 = CARTESIAN_POINT('',(-338.2224492096,11.87342091905,
    62.161634746727));
#127 = PCURVE('',#36,#128);
#128 = DEFINITIONAL_REPRESENTATION('',(#129),#137);
#129 = B_SPLINE_CURVE_WITH_KNOTS('',6,(#130,#131,#132,#133,#134,#135,
    #136),.UNSPECIFIED.,.F.,.F.,(7,7),(0.,1.),.PIECEWISE_BEZIER_KNOTS.);
#130 = CARTESIAN_POINT('',(0.234967142119,0.806847599087));
#131 = CARTESIAN_POINT('',(0.194233503981,0.776252783825));
#132 = CARTESIAN_POINT('',(0.153784118743,0.746222533797));
#133 = CARTESIAN_POINT('',(0.113841962986,0.71662990759));
#134 = CARTESIAN_POINT('',(7.473770428267E-02,0.687326040396));
#135 = CARTESIAN_POINT('',(3.671609550113E-02,0.658264354828));
#136 = CARTESIAN_POINT('',(4.992881108556E-12,0.629275090137));
#137 = ( GEOMETRIC_REPRESENTATION_CONTEXT(2) 
PARAMETRIC_REPRESENTATION_CONTEXT() REPRESENTATION_CONTEXT('2D SPACE',''
  ) );
#138 = PCURVE('',#84,#139);
#139 = DEFINITIONAL_REPRESENTATION('',(#140),#147);
#140 = B_SPLINE_CURVE_WITH_KNOTS('',5,(#141,#142,#143,#144,#145,#146),
  .UNSPECIFIED.,.F.,.F.,(6,6),(0.,1.),.PIECEWISE_BEZIER_KNOTS.);
#141 = CARTESIAN_POINT('',(0.277634062313,0.644225619198));
#142 = CARTESIAN_POINT('',(0.271227265527,0.661078918472));
#143 = CARTESIAN_POINT('',(0.26400535285,0.677645329291));
#144 = CARTESIAN_POINT('',(0.255992755061,0.693874961354));
#145 = CARTESIAN_POINT('',(0.247226029772,0.709719202725));
#146 = CARTESIAN_POINT('',(0.237693080153,0.725117517705));
#147 = ( GEOMETRIC_REPRESENTATION_CONTEXT(2) 
PARAMETRIC_REPRESENTATION_CONTEXT() REPRESENTATION_CONTEXT('2D SPACE',''
  ) );
#148 = ORIENTED_EDGE('',*,*,#149,.F.);
#149 = EDGE_CURVE('',#150,#116,#152,.T.);
#150 = VERTEX_POINT('',#151);
#151 = CARTESIAN_POINT('',(-336.5999964997,-5.684341886081E-14,
    55.643347922125));
#152 = SURFACE_CURVE('',#153,(#160,#166),.PCURVE_S1.);
#153 = B_SPLINE_CURVE_WITH_KNOTS('',5,(#154,#155,#156,#157,#158,#159),
  .UNSPECIFIED.,.F.,.F.,(6,6),(0.,1.),.PIECEWISE_BEZIER_KNOTS.);
#154 = CARTESIAN_POINT('',(-336.5999964997,-5.684341886081E-14,
    55.643347922125));
#155 = CARTESIAN_POINT('',(-336.5999964997,2.640992040313,
    55.643347922125));
#156 = CARTESIAN_POINT('',(-336.5999964997,5.281984080626,
    55.643347922125));
#157 = CARTESIAN_POINT('',(-337.0719578758,7.910185784093,
    57.182117290672));
#158 = CARTESIAN_POINT('',(-337.672820584,10.151910258322,
    59.535889117964));
#159 = CARTESIAN_POINT('',(-338.2224492096,11.873420919161,
    62.16163474688));
#160 = PCURVE('',#36,#161);
#161 = DEFINITIONAL_REPRESENTATION('',(#162),#165);
#162 = B_SPLINE_CURVE_WITH_KNOTS('',1,(#163,#164),.UNSPECIFIED.,.F.,.F.,
  (2,2),(0.,1.),.PIECEWISE_BEZIER_KNOTS.);
#163 = CARTESIAN_POINT('',(0.,0.));
#164 = CARTESIAN_POINT('',(0.,0.629275090137));
#165 = ( GEOMETRIC_REPRESENTATION_CONTEXT(2) 
PARAMETRIC_REPRESENTATION_CONTEXT() REPRESENTATION_CONTEXT('2D SPACE',''
  ) );
#166 = PCURVE('',#167,#198);
#167 = B_SPLINE_SURFACE_WITH_KNOTS('',4,5,(
    (#168,#169,#170,#171,#172,#173)
    ,(#174,#175,#176,#177,#178,#179)
    ,(#180,#181,#182,#183,#184,#185)
    ,(#186,#187,#188,#189,#190,#191)
    ,(#192,#193,#194,#195,#196,#197
    )),.UNSPECIFIED.,.F.,.F.,.F.,(5,5),(6,6),(0.,1.),(0.,1.),
  .PIECEWISE_BEZIER_KNOTS.);
#168 = CARTESIAN_POINT('',(-341.4232441662,-5.684341886081E-14,
    54.859557023512));
#169 = CARTESIAN_POINT('',(-341.4232441662,4.19688,54.859557023512));
#170 = CARTESIAN_POINT('',(-341.4232441662,8.39376,54.859557023512));
#171 = CARTESIAN_POINT('',(-342.8647776965,12.539301613555,
    61.085037115342));
#172 = CARTESIAN_POINT('',(-343.3663553469,14.280652158266,
    65.179703085496));
#173 = CARTESIAN_POINT('',(-343.8679329973,15.052570645857,
    69.27436905565));
#174 = CARTESIAN_POINT('',(-340.2212148735,-5.684341886081E-14,
    55.057708633651));
#175 = CARTESIAN_POINT('',(-340.2212148735,4.19688,55.057708633651));
#176 = CARTESIAN_POINT('',(-340.2212148735,8.39376,55.057708633651));
#177 = CARTESIAN_POINT('',(-341.775237925,12.539302398581,
    61.270217837162));
#178 = CARTESIAN_POINT('',(-342.2725733819,14.280652332262,
    65.365403489219));
#179 = CARTESIAN_POINT('',(-342.7699086409,15.052570645857,
    69.460589165516));
#180 = CARTESIAN_POINT('',(-339.0166247469,-5.684341886081E-14,
    55.254419826063));
#181 = CARTESIAN_POINT('',(-339.0166247469,4.19688,55.254419826063));
#182 = CARTESIAN_POINT('',(-339.0166247469,8.39376,55.254419826063));
#183 = CARTESIAN_POINT('',(-340.6835647044,12.53930437091,61.4542209788)
  );
#184 = CARTESIAN_POINT('',(-341.1766260069,14.280652769416,
    65.549924329271));
#185 = CARTESIAN_POINT('',(-341.6696869125,15.052570645857,
    69.645627727947));
#186 = CARTESIAN_POINT('',(-337.8095324134,-5.684341886081E-14,
    55.449647341853));
#187 = CARTESIAN_POINT('',(-337.8095324134,4.19688,55.449647341853));
#188 = CARTESIAN_POINT('',(-337.8095324134,8.39376,55.449647341853));
#189 = CARTESIAN_POINT('',(-339.589807974,12.539307380749,
    61.637013024915));
#190 = CARTESIAN_POINT('',(-340.0785628032,14.280653436528,
    65.733231930868));
#191 = CARTESIAN_POINT('',(-340.5673170363,15.052570645857,
    69.829450908551));
#192 = CARTESIAN_POINT('',(-336.5999964997,-5.684341886081E-14,
    55.643347922125));
#193 = CARTESIAN_POINT('',(-336.5999964997,4.19688,55.643347922125));
#194 = CARTESIAN_POINT('',(-336.5999964997,8.39376,55.643347922125));
#195 = CARTESIAN_POINT('',(-338.4940177052,12.539311288706,
    61.818560476293));
#196 = CARTESIAN_POINT('',(-338.9784333681,14.280654302703,
    65.915292627281));
#197 = CARTESIAN_POINT('',(-339.4628482364,15.052570645857,
    70.012024872936));
#198 = DEFINITIONAL_REPRESENTATION('',(#199),#202);
#199 = B_SPLINE_CURVE_WITH_KNOTS('',1,(#200,#201),.UNSPECIFIED.,.F.,.F.,
  (2,2),(0.,1.),.PIECEWISE_BEZIER_KNOTS.);
#200 = CARTESIAN_POINT('',(1.,0.));
#201 = CARTESIAN_POINT('',(1.,0.629275090142));
#202 = ( GEOMETRIC_REPRESENTATION_CONTEXT(2) 
PARAMETRIC_REPRESENTATION_CONTEXT() REPRESENTATION_CONTEXT('2D SPACE',''
  ) );
#203 = ORIENTED_EDGE('',*,*,#204,.T.);
#204 = EDGE_CURVE('',#150,#205,#207,.T.);
#205 = VERTEX_POINT('',#206);
#206 = CARTESIAN_POINT('',(-330.1844353687,-5.684341886081E-14,
    53.865447347452));
#207 = SURFACE_CURVE('',#208,(#215),.PCURVE_S1.);
#208 = B_SPLINE_CURVE_WITH_KNOTS('',5,(#209,#210,#211,#212,#213,#214),
  .UNSPECIFIED.,.F.,.F.,(6,6),(0.,1.),.PIECEWISE_BEZIER_KNOTS.);
#209 = CARTESIAN_POINT('',(-336.5999964997,-5.684341886081E-14,
    55.643347922125));
#210 = CARTESIAN_POINT('',(-335.2440413214,-5.684341886081E-14,
    55.860496749127));
#211 = CARTESIAN_POINT('',(-333.8414930382,-5.684341886081E-14,
    55.786701514277));
#212 = CARTESIAN_POINT('',(-332.475678963,-5.684341886081E-14,
    55.408202801608));
#213 = CARTESIAN_POINT('',(-331.2352066454,-5.684341886081E-14,
    54.749555815265));
#214 = CARTESIAN_POINT('',(-330.1844353687,-5.684341886081E-14,
    53.865447347452));
#215 = PCURVE('',#36,#216);
#216 = DEFINITIONAL_REPRESENTATION('',(#217),#220);
#217 = B_SPLINE_CURVE_WITH_KNOTS('',1,(#218,#219),.UNSPECIFIED.,.F.,.F.,
  (2,2),(0.,1.),.PIECEWISE_BEZIER_KNOTS.);
#218 = CARTESIAN_POINT('',(0.,0.));
#219 = CARTESIAN_POINT('',(1.,0.));
#220 = ( GEOMETRIC_REPRESENTATION_CONTEXT(2) 
PARAMETRIC_REPRESENTATION_CONTEXT() REPRESENTATION_CONTEXT('2D SPACE',''
  ) );
#221 = ORIENTED_EDGE('',*,*,#222,.T.);
#222 = EDGE_CURVE('',#205,#223,#225,.T.);
#223 = VERTEX_POINT('',#224);
#224 = CARTESIAN_POINT('',(-333.247813917,15.052570645857,
    71.020310452955));
#225 = SURFACE_CURVE('',#226,(#233,#239),.PCURVE_S1.);
#226 = B_SPLINE_CURVE_WITH_KNOTS('',5,(#227,#228,#229,#230,#231,#232),
  .UNSPECIFIED.,.F.,.F.,(6,6),(0.,1.),.PIECEWISE_BEZIER_KNOTS.);
#227 = CARTESIAN_POINT('',(-330.1844353687,-5.684341886081E-14,
    53.865447347452));
#228 = CARTESIAN_POINT('',(-330.1844353687,4.19688,53.865447347452));
#229 = CARTESIAN_POINT('',(-330.1844353687,8.39376,53.865447347452));
#230 = CARTESIAN_POINT('',(-332.3284076246,12.539342283515,
    62.821150382038));
#231 = CARTESIAN_POINT('',(-332.7881117139,14.280661172532,
    66.920730310097));
#232 = CARTESIAN_POINT('',(-333.247813917,15.052570645857,
    71.020310452956));
#233 = PCURVE('',#36,#234);
#234 = DEFINITIONAL_REPRESENTATION('',(#235),#238);
#235 = B_SPLINE_CURVE_WITH_KNOTS('',1,(#236,#237),.UNSPECIFIED.,.F.,.F.,
  (2,2),(0.,1.),.PIECEWISE_BEZIER_KNOTS.);
#236 = CARTESIAN_POINT('',(1.,0.));
#237 = CARTESIAN_POINT('',(1.,1.));
#238 = ( GEOMETRIC_REPRESENTATION_CONTEXT(2) 
PARAMETRIC_REPRESENTATION_CONTEXT() REPRESENTATION_CONTEXT('2D SPACE',''
  ) );
#239 = PCURVE('',#240,#283);
#240 = B_SPLINE_SURFACE_WITH_KNOTS('',6,5,(
    (#241,#242,#243,#244,#245,#246)
    ,(#247,#248,#249,#250,#251,#252)
    ,(#253,#254,#255,#256,#257,#258)
    ,(#259,#260,#261,#262,#263,#264)
    ,(#265,#266,#267,#268,#269,#270)
    ,(#271,#272,#273,#274,#275,#276)
    ,(#277,#278,#279,#280,#281,#282
    )),.UNSPECIFIED.,.F.,.F.,.F.,(7,7),(6,6),(0.,1.),(0.,1.),
  .PIECEWISE_BEZIER_KNOTS.);
#241 = CARTESIAN_POINT('',(-330.1844353687,-5.684341886081E-14,
    53.865447347452));
#242 = CARTESIAN_POINT('',(-330.1844353687,4.19688,53.865447347452));
#243 = CARTESIAN_POINT('',(-330.1844353687,8.39376,53.865447347452));
#244 = CARTESIAN_POINT('',(-332.3284076246,12.539342283529,
    62.821150382084));
#245 = CARTESIAN_POINT('',(-332.7881117139,14.280661172536,
    66.92073031012));
#246 = CARTESIAN_POINT('',(-333.247813917,15.052570645857,
    71.020310452956));
#247 = CARTESIAN_POINT('',(-327.4167535996,-5.684341886081E-14,
    51.536747522422));
#248 = CARTESIAN_POINT('',(-327.4167535996,4.19688,51.536747522422));
#249 = CARTESIAN_POINT('',(-327.4167535996,8.39376,51.536747522422));
#250 = CARTESIAN_POINT('',(-329.068380738,12.539362635526,
    63.341192015361));
#251 = CARTESIAN_POINT('',(-329.5148596527,14.280665683455,
    67.442255788709));
#252 = CARTESIAN_POINT('',(-329.961336122,15.052570645857,
    71.543319834956));
#253 = CARTESIAN_POINT('',(-323.9271081633,-5.684341886081E-14,
    50.066117330405));
#254 = CARTESIAN_POINT('',(-323.9271081633,4.19688,50.066117330405));
#255 = CARTESIAN_POINT('',(-323.9271081633,8.39376,50.066117330405));
#256 = CARTESIAN_POINT('',(-325.793495883,12.539387137433,
    63.850730669976));
#257 = CARTESIAN_POINT('',(-326.2264846027,14.280671114199,
    67.953256338114));
#258 = CARTESIAN_POINT('',(-326.6594703449,15.052570645857,
    72.055782329826));
#259 = CARTESIAN_POINT('',(-320.0465876529,-5.684341886081E-14,
    49.733324531687));
#260 = CARTESIAN_POINT('',(-320.0465876529,4.19688,49.733324531687));
#261 = CARTESIAN_POINT('',(-320.0465876529,8.39376,49.733324531687));
#262 = CARTESIAN_POINT('',(-322.5046222629,12.53941363362,
    64.349184620996));
#263 = CARTESIAN_POINT('',(-322.9238488741,14.280676986999,
    68.453147104674));
#264 = CARTESIAN_POINT('',(-323.3430720184,15.052570645857,
    72.557109953263));
#265 = CARTESIAN_POINT('',(-316.2604708631,-5.684341886081E-14,
    50.646853665809));
#266 = CARTESIAN_POINT('',(-316.2604708631,4.19688,50.646853665809));
#267 = CARTESIAN_POINT('',(-316.2604708631,8.39376,50.646853665809));
#268 = CARTESIAN_POINT('',(-319.202629917,12.539440255318,
    64.835972617324));
#269 = CARTESIAN_POINT('',(-319.6078151959,14.28068288765,68.94134347127
    ));
#270 = CARTESIAN_POINT('',(-320.0129965752,15.052570645857,
    73.046714720964));
#271 = CARTESIAN_POINT('',(-313.0321634721,-5.684341886081E-14,
    52.626358778352));
#272 = CARTESIAN_POINT('',(-313.0321634721,4.19688,52.626358778352));
#273 = CARTESIAN_POINT('',(-313.0321634721,8.39376,52.626358778352));
#274 = CARTESIAN_POINT('',(-315.8883897534,12.539465447325,
    65.310513971115));
#275 = CARTESIAN_POINT('',(-316.2792467323,14.280688471443,
    69.417261102027));
#276 = CARTESIAN_POINT('',(-316.6700994482,15.052570645857,
    73.524008648629));
#277 = CARTESIAN_POINT('',(-310.6468364535,-5.684341886081E-14,
    55.34539135476));
#278 = CARTESIAN_POINT('',(-310.6468364535,4.19688,55.34539135476));
#279 = CARTESIAN_POINT('',(-310.6468364535,8.39376,55.34539135476));
#280 = CARTESIAN_POINT('',(-312.5627735828,12.539487994717,
    65.772228647198));
#281 = CARTESIAN_POINT('',(-312.9390071005,14.280693469077,
    69.880315987016));
#282 = CARTESIAN_POINT('',(-313.3152360701,15.052570645857,
    73.988403751954));
#283 = DEFINITIONAL_REPRESENTATION('',(#284),#287);
#284 = B_SPLINE_CURVE_WITH_KNOTS('',1,(#285,#286),.UNSPECIFIED.,.F.,.F.,
  (2,2),(0.,1.),.PIECEWISE_BEZIER_KNOTS.);
#285 = CARTESIAN_POINT('',(0.,0.));
#286 = CARTESIAN_POINT('',(0.,1.));
#287 = ( GEOMETRIC_REPRESENTATION_CONTEXT(2) 
PARAMETRIC_REPRESENTATION_CONTEXT() REPRESENTATION_CONTEXT('2D SPACE',''
  ) );
#288 = ORIENTED_EDGE('',*,*,#289,.T.);
#289 = EDGE_CURVE('',#223,#22,#290,.T.);
#290 = SURFACE_CURVE('',#291,(#298,#304),.PCURVE_S1.);
#291 = B_SPLINE_CURVE_WITH_KNOTS('',5,(#292,#293,#294,#295,#296,#297),
  .UNSPECIFIED.,.F.,.F.,(6,6),(0.,1.),.PIECEWISE_BEZIER_KNOTS.);
#292 = CARTESIAN_POINT('',(-333.247813917,15.052570645857,
    71.020310452952));
#293 = CARTESIAN_POINT('',(-333.8938818611,15.052570645857,
    70.91749533682));
#294 = CARTESIAN_POINT('',(-334.5393303563,15.052570645857,
    70.814255651918));
#295 = CARTESIAN_POINT('',(-335.1841518811,15.052570645857,
    70.71059656829));
#296 = CARTESIAN_POINT('',(-335.8283389137,15.052570645857,
    70.606523255984));
#297 = CARTESIAN_POINT('',(-336.4718839325,15.052570645857,
    70.502040885047));
#298 = PCURVE('',#36,#299);
#299 = DEFINITIONAL_REPRESENTATION('',(#300),#303);
#300 = B_SPLINE_CURVE_WITH_KNOTS('',1,(#301,#302),.UNSPECIFIED.,.F.,.F.,
  (2,2),(0.,1.),.PIECEWISE_BEZIER_KNOTS.);
#301 = CARTESIAN_POINT('',(1.,1.));
#302 = CARTESIAN_POINT('',(0.482207862834,1.));
#303 = ( GEOMETRIC_REPRESENTATION_CONTEXT(2) 
PARAMETRIC_REPRESENTATION_CONTEXT() REPRESENTATION_CONTEXT('2D SPACE',''
  ) );
#304 = PCURVE('',#305,#342);
#305 = B_SPLINE_SURFACE_WITH_KNOTS('',5,5,(
    (#306,#307,#308,#309,#310,#311)
    ,(#312,#313,#314,#315,#316,#317)
    ,(#318,#319,#320,#321,#322,#323)
    ,(#324,#325,#326,#327,#328,#329)
    ,(#330,#331,#332,#333,#334,#335)
    ,(#336,#337,#338,#339,#340,#341
    )),.UNSPECIFIED.,.F.,.F.,.F.,(6,6),(6,6),(0.,1.),(0.,1.),
  .PIECEWISE_BEZIER_KNOTS.);
#306 = CARTESIAN_POINT('',(-345.6936950683,-6.661338147751E-15,
    84.179111752171));
#307 = CARTESIAN_POINT('',(-325.5890646999,-6.661338147751E-15,
    87.575699146426));
#308 = CARTESIAN_POINT('',(-304.7772443022,-6.661338147751E-15,
    90.610542056259));
#309 = CARTESIAN_POINT('',(-283.476316054,-6.661338147751E-15,
    93.122724486338));
#310 = CARTESIAN_POINT('',(-261.9043621343,-6.661338147751E-15,
    94.951330441332));
#311 = CARTESIAN_POINT('',(-240.2794647216,-6.661338147751E-15,
    95.935443925912));
#312 = CARTESIAN_POINT('',(-345.6936950683,6.021028258343,
    84.179111752171));
#313 = CARTESIAN_POINT('',(-325.5890646999,6.021028258343,
    87.575699146426));
#314 = CARTESIAN_POINT('',(-304.7772443022,6.021028258343,
    90.610542056259));
#315 = CARTESIAN_POINT('',(-283.476316054,6.021028258343,93.122724486338
    ));
#316 = CARTESIAN_POINT('',(-261.9043621343,6.021028258343,
    94.951330441332));
#317 = CARTESIAN_POINT('',(-240.2794647216,6.021028258343,
    95.935443925912));
#318 = CARTESIAN_POINT('',(-345.6936950683,12.042056516685,
    84.179111752171));
#319 = CARTESIAN_POINT('',(-325.5890646999,12.042056516685,
    87.575699146426));
#320 = CARTESIAN_POINT('',(-304.7772443022,12.042056516685,
    90.610542056259));
#321 = CARTESIAN_POINT('',(-283.476316054,12.042056516685,
    93.122724486338));
#322 = CARTESIAN_POINT('',(-261.9043621343,12.042056516685,
    94.951330441332));
#323 = CARTESIAN_POINT('',(-240.2794647216,12.042056516685,
    95.935443925912));
#324 = CARTESIAN_POINT('',(-345.2372545506,15.353622058774,
    80.45292607804));
#325 = CARTESIAN_POINT('',(-325.201995628,15.353622058774,
    83.841015790897));
#326 = CARTESIAN_POINT('',(-304.4684207623,15.353622058774,
    86.867503150054));
#327 = CARTESIAN_POINT('',(-283.256696375,15.353622058774,
    89.372793686599));
#328 = CARTESIAN_POINT('',(-261.7869888876,15.353622058774,
    91.197292931619));
#329 = CARTESIAN_POINT('',(-240.2794647216,15.353622058774,
    92.181406416198));
#330 = CARTESIAN_POINT('',(-344.5525937739,16.106250591067,
    74.863647566845));
#331 = CARTESIAN_POINT('',(-324.6213920203,16.106250591067,
    78.238990757602));
#332 = CARTESIAN_POINT('',(-304.0051854526,16.106250591067,
    81.252944790747));
#333 = CARTESIAN_POINT('',(-282.9272668564,16.106250591067,
    83.747897486992));
#334 = CARTESIAN_POINT('',(-261.6109290176,16.106250591067,
    85.566236667048));
#335 = CARTESIAN_POINT('',(-240.2794647216,16.106250591067,
    86.550350151628));
#336 = CARTESIAN_POINT('',(-343.8679329973,15.052570645857,
    69.27436905565));
#337 = CARTESIAN_POINT('',(-324.0407884126,15.052570645857,
    72.636965724307));
#338 = CARTESIAN_POINT('',(-303.5419501428,15.052570645857,
    75.63838643144));
#339 = CARTESIAN_POINT('',(-282.5978373379,15.052570645857,
    78.123001287384));
#340 = CARTESIAN_POINT('',(-261.4348691476,15.052570645857,
    79.935180402478));
#341 = CARTESIAN_POINT('',(-240.2794647216,15.052570645857,
    80.919293887057));
#342 = DEFINITIONAL_REPRESENTATION('',(#343),#346);
#343 = B_SPLINE_CURVE_WITH_KNOTS('',1,(#344,#345),.UNSPECIFIED.,.F.,.F.,
  (2,2),(0.,1.),.PIECEWISE_BEZIER_KNOTS.);
#344 = CARTESIAN_POINT('',(1.,0.106387693271));
#345 = CARTESIAN_POINT('',(1.,7.424118423816E-02));
#346 = ( GEOMETRIC_REPRESENTATION_CONTEXT(2) 
PARAMETRIC_REPRESENTATION_CONTEXT() REPRESENTATION_CONTEXT('2D SPACE',''
  ) );
#347 = ADVANCED_FACE('',(#348),#84,.F.);
#348 = FACE_BOUND('',#349,.T.);
#349 = EDGE_LOOP('',(#350,#369,#415,#459,#460,#461,#500));
#350 = ORIENTED_EDGE('',*,*,#351,.F.);
#351 = EDGE_CURVE('',#352,#354,#356,.T.);
#352 = VERTEX_POINT('',#353);
#353 = CARTESIAN_POINT('',(-339.0404755011,3.066116182975E-11,
    55.249598037876));
#354 = VERTEX_POINT('',#355);
#355 = CARTESIAN_POINT('',(-331.418454749,6.934363737697E-11,
    86.492161007493));
#356 = SURFACE_CURVE('',#357,(#363),.PCURVE_S1.);
#357 = B_SPLINE_CURVE_WITH_KNOTS('',4,(#358,#359,#360,#361,#362),
  .UNSPECIFIED.,.F.,.F.,(5,5),(0.,1.),.PIECEWISE_BEZIER_KNOTS.);
#358 = CARTESIAN_POINT('',(-339.0404754055,0.,55.249597706589));
#359 = CARTESIAN_POINT('',(-338.7225472756,0.,63.264483251777));
#360 = CARTESIAN_POINT('',(-337.3350236546,0.,71.383535405753));
#361 = CARTESIAN_POINT('',(-334.8947207414,0.,79.24625954275));
#362 = CARTESIAN_POINT('',(-331.4184547351,0.,86.492161036999));
#363 = PCURVE('',#84,#364);
#364 = DEFINITIONAL_REPRESENTATION('',(#365),#368);
#365 = B_SPLINE_CURVE_WITH_KNOTS('',1,(#366,#367),.UNSPECIFIED.,.F.,.F.,
  (2,2),(0.,1.),.PIECEWISE_BEZIER_KNOTS.);
#366 = CARTESIAN_POINT('',(0.,0.862550227078));
#367 = CARTESIAN_POINT('',(0.,0.231296403008));
#368 = ( GEOMETRIC_REPRESENTATION_CONTEXT(2) 
PARAMETRIC_REPRESENTATION_CONTEXT() REPRESENTATION_CONTEXT('2D SPACE',''
  ) );
#369 = ORIENTED_EDGE('',*,*,#370,.F.);
#370 = EDGE_CURVE('',#371,#352,#373,.T.);
#371 = VERTEX_POINT('',#372);
#372 = CARTESIAN_POINT('',(-338.9079979129,6.970180529442,
    56.904745767683));
#373 = SURFACE_CURVE('',#374,(#387,#401),.PCURVE_S1.);
#374 = B_SPLINE_CURVE_WITH_KNOTS('',11,(#375,#376,#377,#378,#379,#380,
    #381,#382,#383,#384,#385,#386),.UNSPECIFIED.,.F.,.F.,(12,12),(0.,1.)
  ,.PIECEWISE_BEZIER_KNOTS.);
#375 = CARTESIAN_POINT('',(-338.9079810127,6.970175885319,56.90479394561
    ));
#376 = CARTESIAN_POINT('',(-338.9413543831,6.412487200256,
    56.549433092151));
#377 = CARTESIAN_POINT('',(-338.9692224604,5.831526300657,56.23006388157
    ));
#378 = CARTESIAN_POINT('',(-338.9917878204,5.228095832472,
    55.951290383889));
#379 = CARTESIAN_POINT('',(-339.0093380282,4.60404824158,55.717643641734
    ));
#380 = CARTESIAN_POINT('',(-339.0222735255,3.962663634685,
    55.532835910378));
#381 = CARTESIAN_POINT('',(-339.03113367,3.308805263268,55.398473886021)
  );
#382 = CARTESIAN_POINT('',(-339.0366019484,2.648341571335,
    55.312275642988));
#383 = CARTESIAN_POINT('',(-339.0394608702,1.986281629627,
    55.266584676192));
#384 = CARTESIAN_POINT('',(-339.0404937262,1.324340607794,
    55.249391586724));
#385 = CARTESIAN_POINT('',(-339.0404677194,0.662123398299,55.24959957659
    ));
#386 = CARTESIAN_POINT('',(-339.0404755967,-5.924416512926E-11,
    55.249598369163));
#387 = PCURVE('',#84,#388);
#388 = DEFINITIONAL_REPRESENTATION('',(#389),#400);
#389 = B_SPLINE_CURVE_WITH_KNOTS('',9,(#390,#391,#392,#393,#394,#395,
    #396,#397,#398,#399),.UNSPECIFIED.,.F.,.F.,(10,10),(0.,1.),
  .PIECEWISE_BEZIER_KNOTS.);
#390 = CARTESIAN_POINT('',(0.139487531905,0.8297243817));
#391 = CARTESIAN_POINT('',(0.125839222005,0.83834579939));
#392 = CARTESIAN_POINT('',(0.111479648774,0.845870138598));
#393 = CARTESIAN_POINT('',(9.644159548712E-02,0.852118350158));
#394 = CARTESIAN_POINT('',(8.081458547615E-02,0.856919789697));
#395 = CARTESIAN_POINT('',(6.47694654282E-02,0.860169932769));
#396 = CARTESIAN_POINT('',(4.85521233705E-02,0.861928977364));
#397 = CARTESIAN_POINT('',(3.237560028367E-02,0.862527898848));
#398 = CARTESIAN_POINT('',(1.61852386253E-02,0.862549623901));
#399 = CARTESIAN_POINT('',(-1.185017362015E-12,0.862550227078));
#400 = ( GEOMETRIC_REPRESENTATION_CONTEXT(2) 
PARAMETRIC_REPRESENTATION_CONTEXT() REPRESENTATION_CONTEXT('2D SPACE',''
  ) );
#401 = PCURVE('',#167,#402);
#402 = DEFINITIONAL_REPRESENTATION('',(#403),#414);
#403 = B_SPLINE_CURVE_WITH_KNOTS('',9,(#404,#405,#406,#407,#408,#409,
    #410,#411,#412,#413),.UNSPECIFIED.,.F.,.F.,(10,10),(0.,1.),
  .PIECEWISE_BEZIER_KNOTS.);
#404 = CARTESIAN_POINT('',(0.605243682546,0.33905974527));
#405 = CARTESIAN_POINT('',(0.575313977813,0.303952087964));
#406 = CARTESIAN_POINT('',(0.549749268411,0.267881091197));
#407 = CARTESIAN_POINT('',(0.528936577365,0.230834974723));
#408 = CARTESIAN_POINT('',(0.513194631305,0.192917199842));
#409 = CARTESIAN_POINT('',(0.502626468503,0.154394363156));
#410 = CARTESIAN_POINT('',(0.49687182063,0.115683067089));
#411 = CARTESIAN_POINT('',(0.494848382767,7.713365677033E-02));
#412 = CARTESIAN_POINT('',(0.494797602172,3.856466136582E-02));
#413 = CARTESIAN_POINT('',(0.494795611474,8.673547990945E-12));
#414 = ( GEOMETRIC_REPRESENTATION_CONTEXT(2) 
PARAMETRIC_REPRESENTATION_CONTEXT() REPRESENTATION_CONTEXT('2D SPACE',''
  ) );
#415 = ORIENTED_EDGE('',*,*,#416,.F.);
#416 = EDGE_CURVE('',#116,#371,#417,.T.);
#417 = SURFACE_CURVE('',#418,(#431,#445),.PCURVE_S1.);
#418 = B_SPLINE_CURVE_WITH_KNOTS('',11,(#419,#420,#421,#422,#423,#424,
    #425,#426,#427,#428,#429,#430),.UNSPECIFIED.,.F.,.F.,(12,12),(0.,1.)
  ,.PIECEWISE_BEZIER_KNOTS.);
#419 = CARTESIAN_POINT('',(-338.2224492096,11.873420919064,
    62.161634746733));
#420 = CARTESIAN_POINT('',(-338.3141496076,11.529184716461,
    61.603523874081));
#421 = CARTESIAN_POINT('',(-338.400014738,11.166795762057,
    61.055710299637));
#422 = CARTESIAN_POINT('',(-338.4799869811,10.785215934992,
    60.519453468315));
#423 = CARTESIAN_POINT('',(-338.5540678091,10.384908694255,
    59.996225314052));
#424 = CARTESIAN_POINT('',(-338.6222207659,9.964392212535,59.48754913925
    ));
#425 = CARTESIAN_POINT('',(-338.6844364698,9.522709391347,
    58.995821512696));
#426 = CARTESIAN_POINT('',(-338.7407332811,9.059109309048,
    58.523672739429));
#427 = CARTESIAN_POINT('',(-338.7911443188,8.572601216094,
    58.074229609118));
#428 = CARTESIAN_POINT('',(-338.8357300673,8.062266076898,
    57.651496337288));
#429 = CARTESIAN_POINT('',(-338.8746081095,7.52785676256,57.260149823901
    ));
#430 = CARTESIAN_POINT('',(-338.9079810127,6.970175885319,56.90479394561
    ));
#431 = PCURVE('',#84,#432);
#432 = DEFINITIONAL_REPRESENTATION('',(#433),#444);
#433 = B_SPLINE_CURVE_WITH_KNOTS('',9,(#434,#435,#436,#437,#438,#439,
    #440,#441,#442,#443),.UNSPECIFIED.,.F.,.F.,(10,10),(0.,1.),
  .PIECEWISE_BEZIER_KNOTS.);
#434 = CARTESIAN_POINT('',(0.237693080153,0.725117517705));
#435 = CARTESIAN_POINT('',(0.229263989272,0.738732799045));
#436 = CARTESIAN_POINT('',(0.22026515802,0.752005595226));
#437 = CARTESIAN_POINT('',(0.210724656572,0.764942398552));
#438 = CARTESIAN_POINT('',(0.20054697567,0.777422146135));
#439 = CARTESIAN_POINT('',(0.189738155974,0.789381478084));
#440 = CARTESIAN_POINT('',(0.178265376219,0.800748389095));
#441 = CARTESIAN_POINT('',(0.166072526129,0.811384739962));
#442 = CARTESIAN_POINT('',(0.153135650725,0.821103084713));
#443 = CARTESIAN_POINT('',(0.139487531905,0.8297243817));
#444 = ( GEOMETRIC_REPRESENTATION_CONTEXT(2) 
PARAMETRIC_REPRESENTATION_CONTEXT() REPRESENTATION_CONTEXT('2D SPACE',''
  ) );
#445 = PCURVE('',#167,#446);
#446 = DEFINITIONAL_REPRESENTATION('',(#447),#458);
#447 = B_SPLINE_CURVE_WITH_KNOTS('',9,(#448,#449,#450,#451,#452,#453,
    #454,#455,#456,#457),.UNSPECIFIED.,.F.,.F.,(10,10),(0.,1.),
  .PIECEWISE_BEZIER_KNOTS.);
#448 = CARTESIAN_POINT('',(1.000000000013,0.629275090142));
#449 = CARTESIAN_POINT('',(0.945408367217,0.598516231929));
#450 = CARTESIAN_POINT('',(0.892784871001,0.567738159337));
#451 = CARTESIAN_POINT('',(0.842316060121,0.536871439502));
#452 = CARTESIAN_POINT('',(0.794477839313,0.505610753611));
#453 = CARTESIAN_POINT('',(0.74953608499,0.473872700257));
#454 = CARTESIAN_POINT('',(0.707740759722,0.441504479054));
#455 = CARTESIAN_POINT('',(0.669468087347,0.408311720425));
#456 = CARTESIAN_POINT('',(0.63517338728,0.374167402578));
#457 = CARTESIAN_POINT('',(0.605243682546,0.33905974527));
#458 = ( GEOMETRIC_REPRESENTATION_CONTEXT(2) 
PARAMETRIC_REPRESENTATION_CONTEXT() REPRESENTATION_CONTEXT('2D SPACE',''
  ) );
#459 = ORIENTED_EDGE('',*,*,#115,.F.);
#460 = ORIENTED_EDGE('',*,*,#21,.F.);
#461 = ORIENTED_EDGE('',*,*,#462,.T.);
#462 = EDGE_CURVE('',#22,#463,#465,.T.);
#463 = VERTEX_POINT('',#464);
#464 = CARTESIAN_POINT('',(-332.6695929469,12.666954837077,
    82.973002912426));
#465 = SURFACE_CURVE('',#466,(#476,#488),.PCURVE_S1.);
#466 = B_SPLINE_CURVE_WITH_KNOTS('',8,(#467,#468,#469,#470,#471,#472,
    #473,#474,#475),.UNSPECIFIED.,.F.,.F.,(9,9),(0.,1.),
  .PIECEWISE_BEZIER_KNOTS.);
#467 = CARTESIAN_POINT('',(-336.4718839325,15.052570645869,
    70.502040885115));
#468 = CARTESIAN_POINT('',(-336.0612346686,15.342263616201,
    72.13549663504));
#469 = CARTESIAN_POINT('',(-335.6175407885,15.50850935227,
    73.782891868576));
#470 = CARTESIAN_POINT('',(-335.144851055,15.542738327312,
    75.432255495052));
#471 = CARTESIAN_POINT('',(-334.6432868908,15.422185819994,
    77.083663069681));
#472 = CARTESIAN_POINT('',(-334.1293969291,15.12626312153,
    78.697733772013));
#473 = CARTESIAN_POINT('',(-333.5976695139,14.607550397966,
    80.291275277928));
#474 = CARTESIAN_POINT('',(-333.0985159569,13.775122449397,
    81.744676298648));
#475 = CARTESIAN_POINT('',(-332.6695928888,12.666954732866,
    82.973003072655));
#476 = PCURVE('',#84,#477);
#477 = DEFINITIONAL_REPRESENTATION('',(#478),#487);
#478 = B_SPLINE_CURVE_WITH_KNOTS('',7,(#479,#480,#481,#482,#483,#484,
    #485,#486),.UNSPECIFIED.,.F.,.F.,(8,8),(0.,1.),
  .PIECEWISE_BEZIER_KNOTS.);
#479 = CARTESIAN_POINT('',(0.30139433195,0.557606818965));
#480 = CARTESIAN_POINT('',(0.308029077552,0.519869673121));
#481 = CARTESIAN_POINT('',(0.311361085853,0.48165069375));
#482 = CARTESIAN_POINT('',(0.311148209488,0.443024338235));
#483 = CARTESIAN_POINT('',(0.306425255846,0.405027612987));
#484 = CARTESIAN_POINT('',(0.296974748474,0.36691625786));
#485 = CARTESIAN_POINT('',(0.278966364169,0.331916358769));
#486 = CARTESIAN_POINT('',(0.25359158667,0.303153017727));
#487 = ( GEOMETRIC_REPRESENTATION_CONTEXT(2) 
PARAMETRIC_REPRESENTATION_CONTEXT() REPRESENTATION_CONTEXT('2D SPACE',''
  ) );
#488 = PCURVE('',#305,#489);
#489 = DEFINITIONAL_REPRESENTATION('',(#490),#499);
#490 = B_SPLINE_CURVE_WITH_KNOTS('',7,(#491,#492,#493,#494,#495,#496,
    #497,#498),.UNSPECIFIED.,.F.,.F.,(8,8),(0.,1.),
  .PIECEWISE_BEZIER_KNOTS.);
#491 = CARTESIAN_POINT('',(0.999999999998,7.424118423816E-02));
#492 = CARTESIAN_POINT('',(0.93715780659,8.095546238998E-02));
#493 = CARTESIAN_POINT('',(0.873927472577,8.808062267795E-02));
#494 = CARTESIAN_POINT('',(0.809051776664,9.560014922236E-02));
#495 = CARTESIAN_POINT('',(0.741649451651,0.103257678858));
#496 = CARTESIAN_POINT('',(0.670017651616,0.11121453476));
#497 = CARTESIAN_POINT('',(0.591618100857,0.118695755435));
#498 = CARTESIAN_POINT('',(0.511138507678,0.124920835665));
#499 = ( GEOMETRIC_REPRESENTATION_CONTEXT(2) 
PARAMETRIC_REPRESENTATION_CONTEXT() REPRESENTATION_CONTEXT('2D SPACE',''
  ) );
#500 = ORIENTED_EDGE('',*,*,#501,.T.);
#501 = EDGE_CURVE('',#463,#354,#502,.T.);
#502 = SURFACE_CURVE('',#503,(#514,#526),.PCURVE_S1.);
#503 = B_SPLINE_CURVE_WITH_KNOTS('',9,(#504,#505,#506,#507,#508,#509,
    #510,#511,#512,#513),.UNSPECIFIED.,.F.,.F.,(10,10),(0.,1.),
  .PIECEWISE_BEZIER_KNOTS.);
#504 = CARTESIAN_POINT('',(-332.6695930143,12.666954938999,
    82.973002757389));
#505 = CARTESIAN_POINT('',(-332.2883350338,11.681922380307,
    84.064833120905));
#506 = CARTESIAN_POINT('',(-331.9619052333,10.482371667469,
    84.981112734971));
#507 = CARTESIAN_POINT('',(-331.7125271426,9.085938097251,85.67223620002
    ));
#508 = CARTESIAN_POINT('',(-331.5696185947,7.574980264429,
    86.072654225372));
#509 = CARTESIAN_POINT('',(-331.4794751833,6.084114351963,
    86.324048277978));
#510 = CARTESIAN_POINT('',(-331.4350340783,4.554405319713,
    86.447257374945));
#511 = CARTESIAN_POINT('',(-331.4184663759,3.038822072538,
    86.492115922367));
#512 = CARTESIAN_POINT('',(-331.4184589419,1.519123689756,
    86.492160343777));
#513 = CARTESIAN_POINT('',(-331.4184547338,2.030418055909E-10,
    86.492160982505));
#514 = PCURVE('',#84,#515);
#515 = DEFINITIONAL_REPRESENTATION('',(#516),#525);
#516 = B_SPLINE_CURVE_WITH_KNOTS('',7,(#517,#518,#519,#520,#521,#522,
    #523,#524),.UNSPECIFIED.,.F.,.F.,(8,8),(0.,1.),
  .PIECEWISE_BEZIER_KNOTS.);
#517 = CARTESIAN_POINT('',(0.25359158667,0.303153017727));
#518 = CARTESIAN_POINT('',(0.228216809171,0.274389676686));
#519 = CARTESIAN_POINT('',(0.195531442886,0.251667635372));
#520 = CARTESIAN_POINT('',(0.155875786111,0.238806885101));
#521 = CARTESIAN_POINT('',(0.117394546523,0.233816417518));
#522 = CARTESIAN_POINT('',(7.811504328988E-02,0.231206557731));
#523 = CARTESIAN_POINT('',(3.906318059255E-02,0.231296638005));
#524 = CARTESIAN_POINT('',(4.061070923989E-12,0.231296403008));
#525 = ( GEOMETRIC_REPRESENTATION_CONTEXT(2) 
PARAMETRIC_REPRESENTATION_CONTEXT() REPRESENTATION_CONTEXT('2D SPACE',''
  ) );
#526 = PCURVE('',#305,#527);
#527 = DEFINITIONAL_REPRESENTATION('',(#528),#538);
#528 = B_SPLINE_CURVE_WITH_KNOTS('',8,(#529,#530,#531,#532,#533,#534,
    #535,#536,#537),.UNSPECIFIED.,.F.,.F.,(9,9),(0.,1.),
  .PIECEWISE_BEZIER_KNOTS.);
#529 = CARTESIAN_POINT('',(0.511138507678,0.124920835665));
#530 = CARTESIAN_POINT('',(0.440718863647,0.130367780867));
#531 = CARTESIAN_POINT('',(0.368745442698,0.13488299099));
#532 = CARTESIAN_POINT('',(0.297200414075,0.138023072408));
#533 = CARTESIAN_POINT('',(0.232977527657,0.139462343382));
#534 = CARTESIAN_POINT('',(0.17177513068,0.140402448163));
#535 = CARTESIAN_POINT('',(0.113538507521,0.140670517941));
#536 = CARTESIAN_POINT('',(5.676819332721E-02,0.140677612701));
#537 = CARTESIAN_POINT('',(2.469281723538E-12,0.140677617737));
#538 = ( GEOMETRIC_REPRESENTATION_CONTEXT(2) 
PARAMETRIC_REPRESENTATION_CONTEXT() REPRESENTATION_CONTEXT('2D SPACE',''
  ) );
#539 = ADVANCED_FACE('',(#540),#167,.T.);
#540 = FACE_BOUND('',#541,.T.);
#541 = EDGE_LOOP('',(#542,#543,#544,#559));
#542 = ORIENTED_EDGE('',*,*,#416,.T.);
#543 = ORIENTED_EDGE('',*,*,#370,.T.);
#544 = ORIENTED_EDGE('',*,*,#545,.T.);
#545 = EDGE_CURVE('',#352,#150,#546,.T.);
#546 = SURFACE_CURVE('',#547,(#553),.PCURVE_S1.);
#547 = B_SPLINE_CURVE_WITH_KNOTS('',4,(#548,#549,#550,#551,#552),
  .UNSPECIFIED.,.F.,.F.,(5,5),(0.,1.),.PIECEWISE_BEZIER_KNOTS.);
#548 = CARTESIAN_POINT('',(-339.0404755967,-5.684341886081E-14,
    55.249598369163));
#549 = CARTESIAN_POINT('',(-338.4313064595,-5.684341886081E-14,
    55.348609184453));
#550 = CARTESIAN_POINT('',(-337.8214985245,-5.684341886081E-14,
    55.447241433695));
#551 = CARTESIAN_POINT('',(-337.2110593514,-5.684341886081E-14,
    55.545489538911));
#552 = CARTESIAN_POINT('',(-336.5999964997,-5.684341886081E-14,
    55.643347922125));
#553 = PCURVE('',#167,#554);
#554 = DEFINITIONAL_REPRESENTATION('',(#555),#558);
#555 = B_SPLINE_CURVE_WITH_KNOTS('',1,(#556,#557),.UNSPECIFIED.,.F.,.F.,
  (2,2),(0.,1.),.PIECEWISE_BEZIER_KNOTS.);
#556 = CARTESIAN_POINT('',(0.494795611474,0.));
#557 = CARTESIAN_POINT('',(1.,0.));
#558 = ( GEOMETRIC_REPRESENTATION_CONTEXT(2) 
PARAMETRIC_REPRESENTATION_CONTEXT() REPRESENTATION_CONTEXT('2D SPACE',''
  ) );
#559 = ORIENTED_EDGE('',*,*,#149,.T.);
#560 = ADVANCED_FACE('',(#561),#240,.T.);
#561 = FACE_BOUND('',#562,.T.);
#562 = EDGE_LOOP('',(#563,#564,#583,#650));
#563 = ORIENTED_EDGE('',*,*,#222,.F.);
#564 = ORIENTED_EDGE('',*,*,#565,.T.);
#565 = EDGE_CURVE('',#205,#566,#568,.T.);
#566 = VERTEX_POINT('',#567);
#567 = CARTESIAN_POINT('',(-310.6468364535,-5.684341886081E-14,
    55.34539135476));
#568 = SURFACE_CURVE('',#569,(#577),.PCURVE_S1.);
#569 = B_SPLINE_CURVE_WITH_KNOTS('',6,(#570,#571,#572,#573,#574,#575,
    #576),.UNSPECIFIED.,.F.,.F.,(7,7),(0.,1.),.PIECEWISE_BEZIER_KNOTS.);
#570 = CARTESIAN_POINT('',(-330.1844353687,-5.684341886081E-14,
    53.865447347452));
#571 = CARTESIAN_POINT('',(-327.4167535996,-5.684341886081E-14,
    51.536747522422));
#572 = CARTESIAN_POINT('',(-323.9271081633,-5.684341886081E-14,
    50.066117330405));
#573 = CARTESIAN_POINT('',(-320.0465876529,-5.684341886081E-14,
    49.733324531687));
#574 = CARTESIAN_POINT('',(-316.2604708631,-5.684341886081E-14,
    50.646853665809));
#575 = CARTESIAN_POINT('',(-313.0321634721,-5.684341886081E-14,
    52.626358778352));
#576 = CARTESIAN_POINT('',(-310.6468364535,-5.684341886081E-14,
    55.34539135476));
#577 = PCURVE('',#240,#578);
#578 = DEFINITIONAL_REPRESENTATION('',(#579),#582);
#579 = B_SPLINE_CURVE_WITH_KNOTS('',1,(#580,#581),.UNSPECIFIED.,.F.,.F.,
  (2,2),(0.,1.),.PIECEWISE_BEZIER_KNOTS.);
#580 = CARTESIAN_POINT('',(0.,0.));
#581 = CARTESIAN_POINT('',(1.,0.));
#582 = ( GEOMETRIC_REPRESENTATION_CONTEXT(2) 
PARAMETRIC_REPRESENTATION_CONTEXT() REPRESENTATION_CONTEXT('2D SPACE',''
  ) );
#583 = ORIENTED_EDGE('',*,*,#584,.T.);
#584 = EDGE_CURVE('',#566,#585,#587,.T.);
#585 = VERTEX_POINT('',#586);
#586 = CARTESIAN_POINT('',(-313.3152360702,15.052570645857,
    73.988403751941));
#587 = SURFACE_CURVE('',#588,(#595,#601),.PCURVE_S1.);
#588 = B_SPLINE_CURVE_WITH_KNOTS('',5,(#589,#590,#591,#592,#593,#594),
  .UNSPECIFIED.,.F.,.F.,(6,6),(0.,1.),.PIECEWISE_BEZIER_KNOTS.);
#589 = CARTESIAN_POINT('',(-310.6468364535,-5.684341886081E-14,
    55.34539135476));
#590 = CARTESIAN_POINT('',(-310.6468364535,4.19688,55.34539135476));
#591 = CARTESIAN_POINT('',(-310.6468364535,8.39376,55.34539135476));
#592 = CARTESIAN_POINT('',(-312.5627735828,12.539487994717,
    65.772228647198));
#593 = CARTESIAN_POINT('',(-312.9390071005,14.280693469077,
    69.880315987016));
#594 = CARTESIAN_POINT('',(-313.3152360701,15.052570645857,
    73.988403751954));
#595 = PCURVE('',#240,#596);
#596 = DEFINITIONAL_REPRESENTATION('',(#597),#600);
#597 = B_SPLINE_CURVE_WITH_KNOTS('',1,(#598,#599),.UNSPECIFIED.,.F.,.F.,
  (2,2),(0.,1.),.PIECEWISE_BEZIER_KNOTS.);
#598 = CARTESIAN_POINT('',(1.,0.));
#599 = CARTESIAN_POINT('',(1.,1.));
#600 = ( GEOMETRIC_REPRESENTATION_CONTEXT(2) 
PARAMETRIC_REPRESENTATION_CONTEXT() REPRESENTATION_CONTEXT('2D SPACE',''
  ) );
#601 = PCURVE('',#602,#645);
#602 = B_SPLINE_SURFACE_WITH_KNOTS('',6,5,(
    (#603,#604,#605,#606,#607,#608)
    ,(#609,#610,#611,#612,#613,#614)
    ,(#615,#616,#617,#618,#619,#620)
    ,(#621,#622,#623,#624,#625,#626)
    ,(#627,#628,#629,#630,#631,#632)
    ,(#633,#634,#635,#636,#637,#638)
    ,(#639,#640,#641,#642,#643,#644
    )),.UNSPECIFIED.,.F.,.F.,.F.,(7,7),(6,6),(0.,1.),(0.,1.),
  .PIECEWISE_BEZIER_KNOTS.);
#603 = CARTESIAN_POINT('',(-310.6468364535,-5.684341886081E-14,
    55.34539135476));
#604 = CARTESIAN_POINT('',(-310.6468364535,4.19688,55.34539135476));
#605 = CARTESIAN_POINT('',(-310.6468364535,8.39376,55.34539135476));
#606 = CARTESIAN_POINT('',(-312.5627735829,12.539487994774,
    65.772228647402));
#607 = CARTESIAN_POINT('',(-312.9390071005,14.28069346909,
    69.880315987118));
#608 = CARTESIAN_POINT('',(-313.3152360701,15.052570645857,
    73.988403751954));
#609 = CARTESIAN_POINT('',(-309.6945059428,-5.684341886081E-14,
    56.430952228363));
#610 = CARTESIAN_POINT('',(-309.6945059428,4.19688,56.430952228363));
#611 = CARTESIAN_POINT('',(-309.6945059428,8.39376,56.430952228363));
#612 = CARTESIAN_POINT('',(-311.2350370831,12.539496996619,
    65.956566043927));
#613 = CARTESIAN_POINT('',(-311.6054322532,14.280695464351,
    70.065188455869));
#614 = CARTESIAN_POINT('',(-311.9758227614,15.052570645857,
    74.173811296695));
#615 = CARTESIAN_POINT('',(-308.4286474239,-5.684341886081E-14,
    57.241464235124));
#616 = CARTESIAN_POINT('',(-308.4286474239,4.19688,57.241464235124));
#617 = CARTESIAN_POINT('',(-308.4286474239,8.39376,57.241464235124));
#618 = CARTESIAN_POINT('',(-309.9054872847,12.539505577072,
    66.138858909879));
#619 = CARTESIAN_POINT('',(-310.2699970593,14.280697366214,
    70.248010644642));
#620 = CARTESIAN_POINT('',(-310.6345020709,15.052570645857,
    74.35716281038));
#621 = CARTESIAN_POINT('',(-306.9481878557,-5.684341886081E-14,
    57.663817456141));
#622 = CARTESIAN_POINT('',(-306.9481878557,4.19688,57.663817456141));
#623 = CARTESIAN_POINT('',(-306.9481878557,8.39376,57.663817456141));
#624 = CARTESIAN_POINT('',(-308.5741796679,12.539513658604,
    66.319070332009));
#625 = CARTESIAN_POINT('',(-308.932756478,14.280699157493,
    70.428745387609));
#626 = CARTESIAN_POINT('',(-309.2913284368,15.052570645857,
    74.538420874622));
#627 = CARTESIAN_POINT('',(-305.4089884053,-5.684341886081E-14,
    57.632071146379));
#628 = CARTESIAN_POINT('',(-305.4089884053,4.19688,57.632071146379));
#629 = CARTESIAN_POINT('',(-305.4089884053,8.39376,57.632071146379));
#630 = CARTESIAN_POINT('',(-307.2411697366,12.539521172652,
    66.497163414829));
#631 = CARTESIAN_POINT('',(-307.59376548,14.280700822992,70.607355527812
    ));
#632 = CARTESIAN_POINT('',(-307.9463562976,15.052570645857,
    74.717548071037));
#633 = CARTESIAN_POINT('',(-303.9785588779,-5.684341886081E-14,
    57.170336514519));
#634 = CARTESIAN_POINT('',(-303.9785588779,4.19688,57.170336514519));
#635 = CARTESIAN_POINT('',(-303.9785588779,8.39376,57.170336514519));
#636 = CARTESIAN_POINT('',(-305.9065130177,12.539528059618,
    66.673101280622));
#637 = CARTESIAN_POINT('',(-306.2530790479,14.280702349499,
    70.783803917169));
#638 = CARTESIAN_POINT('',(-306.5996400917,15.052570645857,
    74.89450698124));
#639 = CARTESIAN_POINT('',(-302.7813511055,-5.684341886081E-14,
    56.362828395955));
#640 = CARTESIAN_POINT('',(-302.7813511055,4.19688,56.362828395955));
#641 = CARTESIAN_POINT('',(-302.7813511055,8.39376,56.362828395955));
#642 = CARTESIAN_POINT('',(-304.5702650618,12.539534268869,
    66.84684706943));
#643 = CARTESIAN_POINT('',(-304.9107521758,14.280703725791,
    70.958053416469));
#644 = CARTESIAN_POINT('',(-305.2512342574,15.052570645857,
    75.069260186844));
#645 = DEFINITIONAL_REPRESENTATION('',(#646),#649);
#646 = B_SPLINE_CURVE_WITH_KNOTS('',1,(#647,#648),.UNSPECIFIED.,.F.,.F.,
  (2,2),(0.,1.),.PIECEWISE_BEZIER_KNOTS.);
#647 = CARTESIAN_POINT('',(0.,0.));
#648 = CARTESIAN_POINT('',(0.,1.));
#649 = ( GEOMETRIC_REPRESENTATION_CONTEXT(2) 
PARAMETRIC_REPRESENTATION_CONTEXT() REPRESENTATION_CONTEXT('2D SPACE',''
  ) );
#650 = ORIENTED_EDGE('',*,*,#651,.T.);
#651 = EDGE_CURVE('',#585,#223,#652,.T.);
#652 = SURFACE_CURVE('',#653,(#660,#666),.PCURVE_S1.);
#653 = B_SPLINE_CURVE_WITH_KNOTS('',5,(#654,#655,#656,#657,#658,#659),
  .UNSPECIFIED.,.F.,.F.,(6,6),(0.,1.),.PIECEWISE_BEZIER_KNOTS.);
#654 = CARTESIAN_POINT('',(-313.3152360704,15.052570645857,
    73.988403751916));
#655 = CARTESIAN_POINT('',(-317.3410721241,15.052570645857,
    73.431129627931));
#656 = CARTESIAN_POINT('',(-321.3489588011,15.052570645857,
    72.854507267439));
#657 = CARTESIAN_POINT('',(-325.3371852359,15.052570645857,
    72.259712639041));
#658 = CARTESIAN_POINT('',(-329.3040405631,15.052570645857,
    71.647921711344));
#659 = CARTESIAN_POINT('',(-333.247813917,15.052570645857,
    71.020310452952));
#660 = PCURVE('',#240,#661);
#661 = DEFINITIONAL_REPRESENTATION('',(#662),#665);
#662 = B_SPLINE_CURVE_WITH_KNOTS('',1,(#663,#664),.UNSPECIFIED.,.F.,.F.,
  (2,2),(0.,1.),.PIECEWISE_BEZIER_KNOTS.);
#663 = CARTESIAN_POINT('',(1.,1.));
#664 = CARTESIAN_POINT('',(0.,1.));
#665 = ( GEOMETRIC_REPRESENTATION_CONTEXT(2) 
PARAMETRIC_REPRESENTATION_CONTEXT() REPRESENTATION_CONTEXT('2D SPACE',''
  ) );
#666 = PCURVE('',#305,#667);
#667 = DEFINITIONAL_REPRESENTATION('',(#668),#671);
#668 = B_SPLINE_CURVE_WITH_KNOTS('',1,(#669,#670),.UNSPECIFIED.,.F.,.F.,
  (2,2),(0.,1.),.PIECEWISE_BEZIER_KNOTS.);
#669 = CARTESIAN_POINT('',(1.,0.30261867317));
#670 = CARTESIAN_POINT('',(1.,0.106387693271));
#671 = ( GEOMETRIC_REPRESENTATION_CONTEXT(2) 
PARAMETRIC_REPRESENTATION_CONTEXT() REPRESENTATION_CONTEXT('2D SPACE',''
  ) );
#672 = ADVANCED_FACE('',(#673),#305,.T.);
#673 = FACE_BOUND('',#674,.T.);
#674 = EDGE_LOOP('',(#675,#676,#677,#701,#768,#835,#902,#963,#1024,#1042
    ,#1058,#1059));
#675 = ORIENTED_EDGE('',*,*,#289,.F.);
#676 = ORIENTED_EDGE('',*,*,#651,.F.);
#677 = ORIENTED_EDGE('',*,*,#678,.F.);
#678 = EDGE_CURVE('',#679,#585,#681,.T.);
#679 = VERTEX_POINT('',#680);
#680 = CARTESIAN_POINT('',(-305.2512342597,15.052570645857,
    75.069260186547));
#681 = SURFACE_CURVE('',#682,(#689,#695),.PCURVE_S1.);
#682 = B_SPLINE_CURVE_WITH_KNOTS('',5,(#683,#684,#685,#686,#687,#688),
  .UNSPECIFIED.,.F.,.F.,(6,6),(0.,1.),.PIECEWISE_BEZIER_KNOTS.);
#683 = CARTESIAN_POINT('',(-305.2512342642,15.052570645857,
    75.069260185954));
#684 = CARTESIAN_POINT('',(-306.8693212641,15.052570645857,
    74.859556339389));
#685 = CARTESIAN_POINT('',(-308.4848738214,15.052570645857,
    74.646543935932));
#686 = CARTESIAN_POINT('',(-310.0977830594,15.052570645857,
    74.430297812353));
#687 = CARTESIAN_POINT('',(-311.7079401013,15.052570645857,
    74.210892805424));
#688 = CARTESIAN_POINT('',(-313.3152360704,15.052570645857,
    73.988403751916));
#689 = PCURVE('',#305,#690);
#690 = DEFINITIONAL_REPRESENTATION('',(#691),#694);
#691 = B_SPLINE_CURVE_WITH_KNOTS('',1,(#692,#693),.UNSPECIFIED.,.F.,.F.,
  (2,2),(0.,1.),.PIECEWISE_BEZIER_KNOTS.);
#692 = CARTESIAN_POINT('',(1.,0.380962962107));
#693 = CARTESIAN_POINT('',(1.,0.30261867317));
#694 = ( GEOMETRIC_REPRESENTATION_CONTEXT(2) 
PARAMETRIC_REPRESENTATION_CONTEXT() REPRESENTATION_CONTEXT('2D SPACE',''
  ) );
#695 = PCURVE('',#602,#696);
#696 = DEFINITIONAL_REPRESENTATION('',(#697),#700);
#697 = B_SPLINE_CURVE_WITH_KNOTS('',1,(#698,#699),.UNSPECIFIED.,.F.,.F.,
  (2,2),(0.,1.),.PIECEWISE_BEZIER_KNOTS.);
#698 = CARTESIAN_POINT('',(1.,1.));
#699 = CARTESIAN_POINT('',(0.,1.));
#700 = ( GEOMETRIC_REPRESENTATION_CONTEXT(2) 
PARAMETRIC_REPRESENTATION_CONTEXT() REPRESENTATION_CONTEXT('2D SPACE',''
  ) );
#701 = ORIENTED_EDGE('',*,*,#702,.F.);
#702 = EDGE_CURVE('',#703,#679,#705,.T.);
#703 = VERTEX_POINT('',#704);
#704 = CARTESIAN_POINT('',(-286.4769923415,15.052570645857,
    77.301629874618));
#705 = SURFACE_CURVE('',#706,(#713,#719),.PCURVE_S1.);
#706 = B_SPLINE_CURVE_WITH_KNOTS('',5,(#707,#708,#709,#710,#711,#712),
  .UNSPECIFIED.,.F.,.F.,(6,6),(0.,1.),.PIECEWISE_BEZIER_KNOTS.);
#707 = CARTESIAN_POINT('',(-286.4769923431,15.052570645857,
    77.301629874437));
#708 = CARTESIAN_POINT('',(-290.2534473542,15.052570645857,
    76.893998032959));
#709 = CARTESIAN_POINT('',(-294.0204333603,15.052570645857,
    76.466028002369));
#710 = CARTESIAN_POINT('',(-297.7766160531,15.052570645857,
    76.018636923669));
#711 = CARTESIAN_POINT('',(-301.5206611239,15.052570645857,
    75.552741937863));
#712 = CARTESIAN_POINT('',(-305.2512342642,15.052570645857,
    75.069260185954));
#713 = PCURVE('',#305,#714);
#714 = DEFINITIONAL_REPRESENTATION('',(#715),#718);
#715 = B_SPLINE_CURVE_WITH_KNOTS('',1,(#716,#717),.UNSPECIFIED.,.F.,.F.,
  (2,2),(0.,1.),.PIECEWISE_BEZIER_KNOTS.);
#716 = CARTESIAN_POINT('',(1.,0.561589281977));
#717 = CARTESIAN_POINT('',(1.,0.380962962107));
#718 = ( GEOMETRIC_REPRESENTATION_CONTEXT(2) 
PARAMETRIC_REPRESENTATION_CONTEXT() REPRESENTATION_CONTEXT('2D SPACE',''
  ) );
#719 = PCURVE('',#720,#763);
#720 = B_SPLINE_SURFACE_WITH_KNOTS('',6,5,(
    (#721,#722,#723,#724,#725,#726)
    ,(#727,#728,#729,#730,#731,#732)
    ,(#733,#734,#735,#736,#737,#738)
    ,(#739,#740,#741,#742,#743,#744)
    ,(#745,#746,#747,#748,#749,#750)
    ,(#751,#752,#753,#754,#755,#756)
    ,(#757,#758,#759,#760,#761,#762
    )),.UNSPECIFIED.,.F.,.F.,.F.,(7,7),(6,6),(0.,1.),(0.,1.),
  .PIECEWISE_BEZIER_KNOTS.);
#721 = CARTESIAN_POINT('',(-302.7813511055,-5.684341886081E-14,
    56.362828395955));
#722 = CARTESIAN_POINT('',(-302.7813511055,4.19688,56.362828395955));
#723 = CARTESIAN_POINT('',(-302.7813511055,8.39376,56.362828395955));
#724 = CARTESIAN_POINT('',(-304.5702650618,12.539534268926,
    66.846847069634));
#725 = CARTESIAN_POINT('',(-304.9107521758,14.280703725804,
    70.958053416571));
#726 = CARTESIAN_POINT('',(-305.2512342574,15.052570645857,
    75.069260186844));
#727 = CARTESIAN_POINT('',(-300.0211341611,-5.684341886081E-14,
    54.501081719253));
#728 = CARTESIAN_POINT('',(-300.0211341611,4.19688,54.501081719253));
#729 = CARTESIAN_POINT('',(-300.0211341611,8.39376,54.501081719253));
#730 = CARTESIAN_POINT('',(-301.4894846538,12.539548584853,
    67.247425885005));
#731 = CARTESIAN_POINT('',(-301.8159565502,14.280706898956,
    71.359793558989));
#732 = CARTESIAN_POINT('',(-302.1424233078,15.052570645857,
    75.472161646651));
#733 = CARTESIAN_POINT('',(-296.7296223332,-5.684341886081E-14,
    53.427040050998));
#734 = CARTESIAN_POINT('',(-296.7296223332,4.19688,53.427040050998));
#735 = CARTESIAN_POINT('',(-296.7296223332,8.39376,53.427040050998));
#736 = CARTESIAN_POINT('',(-298.4002459625,12.53955929916,
    67.636352630661));
#737 = CARTESIAN_POINT('',(-298.7124411012,14.280709273811,
    71.749845415092));
#738 = CARTESIAN_POINT('',(-299.0246310712,15.052570645857,
    75.863338595729));
#739 = CARTESIAN_POINT('',(-293.1869927854,-5.684341886081E-14,
    53.330257976007));
#740 = CARTESIAN_POINT('',(-293.1869927854,4.19688,53.330257976007));
#741 = CARTESIAN_POINT('',(-293.1869927854,8.39376,53.330257976007));
#742 = CARTESIAN_POINT('',(-295.3032297739,12.539565794275,
    68.013175590865));
#743 = CARTESIAN_POINT('',(-295.600879797,14.280710713474,72.12775384129
    ));
#744 = CARTESIAN_POINT('',(-295.898524702,15.052570645857,
    76.242332463574));
#745 = CARTESIAN_POINT('',(-289.7689835826,-5.684341886081E-14,
    54.266650709347));
#746 = CARTESIAN_POINT('',(-289.7689835826,4.19688,54.266650709347));
#747 = CARTESIAN_POINT('',(-289.7689835826,8.39376,54.266650709347));
#748 = CARTESIAN_POINT('',(-292.1991175447,12.539567713955,
    68.377443579108));
#749 = CARTESIAN_POINT('',(-292.4819469425,14.280711138977,
    72.493063958359));
#750 = CARTESIAN_POINT('',(-292.7647713543,15.052570645857,
    76.608684679687));
#751 = CARTESIAN_POINT('',(-286.8272654683,-5.684341886081E-14,
    56.09256111707));
#752 = CARTESIAN_POINT('',(-286.8272654683,4.19688,56.09256111707));
#753 = CARTESIAN_POINT('',(-286.8272654683,8.39376,56.09256111707));
#754 = CARTESIAN_POINT('',(-289.0885914275,12.539564985182,
    68.728706022546));
#755 = CARTESIAN_POINT('',(-289.3563171923,14.280710534135,
    72.845321193753));
#756 = CARTESIAN_POINT('',(-289.6240381824,15.052570645857,
    76.961936673566));
#757 = CARTESIAN_POINT('',(-284.5889092687,-5.684341886081E-14,
    58.557248992156));
#758 = CARTESIAN_POINT('',(-284.5889092687,4.19688,58.557248992156));
#759 = CARTESIAN_POINT('',(-284.5889092687,8.39376,58.557248992156));
#760 = CARTESIAN_POINT('',(-285.9723342964,12.539557840056,
    69.066513046434));
#761 = CARTESIAN_POINT('',(-286.2246655646,14.280708950399,
    73.18407132391));
#762 = CARTESIAN_POINT('',(-286.4769923406,15.052570645857,
    77.301629874709));
#763 = DEFINITIONAL_REPRESENTATION('',(#764),#767);
#764 = B_SPLINE_CURVE_WITH_KNOTS('',1,(#765,#766),.UNSPECIFIED.,.F.,.F.,
  (2,2),(0.,1.),.PIECEWISE_BEZIER_KNOTS.);
#765 = CARTESIAN_POINT('',(1.,1.));
#766 = CARTESIAN_POINT('',(0.,1.));
#767 = ( GEOMETRIC_REPRESENTATION_CONTEXT(2) 
PARAMETRIC_REPRESENTATION_CONTEXT() REPRESENTATION_CONTEXT('2D SPACE',''
  ) );
#768 = ORIENTED_EDGE('',*,*,#769,.F.);
#769 = EDGE_CURVE('',#770,#703,#772,.T.);
#770 = VERTEX_POINT('',#771);
#771 = CARTESIAN_POINT('',(-278.1228173806,15.052570645857,
    78.161077627184));
#772 = SURFACE_CURVE('',#773,(#780,#786),.PCURVE_S1.);
#773 = B_SPLINE_CURVE_WITH_KNOTS('',5,(#774,#775,#776,#777,#778,#779),
  .UNSPECIFIED.,.F.,.F.,(6,6),(0.,1.),.PIECEWISE_BEZIER_KNOTS.);
#774 = CARTESIAN_POINT('',(-278.1228173816,15.052570645857,
    78.161077627086));
#775 = CARTESIAN_POINT('',(-279.7968847459,15.052570645857,
    77.997433203509));
#776 = CARTESIAN_POINT('',(-281.4694507664,15.052570645857,
    77.829587279311));
#777 = CARTESIAN_POINT('',(-283.1404006009,15.052570645857,
    77.657618791638));
#778 = CARTESIAN_POINT('',(-284.8096194072,15.052570645857,
    77.481606677632));
#779 = CARTESIAN_POINT('',(-286.4769923431,15.052570645857,
    77.301629874437));
#780 = PCURVE('',#305,#781);
#781 = DEFINITIONAL_REPRESENTATION('',(#782),#785);
#782 = B_SPLINE_CURVE_WITH_KNOTS('',1,(#783,#784),.UNSPECIFIED.,.F.,.F.,
  (2,2),(0.,1.),.PIECEWISE_BEZIER_KNOTS.);
#783 = CARTESIAN_POINT('',(1.,0.641339056933));
#784 = CARTESIAN_POINT('',(1.,0.561589281977));
#785 = ( GEOMETRIC_REPRESENTATION_CONTEXT(2) 
PARAMETRIC_REPRESENTATION_CONTEXT() REPRESENTATION_CONTEXT('2D SPACE',''
  ) );
#786 = PCURVE('',#787,#830);
#787 = B_SPLINE_SURFACE_WITH_KNOTS('',6,5,(
    (#788,#789,#790,#791,#792,#793)
    ,(#794,#795,#796,#797,#798,#799)
    ,(#800,#801,#802,#803,#804,#805)
    ,(#806,#807,#808,#809,#810,#811)
    ,(#812,#813,#814,#815,#816,#817)
    ,(#818,#819,#820,#821,#822,#823)
    ,(#824,#825,#826,#827,#828,#829
    )),.UNSPECIFIED.,.F.,.F.,.F.,(7,7),(6,6),(0.,1.),(0.,1.),
  .PIECEWISE_BEZIER_KNOTS.);
#788 = CARTESIAN_POINT('',(-284.5889092687,-5.684341886081E-14,
    58.557248992156));
#789 = CARTESIAN_POINT('',(-284.5889092687,4.19688,58.557248992156));
#790 = CARTESIAN_POINT('',(-284.5889092687,8.39376,58.557248992156));
#791 = CARTESIAN_POINT('',(-285.9723342964,12.539557840099,
    69.066513046433));
#792 = CARTESIAN_POINT('',(-286.2246655646,14.280708950399,
    73.18407132391));
#793 = CARTESIAN_POINT('',(-286.4769923406,15.052570645857,
    77.301629874709));
#794 = CARTESIAN_POINT('',(-283.6006346731,-5.684341886081E-14,
    59.645453100727));
#795 = CARTESIAN_POINT('',(-283.6006346731,4.19688,59.645453100727));
#796 = CARTESIAN_POINT('',(-283.6006346731,8.39376,59.645453100727));
#797 = CARTESIAN_POINT('',(-284.5964506205,12.539554685326,
    69.215660934496));
#798 = CARTESIAN_POINT('',(-284.8419849411,14.280708251151,
    73.333635610383));
#799 = CARTESIAN_POINT('',(-285.0875148942,15.052570645857,
    77.451610544015));
#800 = CARTESIAN_POINT('',(-282.2924299309,-5.684341886081E-14,
    60.443106168488));
#801 = CARTESIAN_POINT('',(-282.2924299309,4.19688,60.443106168488));
#802 = CARTESIAN_POINT('',(-282.2924299309,8.39376,60.443106168488));
#803 = CARTESIAN_POINT('',(-283.2194497514,12.539550669752,
    69.36218584781));
#804 = CARTESIAN_POINT('',(-283.4581304239,14.280707361079,
    73.480566846596));
#805 = CARTESIAN_POINT('',(-283.6968068675,15.052570645857,
    77.598948087197));
#806 = CARTESIAN_POINT('',(-280.77064927,-5.684341886081E-14,
    60.832713222476));
#807 = CARTESIAN_POINT('',(-280.77064927,4.19688,60.832713222476));
#808 = CARTESIAN_POINT('',(-280.77064927,8.39376,60.832713222476));
#809 = CARTESIAN_POINT('',(-281.841390463,12.539545813196,69.50604906634
    ));
#810 = CARTESIAN_POINT('',(-282.073160111,14.280706284615,
    73.624825938165));
#811 = CARTESIAN_POINT('',(-282.3049256816,15.052570645857,
    77.743603035681));
#812 = CARTESIAN_POINT('',(-279.202047232,-5.684341886081E-14,
    60.748465476701));
#813 = CARTESIAN_POINT('',(-279.202047232,4.19688,60.748465476701));
#814 = CARTESIAN_POINT('',(-279.202047232,8.39376,60.748465476701));
#815 = CARTESIAN_POINT('',(-280.462331557,12.539540147323,
    69.647211896703));
#816 = CARTESIAN_POINT('',(-280.6871321139,14.280705028764,
    73.76637380403));
#817 = CARTESIAN_POINT('',(-280.9119287577,15.052570645857,
    77.885535920897));
#818 = CARTESIAN_POINT('',(-277.7630330112,-5.684341886081E-14,
    60.22226386457));
#819 = CARTESIAN_POINT('',(-277.7630330112,4.19688,60.22226386457));
#820 = CARTESIAN_POINT('',(-277.7630330112,8.39376,60.22226386457));
#821 = CARTESIAN_POINT('',(-279.0823318626,12.539533715814,
    69.785635673863));
#822 = CARTESIAN_POINT('',(-279.3001045587,14.280703603199,
    73.905171377306));
#823 = CARTESIAN_POINT('',(-279.5178735168,15.052570645857,
    78.024707274271));
#824 = CARTESIAN_POINT('',(-276.580898918,-5.684341886081E-14,
    59.348516850897));
#825 = CARTESIAN_POINT('',(-276.580898918,4.19688,59.348516850897));
#826 = CARTESIAN_POINT('',(-276.580898918,8.39376,59.348516850897));
#827 = CARTESIAN_POINT('',(-277.7014502374,12.539526574552,
    69.921281762835));
#828 = CARTESIAN_POINT('',(-277.9121355851,14.280702020342,
    74.041179606135));
#829 = CARTESIAN_POINT('',(-278.1228173801,15.052570645857,
    78.161077627233));
#830 = DEFINITIONAL_REPRESENTATION('',(#831),#834);
#831 = B_SPLINE_CURVE_WITH_KNOTS('',1,(#832,#833),.UNSPECIFIED.,.F.,.F.,
  (2,2),(0.,1.),.PIECEWISE_BEZIER_KNOTS.);
#832 = CARTESIAN_POINT('',(1.,1.));
#833 = CARTESIAN_POINT('',(0.,1.));
#834 = ( GEOMETRIC_REPRESENTATION_CONTEXT(2) 
PARAMETRIC_REPRESENTATION_CONTEXT() REPRESENTATION_CONTEXT('2D SPACE',''
  ) );
#835 = ORIENTED_EDGE('',*,*,#836,.F.);
#836 = EDGE_CURVE('',#837,#770,#839,.T.);
#837 = VERTEX_POINT('',#838);
#838 = CARTESIAN_POINT('',(-257.3247029605,15.052570645857,
    79.917334876872));
#839 = SURFACE_CURVE('',#840,(#847,#853),.PCURVE_S1.);
#840 = B_SPLINE_CURVE_WITH_KNOTS('',5,(#841,#842,#843,#844,#845,#846),
  .UNSPECIFIED.,.F.,.F.,(6,6),(0.,1.),.PIECEWISE_BEZIER_KNOTS.);
#841 = CARTESIAN_POINT('',(-257.3247029605,15.052570645857,
    79.917334876872));
#842 = CARTESIAN_POINT('',(-261.4957600444,15.052570645857,
    79.622383356232));
#843 = CARTESIAN_POINT('',(-265.6628428905,15.052570645857,
    79.298083909458));
#844 = CARTESIAN_POINT('',(-269.8242086367,15.052570645857,
    78.945634498025));
#845 = CARTESIAN_POINT('',(-273.9781144211,15.052570645857,
    78.566233083409));
#846 = CARTESIAN_POINT('',(-278.1228173816,15.052570645857,
    78.161077627086));
#847 = PCURVE('',#305,#848);
#848 = DEFINITIONAL_REPRESENTATION('',(#849),#852);
#849 = B_SPLINE_CURVE_WITH_KNOTS('',1,(#850,#851),.UNSPECIFIED.,.F.,.F.,
  (2,2),(0.,1.),.PIECEWISE_BEZIER_KNOTS.);
#850 = CARTESIAN_POINT('',(1.,0.838785787825));
#851 = CARTESIAN_POINT('',(1.,0.641339056933));
#852 = ( GEOMETRIC_REPRESENTATION_CONTEXT(2) 
PARAMETRIC_REPRESENTATION_CONTEXT() REPRESENTATION_CONTEXT('2D SPACE',''
  ) );
#853 = PCURVE('',#854,#897);
#854 = B_SPLINE_SURFACE_WITH_KNOTS('',6,5,(
    (#855,#856,#857,#858,#859,#860)
    ,(#861,#862,#863,#864,#865,#866)
    ,(#867,#868,#869,#870,#871,#872)
    ,(#873,#874,#875,#876,#877,#878)
    ,(#879,#880,#881,#882,#883,#884)
    ,(#885,#886,#887,#888,#889,#890)
    ,(#891,#892,#893,#894,#895,#896
    )),.UNSPECIFIED.,.F.,.F.,.F.,(7,7),(6,6),(0.,1.),(0.,1.),
  .PIECEWISE_BEZIER_KNOTS.);
#855 = CARTESIAN_POINT('',(-276.580898918,-5.684341886081E-14,
    59.348516850897));
#856 = CARTESIAN_POINT('',(-276.580898918,4.19688,59.348516850897));
#857 = CARTESIAN_POINT('',(-276.580898918,8.39376,59.348516850897));
#858 = CARTESIAN_POINT('',(-277.7014502374,12.539526574594,
    69.921281762834));
#859 = CARTESIAN_POINT('',(-277.9121355851,14.280702020342,
    74.041179606135));
#860 = CARTESIAN_POINT('',(-278.1228173801,15.052570645857,
    78.161077627233));
#861 = CARTESIAN_POINT('',(-273.6541381553,-5.684341886081E-14,
    57.185269473964));
#862 = CARTESIAN_POINT('',(-273.6541381553,4.19688,57.185269473964));
#863 = CARTESIAN_POINT('',(-273.6541381553,8.39376,57.185269473964));
#864 = CARTESIAN_POINT('',(-274.2826247572,12.539508894232,
    70.257118156623));
#865 = CARTESIAN_POINT('',(-274.475763049,14.280698101462,
    74.377912595948));
#866 = CARTESIAN_POINT('',(-274.6688982466,15.052570645857,
    78.498707174138));
#867 = CARTESIAN_POINT('',(-270.0525528403,-5.684341886081E-14,
    55.935035055953));
#868 = CARTESIAN_POINT('',(-270.0525528403,4.19688,55.935035055953));
#869 = CARTESIAN_POINT('',(-270.0525528403,8.39376,55.935035055953));
#870 = CARTESIAN_POINT('',(-270.8583932838,12.539486863974,
    70.575928086772));
#871 = CARTESIAN_POINT('',(-271.0336198782,14.280693218433,
    74.697547672481));
#872 = CARTESIAN_POINT('',(-271.2088438971,15.052570645857,
    78.819167359908));
#873 = CARTESIAN_POINT('',(-266.1306544507,-5.684341886081E-14,
    55.861034584841));
#874 = CARTESIAN_POINT('',(-266.1306544507,4.19688,55.861034584841));
#875 = CARTESIAN_POINT('',(-266.1306544507,8.39376,55.861034584841));
#876 = CARTESIAN_POINT('',(-267.4296490468,12.53946133472,
    70.877125225763));
#877 = CARTESIAN_POINT('',(-267.5865884133,14.280687559872,
    74.999492180429));
#878 = CARTESIAN_POINT('',(-267.7435257628,15.052570645857,
    79.121859203804));
#879 = CARTESIAN_POINT('',(-262.3898217481,-5.684341886081E-14,
    57.041281180979));
#880 = CARTESIAN_POINT('',(-262.3898217481,4.19688,57.041281180979));
#881 = CARTESIAN_POINT('',(-262.3898217481,8.39376,57.041281180979));
#882 = CARTESIAN_POINT('',(-263.9972863386,12.539433623517,
    71.160124366313));
#883 = CARTESIAN_POINT('',(-264.1355515309,14.280681417718,
    75.283154024697));
#884 = CARTESIAN_POINT('',(-264.2738152746,15.052570645857,
    79.406183725089));
#885 = CARTESIAN_POINT('',(-259.2889058234,-5.684341886081E-14,
    59.259136269382));
#886 = CARTESIAN_POINT('',(-259.2889058234,4.19688,59.259136269382));
#887 = CARTESIAN_POINT('',(-259.2889058234,8.39376,59.259136269382));
#888 = CARTESIAN_POINT('',(-260.5622005412,12.539405554766,
    71.424341612175));
#889 = CARTESIAN_POINT('',(-260.6813926591,14.280675196352,
    75.547941766183));
#890 = CARTESIAN_POINT('',(-260.8005838635,15.052570645857,
    79.671541943024));
#891 = CARTESIAN_POINT('',(-257.093497614,-5.684341886081E-14,
    62.161856404085));
#892 = CARTESIAN_POINT('',(-257.093497614,4.19688,62.161856404085));
#893 = CARTESIAN_POINT('',(-257.093497614,8.39376,62.161856404085));
#894 = CARTESIAN_POINT('',(-257.125288153,12.539379501424,
    71.669194568928));
#895 = CARTESIAN_POINT('',(-257.2249957922,14.280669421723,
    75.793264717575));
#896 = CARTESIAN_POINT('',(-257.3247029605,15.052570645857,
    79.917334876873));
#897 = DEFINITIONAL_REPRESENTATION('',(#898),#901);
#898 = B_SPLINE_CURVE_WITH_KNOTS('',1,(#899,#900),.UNSPECIFIED.,.F.,.F.,
  (2,2),(0.,1.),.PIECEWISE_BEZIER_KNOTS.);
#899 = CARTESIAN_POINT('',(1.,1.));
#900 = CARTESIAN_POINT('',(0.,1.));
#901 = ( GEOMETRIC_REPRESENTATION_CONTEXT(2) 
PARAMETRIC_REPRESENTATION_CONTEXT() REPRESENTATION_CONTEXT('2D SPACE',''
  ) );
#902 = ORIENTED_EDGE('',*,*,#903,.F.);
#903 = EDGE_CURVE('',#904,#837,#906,.T.);
#904 = VERTEX_POINT('',#905);
#905 = CARTESIAN_POINT('',(-250.732195541,15.052570645857,
    80.353601844854));
#906 = SURFACE_CURVE('',#907,(#914,#920),.PCURVE_S1.);
#907 = B_SPLINE_CURVE_WITH_KNOTS('',5,(#908,#909,#910,#911,#912,#913),
  .UNSPECIFIED.,.F.,.F.,(6,6),(0.,1.),.PIECEWISE_BEZIER_KNOTS.);
#908 = CARTESIAN_POINT('',(-250.732195541,15.052570645857,
    80.353601844854));
#909 = CARTESIAN_POINT('',(-252.0512705813,15.052570645857,
    80.272358608263));
#910 = CARTESIAN_POINT('',(-253.370113809,15.052570645857,
    80.188072512405));
#911 = CARTESIAN_POINT('',(-254.6886702585,15.052570645857,
    80.100781338043));
#912 = CARTESIAN_POINT('',(-256.0068849642,15.052570645857,
    80.010522865943));
#913 = CARTESIAN_POINT('',(-257.3247029605,15.052570645857,
    79.917334876872));
#914 = PCURVE('',#305,#915);
#915 = DEFINITIONAL_REPRESENTATION('',(#916),#919);
#916 = B_SPLINE_CURVE_WITH_KNOTS('',1,(#917,#918),.UNSPECIFIED.,.F.,.F.,
  (2,2),(0.,1.),.PIECEWISE_BEZIER_KNOTS.);
#917 = CARTESIAN_POINT('',(1.,0.90116778118));
#918 = CARTESIAN_POINT('',(1.,0.838785787825));
#919 = ( GEOMETRIC_REPRESENTATION_CONTEXT(2) 
PARAMETRIC_REPRESENTATION_CONTEXT() REPRESENTATION_CONTEXT('2D SPACE',''
  ) );
#920 = PCURVE('',#921,#958);
#921 = B_SPLINE_SURFACE_WITH_KNOTS('',5,5,(
    (#922,#923,#924,#925,#926,#927)
    ,(#928,#929,#930,#931,#932,#933)
    ,(#934,#935,#936,#937,#938,#939)
    ,(#940,#941,#942,#943,#944,#945)
    ,(#946,#947,#948,#949,#950,#951)
    ,(#952,#953,#954,#955,#956,#957
    )),.UNSPECIFIED.,.F.,.F.,.F.,(6,6),(6,6),(0.,1.),(0.,1.),
  .PIECEWISE_BEZIER_KNOTS.);
#922 = CARTESIAN_POINT('',(-257.093497614,-5.684341886081E-14,
    62.161856404085));
#923 = CARTESIAN_POINT('',(-257.093497614,4.19688,62.161856404085));
#924 = CARTESIAN_POINT('',(-257.093497614,8.39376,62.161856404085));
#925 = CARTESIAN_POINT('',(-257.125288153,12.53937950145,71.669194569062
    ));
#926 = CARTESIAN_POINT('',(-257.2249957922,14.280669421729,
    75.793264717642));
#927 = CARTESIAN_POINT('',(-257.3247029605,15.052570645857,
    79.917334876873));
#928 = CARTESIAN_POINT('',(-256.261147908,-5.684341886081E-14,
    63.262370759622));
#929 = CARTESIAN_POINT('',(-256.261147908,4.19688,63.262370759622));
#930 = CARTESIAN_POINT('',(-256.261147908,8.39376,63.262370759622));
#931 = CARTESIAN_POINT('',(-255.8222443711,12.539369623741,
    71.762026182383));
#932 = CARTESIAN_POINT('',(-255.9145648192,14.28066723237,
    75.886274521147));
#933 = CARTESIAN_POINT('',(-256.0068849642,15.052570645857,
    80.010522865944));
#934 = CARTESIAN_POINT('',(-255.1915285871,-5.684341886081E-14,
    64.183431486803));
#935 = CARTESIAN_POINT('',(-255.1915285871,4.19688,64.183431486803));
#936 = CARTESIAN_POINT('',(-255.1915285871,8.39376,64.183431486803));
#937 = CARTESIAN_POINT('',(-254.5189270932,12.539360047902,
    71.851958374318));
#938 = CARTESIAN_POINT('',(-254.6037987504,14.280665109924,
    75.976369854951));
#939 = CARTESIAN_POINT('',(-254.6886702585,15.052570645857,
    80.100781338043));
#940 = CARTESIAN_POINT('',(-253.9359886562,-5.684341886081E-14,
    64.856447480284));
#941 = CARTESIAN_POINT('',(-253.9359886562,4.19688,64.856447480284));
#942 = CARTESIAN_POINT('',(-253.9359886562,8.39376,64.856447480284));
#943 = CARTESIAN_POINT('',(-253.2153928657,12.539350923417,
    71.938954409383));
#944 = CARTESIAN_POINT('',(-253.2927533438,14.280663087523,
    76.063513460944));
#945 = CARTESIAN_POINT('',(-253.370113809,15.052570645857,
    80.188072512405));
#946 = CARTESIAN_POINT('',(-252.5768056829,-5.684341886081E-14,
    65.237314910698));
#947 = CARTESIAN_POINT('',(-252.5768056829,4.19688,65.237314910698));
#948 = CARTESIAN_POINT('',(-252.5768056829,8.39376,65.237314910698));
#949 = CARTESIAN_POINT('',(-251.9116982687,12.539342416599,
    72.022977599414));
#950 = CARTESIAN_POINT('',(-251.9814843743,14.280661202029,
    76.147668104709));
#951 = CARTESIAN_POINT('',(-252.0512705813,15.052570645857,
    80.272358608264));
#952 = CARTESIAN_POINT('',(-251.1995279408,-5.684341886081E-14,
    65.321242862085));
#953 = CARTESIAN_POINT('',(-251.1995279408,4.19688,65.321242862085));
#954 = CARTESIAN_POINT('',(-251.1995279408,8.39376,65.321242862085));
#955 = CARTESIAN_POINT('',(-250.6078999155,12.539334710594,
    72.103991303567));
#956 = CARTESIAN_POINT('',(-250.6700476337,14.280659494033,
    76.228796575521));
#957 = CARTESIAN_POINT('',(-250.732195541,15.052570645857,
    80.353601844854));
#958 = DEFINITIONAL_REPRESENTATION('',(#959),#962);
#959 = B_SPLINE_CURVE_WITH_KNOTS('',1,(#960,#961),.UNSPECIFIED.,.F.,.F.,
  (2,2),(0.,1.),.PIECEWISE_BEZIER_KNOTS.);
#960 = CARTESIAN_POINT('',(1.,1.));
#961 = CARTESIAN_POINT('',(0.,1.));
#962 = ( GEOMETRIC_REPRESENTATION_CONTEXT(2) 
PARAMETRIC_REPRESENTATION_CONTEXT() REPRESENTATION_CONTEXT('2D SPACE',''
  ) );
#963 = ORIENTED_EDGE('',*,*,#964,.F.);
#964 = EDGE_CURVE('',#965,#904,#967,.T.);
#965 = VERTEX_POINT('',#966);
#966 = CARTESIAN_POINT('',(-240.2794647216,15.052570645857,
    80.919293887057));
#967 = SURFACE_CURVE('',#968,(#975,#981),.PCURVE_S1.);
#968 = B_SPLINE_CURVE_WITH_KNOTS('',5,(#969,#970,#971,#972,#973,#974),
  .UNSPECIFIED.,.F.,.F.,(6,6),(0.,1.),.PIECEWISE_BEZIER_KNOTS.);
#969 = CARTESIAN_POINT('',(-240.2794647216,15.052570645857,
    80.919293887057));
#970 = CARTESIAN_POINT('',(-242.3703002811,15.052570645857,
    80.822031767806));
#971 = CARTESIAN_POINT('',(-244.4612097219,15.052570645857,
    80.716681262897));
#972 = CARTESIAN_POINT('',(-246.551974465,15.052570645857,
    80.603392613394));
#973 = CARTESIAN_POINT('',(-248.6423759311,15.052570645857,
    80.482316060359));
#974 = CARTESIAN_POINT('',(-250.732195541,15.052570645857,
    80.353601844854));
#975 = PCURVE('',#305,#976);
#976 = DEFINITIONAL_REPRESENTATION('',(#977),#980);
#977 = B_SPLINE_CURVE_WITH_KNOTS('',1,(#978,#979),.UNSPECIFIED.,.F.,.F.,
  (2,2),(0.,1.),.PIECEWISE_BEZIER_KNOTS.);
#978 = CARTESIAN_POINT('',(1.,1.));
#979 = CARTESIAN_POINT('',(1.,0.90116778118));
#980 = ( GEOMETRIC_REPRESENTATION_CONTEXT(2) 
PARAMETRIC_REPRESENTATION_CONTEXT() REPRESENTATION_CONTEXT('2D SPACE',''
  ) );
#981 = PCURVE('',#982,#1019);
#982 = B_SPLINE_SURFACE_WITH_KNOTS('',5,5,(
    (#983,#984,#985,#986,#987,#988)
    ,(#989,#990,#991,#992,#993,#994)
    ,(#995,#996,#997,#998,#999,#1000)
    ,(#1001,#1002,#1003,#1004,#1005,#1006)
    ,(#1007,#1008,#1009,#1010,#1011,#1012)
    ,(#1013,#1014,#1015,#1016,#1017,#1018
    )),.UNSPECIFIED.,.F.,.F.,.F.,(6,6),(6,6),(0.,1.),(0.,1.),
  .PIECEWISE_BEZIER_KNOTS.);
#983 = CARTESIAN_POINT('',(-251.1995279408,-5.684341886081E-14,
    65.321242862085));
#984 = CARTESIAN_POINT('',(-251.1995279408,4.19688,65.321242862085));
#985 = CARTESIAN_POINT('',(-251.1995279408,8.39376,65.321242862085));
#986 = CARTESIAN_POINT('',(-250.6078999155,12.539334710619,
    72.103991303701));
#987 = CARTESIAN_POINT('',(-250.6700476337,14.280659494038,
    76.228796575589));
#988 = CARTESIAN_POINT('',(-250.732195541,15.052570645857,
    80.353601844854));
#989 = CARTESIAN_POINT('',(-249.0174973923,-5.684341886081E-14,
    65.454210489608));
#990 = CARTESIAN_POINT('',(-249.0174973923,4.19688,65.454210489608));
#991 = CARTESIAN_POINT('',(-249.0174973923,8.39376,65.454210489608));
#992 = CARTESIAN_POINT('',(-248.5422832653,12.539322502023,
    72.232341869819));
#993 = CARTESIAN_POINT('',(-248.5923294341,14.280656788067,76.3573289671
    ));
#994 = CARTESIAN_POINT('',(-248.6423759311,15.052570645857,
    80.482316060359));
#995 = CARTESIAN_POINT('',(-246.8342506642,-5.684341886081E-14,
    65.579050519714));
#996 = CARTESIAN_POINT('',(-246.8342506642,4.19688,65.579050519714));
#997 = CARTESIAN_POINT('',(-246.8342506642,8.39376,65.579050519714));
#998 = CARTESIAN_POINT('',(-246.4764061839,12.539312303747,
    72.353138542962));
#999 = CARTESIAN_POINT('',(-246.5141901245,14.280654527679,
    76.478265579943));
#1000 = CARTESIAN_POINT('',(-246.551974465,15.052570645857,
    80.603392613394));
#1001 = CARTESIAN_POINT('',(-244.6500128885,-5.684341886081E-14,
    65.695596834671));
#1002 = CARTESIAN_POINT('',(-244.6500128885,4.19688,65.695596834671));
#1003 = CARTESIAN_POINT('',(-244.6500128885,8.39376,65.695596834671));
#1004 = CARTESIAN_POINT('',(-244.410493803,12.539304844916,
    72.46623561953));
#1005 = CARTESIAN_POINT('',(-244.4358515699,14.280652874476,
    76.591458442118));
#1006 = CARTESIAN_POINT('',(-244.4612097219,15.052570645857,
    80.716681262897));
#1007 = CARTESIAN_POINT('',(-242.465009197,-5.684341886081E-14,
    65.803683316744));
#1008 = CARTESIAN_POINT('',(-242.465009197,4.19688,65.803683316744));
#1009 = CARTESIAN_POINT('',(-242.465009197,8.39376,65.803683316744));
#1010 = CARTESIAN_POINT('',(-242.3447714649,12.539300963287,
    72.571487707187));
#1011 = CARTESIAN_POINT('',(-242.3575357424,14.280652014138,
    76.696759737496));
#1012 = CARTESIAN_POINT('',(-242.3703002811,15.052570645857,
    80.822031767806));
#1013 = CARTESIAN_POINT('',(-240.2794647216,-5.684341886081E-14,
    65.903143848203));
#1014 = CARTESIAN_POINT('',(-240.2794647216,4.19688,65.903143848203));
#1015 = CARTESIAN_POINT('',(-240.2794647216,8.39376,65.903143848203));
#1016 = CARTESIAN_POINT('',(-240.2794647216,12.539301613553,
    72.6687497725));
#1017 = CARTESIAN_POINT('',(-240.2794647216,14.280652158265,
    76.794021829779));
#1018 = CARTESIAN_POINT('',(-240.2794647216,15.052570645857,
    80.919293887057));
#1019 = DEFINITIONAL_REPRESENTATION('',(#1020),#1023);
#1020 = B_SPLINE_CURVE_WITH_KNOTS('',1,(#1021,#1022),.UNSPECIFIED.,.F.,
  .F.,(2,2),(0.,1.),.PIECEWISE_BEZIER_KNOTS.);
#1021 = CARTESIAN_POINT('',(1.,1.));
#1022 = CARTESIAN_POINT('',(0.,1.));
#1023 = ( GEOMETRIC_REPRESENTATION_CONTEXT(2) 
PARAMETRIC_REPRESENTATION_CONTEXT() REPRESENTATION_CONTEXT('2D SPACE',''
  ) );
#1024 = ORIENTED_EDGE('',*,*,#1025,.F.);
#1025 = EDGE_CURVE('',#1026,#965,#1028,.T.);
#1026 = VERTEX_POINT('',#1027);
#1027 = CARTESIAN_POINT('',(-240.2794647216,-6.661338147751E-15,
    95.935443925912));
#1028 = SURFACE_CURVE('',#1029,(#1036),.PCURVE_S1.);
#1029 = B_SPLINE_CURVE_WITH_KNOTS('',5,(#1030,#1031,#1032,#1033,#1034,
    #1035),.UNSPECIFIED.,.F.,.F.,(6,6),(0.,1.),
  .PIECEWISE_BEZIER_KNOTS.);
#1030 = CARTESIAN_POINT('',(-240.2794647216,-6.661338147751E-15,
    95.935443925912));
#1031 = CARTESIAN_POINT('',(-240.2794647216,6.021028258343,
    95.935443925912));
#1032 = CARTESIAN_POINT('',(-240.2794647216,12.042056516685,
    95.935443925912));
#1033 = CARTESIAN_POINT('',(-240.2794647216,15.353622058774,
    92.181406416198));
#1034 = CARTESIAN_POINT('',(-240.2794647216,16.106250591067,
    86.550350151628));
#1035 = CARTESIAN_POINT('',(-240.2794647216,15.052570645857,
    80.919293887057));
#1036 = PCURVE('',#305,#1037);
#1037 = DEFINITIONAL_REPRESENTATION('',(#1038),#1041);
#1038 = B_SPLINE_CURVE_WITH_KNOTS('',1,(#1039,#1040),.UNSPECIFIED.,.F.,
  .F.,(2,2),(0.,1.),.PIECEWISE_BEZIER_KNOTS.);
#1039 = CARTESIAN_POINT('',(0.,1.));
#1040 = CARTESIAN_POINT('',(1.,1.));
#1041 = ( GEOMETRIC_REPRESENTATION_CONTEXT(2) 
PARAMETRIC_REPRESENTATION_CONTEXT() REPRESENTATION_CONTEXT('2D SPACE',''
  ) );
#1042 = ORIENTED_EDGE('',*,*,#1043,.F.);
#1043 = EDGE_CURVE('',#354,#1026,#1044,.T.);
#1044 = SURFACE_CURVE('',#1045,(#1052),.PCURVE_S1.);
#1045 = B_SPLINE_CURVE_WITH_KNOTS('',5,(#1046,#1047,#1048,#1049,#1050,
    #1051),.UNSPECIFIED.,.F.,.F.,(6,6),(0.,1.),
  .PIECEWISE_BEZIER_KNOTS.);
#1046 = CARTESIAN_POINT('',(-331.418454763,-6.661338147751E-15,
    86.492160977986));
#1047 = CARTESIAN_POINT('',(-313.8223868081,-6.661338147751E-15,
    89.21958373719));
#1048 = CARTESIAN_POINT('',(-295.7720689761,-6.661338147751E-15,
    91.629733249575));
#1049 = CARTESIAN_POINT('',(-277.4058861174,-6.661338147751E-15,
    93.62049967715));
#1050 = CARTESIAN_POINT('',(-258.8622230825,-6.661338147751E-15,
    95.089773181925));
#1051 = CARTESIAN_POINT('',(-240.2794647216,-6.661338147751E-15,
    95.935443925912));
#1052 = PCURVE('',#305,#1053);
#1053 = DEFINITIONAL_REPRESENTATION('',(#1054),#1057);
#1054 = B_SPLINE_CURVE_WITH_KNOTS('',1,(#1055,#1056),.UNSPECIFIED.,.F.,
  .F.,(2,2),(0.,1.),.PIECEWISE_BEZIER_KNOTS.);
#1055 = CARTESIAN_POINT('',(0.,0.140677617737));
#1056 = CARTESIAN_POINT('',(0.,1.));
#1057 = ( GEOMETRIC_REPRESENTATION_CONTEXT(2) 
PARAMETRIC_REPRESENTATION_CONTEXT() REPRESENTATION_CONTEXT('2D SPACE',''
  ) );
#1058 = ORIENTED_EDGE('',*,*,#501,.F.);
#1059 = ORIENTED_EDGE('',*,*,#462,.F.);
#1060 = ADVANCED_FACE('',(#1061),#602,.T.);
#1061 = FACE_BOUND('',#1062,.T.);
#1062 = EDGE_LOOP('',(#1063,#1064,#1083,#1105));
#1063 = ORIENTED_EDGE('',*,*,#584,.F.);
#1064 = ORIENTED_EDGE('',*,*,#1065,.T.);
#1065 = EDGE_CURVE('',#566,#1066,#1068,.T.);
#1066 = VERTEX_POINT('',#1067);
#1067 = CARTESIAN_POINT('',(-302.7813511055,-5.684341886081E-14,
    56.362828395955));
#1068 = SURFACE_CURVE('',#1069,(#1077),.PCURVE_S1.);
#1069 = B_SPLINE_CURVE_WITH_KNOTS('',6,(#1070,#1071,#1072,#1073,#1074,
    #1075,#1076),.UNSPECIFIED.,.F.,.F.,(7,7),(0.,1.),
  .PIECEWISE_BEZIER_KNOTS.);
#1070 = CARTESIAN_POINT('',(-310.6468364535,-5.684341886081E-14,
    55.34539135476));
#1071 = CARTESIAN_POINT('',(-309.6945059428,-5.684341886081E-14,
    56.430952228363));
#1072 = CARTESIAN_POINT('',(-308.4286474239,-5.684341886081E-14,
    57.241464235124));
#1073 = CARTESIAN_POINT('',(-306.9481878557,-5.684341886081E-14,
    57.663817456141));
#1074 = CARTESIAN_POINT('',(-305.4089884053,-5.684341886081E-14,
    57.632071146379));
#1075 = CARTESIAN_POINT('',(-303.9785588779,-5.684341886081E-14,
    57.170336514519));
#1076 = CARTESIAN_POINT('',(-302.7813511055,-5.684341886081E-14,
    56.362828395955));
#1077 = PCURVE('',#602,#1078);
#1078 = DEFINITIONAL_REPRESENTATION('',(#1079),#1082);
#1079 = B_SPLINE_CURVE_WITH_KNOTS('',1,(#1080,#1081),.UNSPECIFIED.,.F.,
  .F.,(2,2),(0.,1.),.PIECEWISE_BEZIER_KNOTS.);
#1080 = CARTESIAN_POINT('',(0.,0.));
#1081 = CARTESIAN_POINT('',(1.,0.));
#1082 = ( GEOMETRIC_REPRESENTATION_CONTEXT(2) 
PARAMETRIC_REPRESENTATION_CONTEXT() REPRESENTATION_CONTEXT('2D SPACE',''
  ) );
#1083 = ORIENTED_EDGE('',*,*,#1084,.T.);
#1084 = EDGE_CURVE('',#1066,#679,#1085,.T.);
#1085 = SURFACE_CURVE('',#1086,(#1093,#1099),.PCURVE_S1.);
#1086 = B_SPLINE_CURVE_WITH_KNOTS('',5,(#1087,#1088,#1089,#1090,#1091,
    #1092),.UNSPECIFIED.,.F.,.F.,(6,6),(0.,1.),
  .PIECEWISE_BEZIER_KNOTS.);
#1087 = CARTESIAN_POINT('',(-302.7813511055,-5.684341886081E-14,
    56.362828395955));
#1088 = CARTESIAN_POINT('',(-302.7813511055,4.19688,56.362828395955));
#1089 = CARTESIAN_POINT('',(-302.7813511055,8.39376,56.362828395955));
#1090 = CARTESIAN_POINT('',(-304.5702650618,12.539534268926,
    66.846847069634));
#1091 = CARTESIAN_POINT('',(-304.9107521758,14.280703725804,
    70.958053416571));
#1092 = CARTESIAN_POINT('',(-305.2512342574,15.052570645857,
    75.069260186844));
#1093 = PCURVE('',#602,#1094);
#1094 = DEFINITIONAL_REPRESENTATION('',(#1095),#1098);
#1095 = B_SPLINE_CURVE_WITH_KNOTS('',1,(#1096,#1097),.UNSPECIFIED.,.F.,
  .F.,(2,2),(0.,1.),.PIECEWISE_BEZIER_KNOTS.);
#1096 = CARTESIAN_POINT('',(1.,0.));
#1097 = CARTESIAN_POINT('',(1.,1.));
#1098 = ( GEOMETRIC_REPRESENTATION_CONTEXT(2) 
PARAMETRIC_REPRESENTATION_CONTEXT() REPRESENTATION_CONTEXT('2D SPACE',''
  ) );
#1099 = PCURVE('',#720,#1100);
#1100 = DEFINITIONAL_REPRESENTATION('',(#1101),#1104);
#1101 = B_SPLINE_CURVE_WITH_KNOTS('',1,(#1102,#1103),.UNSPECIFIED.,.F.,
  .F.,(2,2),(0.,1.),.PIECEWISE_BEZIER_KNOTS.);
#1102 = CARTESIAN_POINT('',(0.,0.));
#1103 = CARTESIAN_POINT('',(0.,1.));
#1104 = ( GEOMETRIC_REPRESENTATION_CONTEXT(2) 
PARAMETRIC_REPRESENTATION_CONTEXT() REPRESENTATION_CONTEXT('2D SPACE',''
  ) );
#1105 = ORIENTED_EDGE('',*,*,#678,.T.);
#1106 = ADVANCED_FACE('',(#1107),#720,.T.);
#1107 = FACE_BOUND('',#1108,.T.);
#1108 = EDGE_LOOP('',(#1109,#1110,#1129,#1151));
#1109 = ORIENTED_EDGE('',*,*,#1084,.F.);
#1110 = ORIENTED_EDGE('',*,*,#1111,.T.);
#1111 = EDGE_CURVE('',#1066,#1112,#1114,.T.);
#1112 = VERTEX_POINT('',#1113);
#1113 = CARTESIAN_POINT('',(-284.5889092687,-5.684341886081E-14,
    58.557248992156));
#1114 = SURFACE_CURVE('',#1115,(#1123),.PCURVE_S1.);
#1115 = B_SPLINE_CURVE_WITH_KNOTS('',6,(#1116,#1117,#1118,#1119,#1120,
    #1121,#1122),.UNSPECIFIED.,.F.,.F.,(7,7),(0.,1.),
  .PIECEWISE_BEZIER_KNOTS.);
#1116 = CARTESIAN_POINT('',(-302.7813511055,-5.684341886081E-14,
    56.362828395955));
#1117 = CARTESIAN_POINT('',(-300.0211341611,-5.684341886081E-14,
    54.501081719253));
#1118 = CARTESIAN_POINT('',(-296.7296223332,-5.684341886081E-14,
    53.427040050998));
#1119 = CARTESIAN_POINT('',(-293.1869927854,-5.684341886081E-14,
    53.330257976007));
#1120 = CARTESIAN_POINT('',(-289.7689835826,-5.684341886081E-14,
    54.266650709347));
#1121 = CARTESIAN_POINT('',(-286.8272654683,-5.684341886081E-14,
    56.09256111707));
#1122 = CARTESIAN_POINT('',(-284.5889092687,-5.684341886081E-14,
    58.557248992156));
#1123 = PCURVE('',#720,#1124);
#1124 = DEFINITIONAL_REPRESENTATION('',(#1125),#1128);
#1125 = B_SPLINE_CURVE_WITH_KNOTS('',1,(#1126,#1127),.UNSPECIFIED.,.F.,
  .F.,(2,2),(0.,1.),.PIECEWISE_BEZIER_KNOTS.);
#1126 = CARTESIAN_POINT('',(0.,0.));
#1127 = CARTESIAN_POINT('',(1.,0.));
#1128 = ( GEOMETRIC_REPRESENTATION_CONTEXT(2) 
PARAMETRIC_REPRESENTATION_CONTEXT() REPRESENTATION_CONTEXT('2D SPACE',''
  ) );
#1129 = ORIENTED_EDGE('',*,*,#1130,.T.);
#1130 = EDGE_CURVE('',#1112,#703,#1131,.T.);
#1131 = SURFACE_CURVE('',#1132,(#1139,#1145),.PCURVE_S1.);
#1132 = B_SPLINE_CURVE_WITH_KNOTS('',5,(#1133,#1134,#1135,#1136,#1137,
    #1138),.UNSPECIFIED.,.F.,.F.,(6,6),(0.,1.),
  .PIECEWISE_BEZIER_KNOTS.);
#1133 = CARTESIAN_POINT('',(-284.5889092687,-5.684341886081E-14,
    58.557248992156));
#1134 = CARTESIAN_POINT('',(-284.5889092687,4.19688,58.557248992156));
#1135 = CARTESIAN_POINT('',(-284.5889092687,8.39376,58.557248992156));
#1136 = CARTESIAN_POINT('',(-285.9723342964,12.539557840056,
    69.066513046434));
#1137 = CARTESIAN_POINT('',(-286.2246655646,14.280708950399,
    73.18407132391));
#1138 = CARTESIAN_POINT('',(-286.4769923406,15.052570645857,
    77.301629874709));
#1139 = PCURVE('',#720,#1140);
#1140 = DEFINITIONAL_REPRESENTATION('',(#1141),#1144);
#1141 = B_SPLINE_CURVE_WITH_KNOTS('',1,(#1142,#1143),.UNSPECIFIED.,.F.,
  .F.,(2,2),(0.,1.),.PIECEWISE_BEZIER_KNOTS.);
#1142 = CARTESIAN_POINT('',(1.,0.));
#1143 = CARTESIAN_POINT('',(1.,1.));
#1144 = ( GEOMETRIC_REPRESENTATION_CONTEXT(2) 
PARAMETRIC_REPRESENTATION_CONTEXT() REPRESENTATION_CONTEXT('2D SPACE',''
  ) );
#1145 = PCURVE('',#787,#1146);
#1146 = DEFINITIONAL_REPRESENTATION('',(#1147),#1150);
#1147 = B_SPLINE_CURVE_WITH_KNOTS('',1,(#1148,#1149),.UNSPECIFIED.,.F.,
  .F.,(2,2),(0.,1.),.PIECEWISE_BEZIER_KNOTS.);
#1148 = CARTESIAN_POINT('',(0.,0.));
#1149 = CARTESIAN_POINT('',(0.,1.));
#1150 = ( GEOMETRIC_REPRESENTATION_CONTEXT(2) 
PARAMETRIC_REPRESENTATION_CONTEXT() REPRESENTATION_CONTEXT('2D SPACE',''
  ) );
#1151 = ORIENTED_EDGE('',*,*,#702,.T.);
#1152 = ADVANCED_FACE('',(#1153),#787,.T.);
#1153 = FACE_BOUND('',#1154,.T.);
#1154 = EDGE_LOOP('',(#1155,#1156,#1175,#1197));
#1155 = ORIENTED_EDGE('',*,*,#1130,.F.);
#1156 = ORIENTED_EDGE('',*,*,#1157,.T.);
#1157 = EDGE_CURVE('',#1112,#1158,#1160,.T.);
#1158 = VERTEX_POINT('',#1159);
#1159 = CARTESIAN_POINT('',(-276.580898918,-5.684341886081E-14,
    59.348516850897));
#1160 = SURFACE_CURVE('',#1161,(#1169),.PCURVE_S1.);
#1161 = B_SPLINE_CURVE_WITH_KNOTS('',6,(#1162,#1163,#1164,#1165,#1166,
    #1167,#1168),.UNSPECIFIED.,.F.,.F.,(7,7),(0.,1.),
  .PIECEWISE_BEZIER_KNOTS.);
#1162 = CARTESIAN_POINT('',(-284.5889092687,-5.684341886081E-14,
    58.557248992156));
#1163 = CARTESIAN_POINT('',(-283.6006346731,-5.684341886081E-14,
    59.645453100727));
#1164 = CARTESIAN_POINT('',(-282.2924299309,-5.684341886081E-14,
    60.443106168488));
#1165 = CARTESIAN_POINT('',(-280.77064927,-5.684341886081E-14,
    60.832713222476));
#1166 = CARTESIAN_POINT('',(-279.202047232,-5.684341886081E-14,
    60.748465476701));
#1167 = CARTESIAN_POINT('',(-277.7630330112,-5.684341886081E-14,
    60.22226386457));
#1168 = CARTESIAN_POINT('',(-276.580898918,-5.684341886081E-14,
    59.348516850897));
#1169 = PCURVE('',#787,#1170);
#1170 = DEFINITIONAL_REPRESENTATION('',(#1171),#1174);
#1171 = B_SPLINE_CURVE_WITH_KNOTS('',1,(#1172,#1173),.UNSPECIFIED.,.F.,
  .F.,(2,2),(0.,1.),.PIECEWISE_BEZIER_KNOTS.);
#1172 = CARTESIAN_POINT('',(0.,0.));
#1173 = CARTESIAN_POINT('',(1.,0.));
#1174 = ( GEOMETRIC_REPRESENTATION_CONTEXT(2) 
PARAMETRIC_REPRESENTATION_CONTEXT() REPRESENTATION_CONTEXT('2D SPACE',''
  ) );
#1175 = ORIENTED_EDGE('',*,*,#1176,.T.);
#1176 = EDGE_CURVE('',#1158,#770,#1177,.T.);
#1177 = SURFACE_CURVE('',#1178,(#1185,#1191),.PCURVE_S1.);
#1178 = B_SPLINE_CURVE_WITH_KNOTS('',5,(#1179,#1180,#1181,#1182,#1183,
    #1184),.UNSPECIFIED.,.F.,.F.,(6,6),(0.,1.),
  .PIECEWISE_BEZIER_KNOTS.);
#1179 = CARTESIAN_POINT('',(-276.580898918,-5.684341886081E-14,
    59.348516850897));
#1180 = CARTESIAN_POINT('',(-276.580898918,4.19688,59.348516850897));
#1181 = CARTESIAN_POINT('',(-276.580898918,8.39376,59.348516850897));
#1182 = CARTESIAN_POINT('',(-277.7014502374,12.539526574552,
    69.921281762835));
#1183 = CARTESIAN_POINT('',(-277.9121355851,14.280702020342,
    74.041179606135));
#1184 = CARTESIAN_POINT('',(-278.1228173801,15.052570645857,
    78.161077627233));
#1185 = PCURVE('',#787,#1186);
#1186 = DEFINITIONAL_REPRESENTATION('',(#1187),#1190);
#1187 = B_SPLINE_CURVE_WITH_KNOTS('',1,(#1188,#1189),.UNSPECIFIED.,.F.,
  .F.,(2,2),(0.,1.),.PIECEWISE_BEZIER_KNOTS.);
#1188 = CARTESIAN_POINT('',(1.,0.));
#1189 = CARTESIAN_POINT('',(1.,1.));
#1190 = ( GEOMETRIC_REPRESENTATION_CONTEXT(2) 
PARAMETRIC_REPRESENTATION_CONTEXT() REPRESENTATION_CONTEXT('2D SPACE',''
  ) );
#1191 = PCURVE('',#854,#1192);
#1192 = DEFINITIONAL_REPRESENTATION('',(#1193),#1196);
#1193 = B_SPLINE_CURVE_WITH_KNOTS('',1,(#1194,#1195),.UNSPECIFIED.,.F.,
  .F.,(2,2),(0.,1.),.PIECEWISE_BEZIER_KNOTS.);
#1194 = CARTESIAN_POINT('',(0.,0.));
#1195 = CARTESIAN_POINT('',(0.,1.));
#1196 = ( GEOMETRIC_REPRESENTATION_CONTEXT(2) 
PARAMETRIC_REPRESENTATION_CONTEXT() REPRESENTATION_CONTEXT('2D SPACE',''
  ) );
#1197 = ORIENTED_EDGE('',*,*,#769,.T.);
#1198 = ADVANCED_FACE('',(#1199),#854,.T.);
#1199 = FACE_BOUND('',#1200,.T.);
#1200 = EDGE_LOOP('',(#1201,#1202,#1221,#1243));
#1201 = ORIENTED_EDGE('',*,*,#1176,.F.);
#1202 = ORIENTED_EDGE('',*,*,#1203,.T.);
#1203 = EDGE_CURVE('',#1158,#1204,#1206,.T.);
#1204 = VERTEX_POINT('',#1205);
#1205 = CARTESIAN_POINT('',(-257.093497614,-5.684341886081E-14,
    62.161856404085));
#1206 = SURFACE_CURVE('',#1207,(#1215),.PCURVE_S1.);
#1207 = B_SPLINE_CURVE_WITH_KNOTS('',6,(#1208,#1209,#1210,#1211,#1212,
    #1213,#1214),.UNSPECIFIED.,.F.,.F.,(7,7),(0.,1.),
  .PIECEWISE_BEZIER_KNOTS.);
#1208 = CARTESIAN_POINT('',(-276.580898918,-5.684341886081E-14,
    59.348516850897));
#1209 = CARTESIAN_POINT('',(-273.6541381553,-5.684341886081E-14,
    57.185269473964));
#1210 = CARTESIAN_POINT('',(-270.0525528403,-5.684341886081E-14,
    55.935035055953));
#1211 = CARTESIAN_POINT('',(-266.1306544507,-5.684341886081E-14,
    55.861034584841));
#1212 = CARTESIAN_POINT('',(-262.3898217481,-5.684341886081E-14,
    57.041281180979));
#1213 = CARTESIAN_POINT('',(-259.2889058234,-5.684341886081E-14,
    59.259136269382));
#1214 = CARTESIAN_POINT('',(-257.093497614,-5.684341886081E-14,
    62.161856404085));
#1215 = PCURVE('',#854,#1216);
#1216 = DEFINITIONAL_REPRESENTATION('',(#1217),#1220);
#1217 = B_SPLINE_CURVE_WITH_KNOTS('',1,(#1218,#1219),.UNSPECIFIED.,.F.,
  .F.,(2,2),(0.,1.),.PIECEWISE_BEZIER_KNOTS.);
#1218 = CARTESIAN_POINT('',(0.,0.));
#1219 = CARTESIAN_POINT('',(1.,0.));
#1220 = ( GEOMETRIC_REPRESENTATION_CONTEXT(2) 
PARAMETRIC_REPRESENTATION_CONTEXT() REPRESENTATION_CONTEXT('2D SPACE',''
  ) );
#1221 = ORIENTED_EDGE('',*,*,#1222,.T.);
#1222 = EDGE_CURVE('',#1204,#837,#1223,.T.);
#1223 = SURFACE_CURVE('',#1224,(#1231,#1237),.PCURVE_S1.);
#1224 = B_SPLINE_CURVE_WITH_KNOTS('',5,(#1225,#1226,#1227,#1228,#1229,
    #1230),.UNSPECIFIED.,.F.,.F.,(6,6),(0.,1.),
  .PIECEWISE_BEZIER_KNOTS.);
#1225 = CARTESIAN_POINT('',(-257.093497614,-5.684341886081E-14,
    62.161856404085));
#1226 = CARTESIAN_POINT('',(-257.093497614,4.19688,62.161856404085));
#1227 = CARTESIAN_POINT('',(-257.093497614,8.39376,62.161856404085));
#1228 = CARTESIAN_POINT('',(-257.125288153,12.53937950145,
    71.669194569062));
#1229 = CARTESIAN_POINT('',(-257.2249957922,14.280669421729,
    75.793264717642));
#1230 = CARTESIAN_POINT('',(-257.3247029605,15.052570645857,
    79.917334876873));
#1231 = PCURVE('',#854,#1232);
#1232 = DEFINITIONAL_REPRESENTATION('',(#1233),#1236);
#1233 = B_SPLINE_CURVE_WITH_KNOTS('',1,(#1234,#1235),.UNSPECIFIED.,.F.,
  .F.,(2,2),(0.,1.),.PIECEWISE_BEZIER_KNOTS.);
#1234 = CARTESIAN_POINT('',(1.,0.));
#1235 = CARTESIAN_POINT('',(1.,1.));
#1236 = ( GEOMETRIC_REPRESENTATION_CONTEXT(2) 
PARAMETRIC_REPRESENTATION_CONTEXT() REPRESENTATION_CONTEXT('2D SPACE',''
  ) );
#1237 = PCURVE('',#921,#1238);
#1238 = DEFINITIONAL_REPRESENTATION('',(#1239),#1242);
#1239 = B_SPLINE_CURVE_WITH_KNOTS('',1,(#1240,#1241),.UNSPECIFIED.,.F.,
  .F.,(2,2),(0.,1.),.PIECEWISE_BEZIER_KNOTS.);
#1240 = CARTESIAN_POINT('',(0.,0.));
#1241 = CARTESIAN_POINT('',(0.,1.));
#1242 = ( GEOMETRIC_REPRESENTATION_CONTEXT(2) 
PARAMETRIC_REPRESENTATION_CONTEXT() REPRESENTATION_CONTEXT('2D SPACE',''
  ) );
#1243 = ORIENTED_EDGE('',*,*,#836,.T.);
#1244 = ADVANCED_FACE('',(#1245),#921,.T.);
#1245 = FACE_BOUND('',#1246,.T.);
#1246 = EDGE_LOOP('',(#1247,#1248,#1266,#1288));
#1247 = ORIENTED_EDGE('',*,*,#1222,.F.);
#1248 = ORIENTED_EDGE('',*,*,#1249,.T.);
#1249 = EDGE_CURVE('',#1204,#1250,#1252,.T.);
#1250 = VERTEX_POINT('',#1251);
#1251 = CARTESIAN_POINT('',(-251.1995279408,-5.684341886081E-14,
    65.321242862085));
#1252 = SURFACE_CURVE('',#1253,(#1260),.PCURVE_S1.);
#1253 = B_SPLINE_CURVE_WITH_KNOTS('',5,(#1254,#1255,#1256,#1257,#1258,
    #1259),.UNSPECIFIED.,.F.,.F.,(6,6),(0.,1.),
  .PIECEWISE_BEZIER_KNOTS.);
#1254 = CARTESIAN_POINT('',(-257.093497614,-5.684341886081E-14,
    62.161856404085));
#1255 = CARTESIAN_POINT('',(-256.261147908,-5.684341886081E-14,
    63.262370759622));
#1256 = CARTESIAN_POINT('',(-255.1915285871,-5.684341886081E-14,
    64.183431486803));
#1257 = CARTESIAN_POINT('',(-253.9359886562,-5.684341886081E-14,
    64.856447480284));
#1258 = CARTESIAN_POINT('',(-252.5768056829,-5.684341886081E-14,
    65.237314910698));
#1259 = CARTESIAN_POINT('',(-251.1995279408,-5.684341886081E-14,
    65.321242862085));
#1260 = PCURVE('',#921,#1261);
#1261 = DEFINITIONAL_REPRESENTATION('',(#1262),#1265);
#1262 = B_SPLINE_CURVE_WITH_KNOTS('',1,(#1263,#1264),.UNSPECIFIED.,.F.,
  .F.,(2,2),(0.,1.),.PIECEWISE_BEZIER_KNOTS.);
#1263 = CARTESIAN_POINT('',(0.,0.));
#1264 = CARTESIAN_POINT('',(1.,0.));
#1265 = ( GEOMETRIC_REPRESENTATION_CONTEXT(2) 
PARAMETRIC_REPRESENTATION_CONTEXT() REPRESENTATION_CONTEXT('2D SPACE',''
  ) );
#1266 = ORIENTED_EDGE('',*,*,#1267,.T.);
#1267 = EDGE_CURVE('',#1250,#904,#1268,.T.);
#1268 = SURFACE_CURVE('',#1269,(#1276,#1282),.PCURVE_S1.);
#1269 = B_SPLINE_CURVE_WITH_KNOTS('',5,(#1270,#1271,#1272,#1273,#1274,
    #1275),.UNSPECIFIED.,.F.,.F.,(6,6),(0.,1.),
  .PIECEWISE_BEZIER_KNOTS.);
#1270 = CARTESIAN_POINT('',(-251.1995279408,-5.684341886081E-14,
    65.321242862085));
#1271 = CARTESIAN_POINT('',(-251.1995279408,4.19688,65.321242862085));
#1272 = CARTESIAN_POINT('',(-251.1995279408,8.39376,65.321242862085));
#1273 = CARTESIAN_POINT('',(-250.6078999155,12.539334710594,
    72.103991303567));
#1274 = CARTESIAN_POINT('',(-250.6700476337,14.280659494033,
    76.228796575521));
#1275 = CARTESIAN_POINT('',(-250.732195541,15.052570645857,
    80.353601844854));
#1276 = PCURVE('',#921,#1277);
#1277 = DEFINITIONAL_REPRESENTATION('',(#1278),#1281);
#1278 = B_SPLINE_CURVE_WITH_KNOTS('',1,(#1279,#1280),.UNSPECIFIED.,.F.,
  .F.,(2,2),(0.,1.),.PIECEWISE_BEZIER_KNOTS.);
#1279 = CARTESIAN_POINT('',(1.,0.));
#1280 = CARTESIAN_POINT('',(1.,1.));
#1281 = ( GEOMETRIC_REPRESENTATION_CONTEXT(2) 
PARAMETRIC_REPRESENTATION_CONTEXT() REPRESENTATION_CONTEXT('2D SPACE',''
  ) );
#1282 = PCURVE('',#982,#1283);
#1283 = DEFINITIONAL_REPRESENTATION('',(#1284),#1287);
#1284 = B_SPLINE_CURVE_WITH_KNOTS('',1,(#1285,#1286),.UNSPECIFIED.,.F.,
  .F.,(2,2),(0.,1.),.PIECEWISE_BEZIER_KNOTS.);
#1285 = CARTESIAN_POINT('',(0.,0.));
#1286 = CARTESIAN_POINT('',(0.,1.));
#1287 = ( GEOMETRIC_REPRESENTATION_CONTEXT(2) 
PARAMETRIC_REPRESENTATION_CONTEXT() REPRESENTATION_CONTEXT('2D SPACE',''
  ) );
#1288 = ORIENTED_EDGE('',*,*,#903,.T.);
#1289 = ADVANCED_FACE('',(#1290),#982,.T.);
#1290 = FACE_BOUND('',#1291,.T.);
#1291 = EDGE_LOOP('',(#1292,#1293,#1311,#1327));
#1292 = ORIENTED_EDGE('',*,*,#1267,.F.);
#1293 = ORIENTED_EDGE('',*,*,#1294,.T.);
#1294 = EDGE_CURVE('',#1250,#1295,#1297,.T.);
#1295 = VERTEX_POINT('',#1296);
#1296 = CARTESIAN_POINT('',(-240.2794647216,-5.684341886081E-14,
    65.903143848203));
#1297 = SURFACE_CURVE('',#1298,(#1305),.PCURVE_S1.);
#1298 = B_SPLINE_CURVE_WITH_KNOTS('',5,(#1299,#1300,#1301,#1302,#1303,
    #1304),.UNSPECIFIED.,.F.,.F.,(6,6),(0.,1.),
  .PIECEWISE_BEZIER_KNOTS.);
#1299 = CARTESIAN_POINT('',(-251.1995279408,-5.684341886081E-14,
    65.321242862085));
#1300 = CARTESIAN_POINT('',(-249.0174973923,-5.684341886081E-14,
    65.454210489608));
#1301 = CARTESIAN_POINT('',(-246.8342506642,-5.684341886081E-14,
    65.579050519714));
#1302 = CARTESIAN_POINT('',(-244.6500128885,-5.684341886081E-14,
    65.695596834671));
#1303 = CARTESIAN_POINT('',(-242.465009197,-5.684341886081E-14,
    65.803683316744));
#1304 = CARTESIAN_POINT('',(-240.2794647216,-5.684341886081E-14,
    65.903143848203));
#1305 = PCURVE('',#982,#1306);
#1306 = DEFINITIONAL_REPRESENTATION('',(#1307),#1310);
#1307 = B_SPLINE_CURVE_WITH_KNOTS('',1,(#1308,#1309),.UNSPECIFIED.,.F.,
  .F.,(2,2),(0.,1.),.PIECEWISE_BEZIER_KNOTS.);
#1308 = CARTESIAN_POINT('',(0.,0.));
#1309 = CARTESIAN_POINT('',(1.,0.));
#1310 = ( GEOMETRIC_REPRESENTATION_CONTEXT(2) 
PARAMETRIC_REPRESENTATION_CONTEXT() REPRESENTATION_CONTEXT('2D SPACE',''
  ) );
#1311 = ORIENTED_EDGE('',*,*,#1312,.T.);
#1312 = EDGE_CURVE('',#1295,#965,#1313,.T.);
#1313 = SURFACE_CURVE('',#1314,(#1321),.PCURVE_S1.);
#1314 = B_SPLINE_CURVE_WITH_KNOTS('',5,(#1315,#1316,#1317,#1318,#1319,
    #1320),.UNSPECIFIED.,.F.,.F.,(6,6),(0.,1.),
  .PIECEWISE_BEZIER_KNOTS.);
#1315 = CARTESIAN_POINT('',(-240.2794647216,-5.684341886081E-14,
    65.903143848203));
#1316 = CARTESIAN_POINT('',(-240.2794647216,4.19688,65.903143848203));
#1317 = CARTESIAN_POINT('',(-240.2794647216,8.39376,65.903143848203));
#1318 = CARTESIAN_POINT('',(-240.2794647216,12.539301613553,
    72.6687497725));
#1319 = CARTESIAN_POINT('',(-240.2794647216,14.280652158265,
    76.794021829779));
#1320 = CARTESIAN_POINT('',(-240.2794647216,15.052570645857,
    80.919293887057));
#1321 = PCURVE('',#982,#1322);
#1322 = DEFINITIONAL_REPRESENTATION('',(#1323),#1326);
#1323 = B_SPLINE_CURVE_WITH_KNOTS('',1,(#1324,#1325),.UNSPECIFIED.,.F.,
  .F.,(2,2),(0.,1.),.PIECEWISE_BEZIER_KNOTS.);
#1324 = CARTESIAN_POINT('',(1.,0.));
#1325 = CARTESIAN_POINT('',(1.,1.));
#1326 = ( GEOMETRIC_REPRESENTATION_CONTEXT(2) 
PARAMETRIC_REPRESENTATION_CONTEXT() REPRESENTATION_CONTEXT('2D SPACE',''
  ) );
#1327 = ORIENTED_EDGE('',*,*,#964,.T.);
#1328 = ( GEOMETRIC_REPRESENTATION_CONTEXT(3) 
GLOBAL_UNCERTAINTY_ASSIGNED_CONTEXT((#1332)) 
GLOBAL_UNIT_ASSIGNED_CONTEXT((#1329,#1330,#1331)) REPRESENTATION_CONTEXT
('Context #1','3D Context with UNIT and UNCERTAINTY') );
#1329 = ( LENGTH_UNIT() NAMED_UNIT(*) SI_UNIT(.MILLI.,.METRE.) );
#1330 = ( NAMED_UNIT(*) PLANE_ANGLE_UNIT() SI_UNIT($,.RADIAN.) );
#1331 = ( NAMED_UNIT(*) SI_UNIT($,.STERADIAN.) SOLID_ANGLE_UNIT() );
#1332 = UNCERTAINTY_MEASURE_WITH_UNIT(LENGTH_MEASURE(1.E-03),#1329,
  'distance_accuracy_value','confusion accuracy');
#1333 = PRODUCT_RELATED_PRODUCT_CATEGORY('part',$,(#7));
ENDSEC;
END-ISO-10303-21;
