ISO-10303-21;
HEADER;
FILE_DESCRIPTION(('Open CASCADE Model'),'2;1');
FILE_NAME('Open CASCADE Shape Model','2026-07-11T20:15:56',('Author'),(
    'Open CASCADE'),'Open CASCADE STEP processor 8.0','Open CASCADE 8.0'
  ,'Unknown');
FILE_SCHEMA(('AUTOMOTIVE_DESIGN { 1 0 10303 214 1 1 1 1 }'));
ENDSEC;
DATA;
#1 = APPLICATION_PROTOCOL_DEFINITION('international standard',
  'automotive_design',2000,#2);
#2 = APPLICATION_CONTEXT(
  'core data for automotive mechanical design processes');
#3 = SHAPE_DEFINITION_REPRESENTATION(#4,#10);
#4 = PRODUCT_DEFINITION_SHAPE('','',#5);
#5 = PRODUCT_DEFINITION('design','',#6,#9);
#6 = PRODUCT_DEFINITION_FORMATION('','',#7);
#7 = PRODUCT('Open CASCADE STEP translator 8.0 1',
  'Open CASCADE STEP translator 8.0 1','',(#8));
#8 = PRODUCT_CONTEXT('',#2,'mechanical');
#9 = PRODUCT_DEFINITION_CONTEXT('part definition',#2,'design');
#10 = ADVANCED_BREP_SHAPE_REPRESENTATION('',(#11,#15),#1959);
#11 = AXIS2_PLACEMENT_3D('',#12,#13,#14);
#12 = CARTESIAN_POINT('',(0.,0.,0.));
#13 = DIRECTION('',(0.,0.,1.));
#14 = DIRECTION('',(1.,0.,-0.));
#15 = MANIFOLD_SOLID_BREP('',#16);
#16 = CLOSED_SHELL('',(#17,#147,#445,#626,#939,#1065,#1359,#1588,#1798,
    #1814,#1904,#1954));
#17 = ADVANCED_FACE('',(#18),#40,.F.);
#18 = FACE_BOUND('',#19,.F.);
#19 = EDGE_LOOP('',(#20,#88));
#20 = ORIENTED_EDGE('',*,*,#21,.F.);
#21 = EDGE_CURVE('',#22,#24,#26,.T.);
#22 = VERTEX_POINT('',#23);
#23 = CARTESIAN_POINT('',(158.48528137423,700.,58.485281374239));
#24 = VERTEX_POINT('',#25);
#25 = CARTESIAN_POINT('',(141.51471862576,700.,41.514718625762));
#26 = SURFACE_CURVE('',#27,(#39,#59),.PCURVE_S1.);
#27 = B_SPLINE_CURVE_WITH_KNOTS('',10,(#28,#29,#30,#31,#32,#33,#34,#35,
    #36,#37,#38),.UNSPECIFIED.,.F.,.F.,(11,11),(0.,1.),
  .PIECEWISE_BEZIER_KNOTS.);
#28 = CARTESIAN_POINT('',(158.48528137423,700.,58.485281374239));
#29 = CARTESIAN_POINT('',(156.94622157804,703.07811959238,
    60.024341170433));
#30 = CARTESIAN_POINT('',(154.47664655523,706.15623918477,
    60.632885740009));
#31 = CARTESIAN_POINT('',(151.2875272966,708.81241679555,60.099944092159
    ));
#32 = CARTESIAN_POINT('',(147.75383152826,710.6247104431,58.378541971363
    ));
#33 = CARTESIAN_POINT('',(144.36483473139,711.27033053721,
    55.635165268607));
#34 = CARTESIAN_POINT('',(141.62145802863,710.6247104431,52.24616847174)
  );
#35 = CARTESIAN_POINT('',(139.90005590784,708.81241679555,
    48.712472703393));
#36 = CARTESIAN_POINT('',(139.36711425999,706.15623918477,
    45.523353444768));
#37 = CARTESIAN_POINT('',(139.97565882956,703.07811959238,
    43.053778421956));
#38 = CARTESIAN_POINT('',(141.51471862576,700.,41.514718625761));
#39 = PCURVE('',#40,#45);
#40 = B_SPLINE_SURFACE_WITH_KNOTS('',1,1,(
    (#41,#42)
    ,(#43,#44)),.UNSPECIFIED.,.F.,.F.,.F.,(2,2),(2,2),(0.,1.),(0.,1.),
  .PIECEWISE_BEZIER_KNOTS.);
#41 = CARTESIAN_POINT('',(135.87955335716,711.27033053723,
    47.149883894368));
#42 = CARTESIAN_POINT('',(147.14988389434,688.72966946278,
    35.879553357159));
#43 = CARTESIAN_POINT('',(152.85011610566,711.27033053721,
    64.120446642841));
#44 = CARTESIAN_POINT('',(164.12044664283,688.72966946276,
    52.850116105632));
#45 = DEFINITIONAL_REPRESENTATION('',(#46),#58);
#46 = B_SPLINE_CURVE_WITH_KNOTS('',10,(#47,#48,#49,#50,#51,#52,#53,#54,
    #55,#56,#57),.UNSPECIFIED.,.F.,.F.,(11,11),(0.,1.),
  .PIECEWISE_BEZIER_KNOTS.);
#47 = CARTESIAN_POINT('',(1.,0.5));
#48 = CARTESIAN_POINT('',(0.999999999999,0.363441467744));
#49 = CARTESIAN_POINT('',(0.945168864437,0.226882935489));
#50 = CARTESIAN_POINT('',(0.835506593314,0.10904355172));
#51 = CARTESIAN_POINT('',(0.68067678693,2.864246492088E-02));
#52 = CARTESIAN_POINT('',(0.499999999998,5.071498776488E-13));
#53 = CARTESIAN_POINT('',(0.319323213067,2.864246492119E-02));
#54 = CARTESIAN_POINT('',(0.164493406684,0.10904355172));
#55 = CARTESIAN_POINT('',(5.483113556089E-02,0.22688293549));
#56 = CARTESIAN_POINT('',(-2.739961035836E-13,0.363441467745));
#57 = CARTESIAN_POINT('',(1.548344785718E-13,0.5));
#58 = ( GEOMETRIC_REPRESENTATION_CONTEXT(2) 
PARAMETRIC_REPRESENTATION_CONTEXT() REPRESENTATION_CONTEXT('2D SPACE',''
  ) );
#59 = PCURVE('',#60,#83);
#60 = B_SPLINE_SURFACE_WITH_KNOTS('',10,1,(
    (#61,#62)
    ,(#63,#64)
    ,(#65,#66)
    ,(#67,#68)
    ,(#69,#70)
    ,(#71,#72)
    ,(#73,#74)
    ,(#75,#76)
    ,(#77,#78)
    ,(#79,#80)
    ,(#81,#82)),.UNSPECIFIED.,.F.,.F.,.F.,(11,11),(2,2),(0.,1.),(0.,1.),
  .PIECEWISE_BEZIER_KNOTS.);
#61 = CARTESIAN_POINT('',(158.48528137423,700.,58.485281374239));
#62 = CARTESIAN_POINT('',(208.48528137423,750.,8.485281374239));
#63 = CARTESIAN_POINT('',(156.94622157804,703.07811959238,
    60.024341170433));
#64 = CARTESIAN_POINT('',(206.94622157804,753.07811959238,
    10.024341170433));
#65 = CARTESIAN_POINT('',(154.47664655523,706.15623918477,
    60.632885740009));
#66 = CARTESIAN_POINT('',(204.47664655523,756.15623918477,
    10.632885740009));
#67 = CARTESIAN_POINT('',(151.2875272966,708.81241679555,60.099944092159
    ));
#68 = CARTESIAN_POINT('',(201.2875272966,758.81241679555,10.099944092159
    ));
#69 = CARTESIAN_POINT('',(147.75383152826,710.6247104431,58.378541971363
    ));
#70 = CARTESIAN_POINT('',(197.75383152826,760.6247104431,8.378541971363)
  );
#71 = CARTESIAN_POINT('',(144.36483473139,711.27033053721,
    55.635165268607));
#72 = CARTESIAN_POINT('',(194.36483473139,761.27033053721,5.635165268607
    ));
#73 = CARTESIAN_POINT('',(141.62145802863,710.6247104431,52.24616847174)
  );
#74 = CARTESIAN_POINT('',(191.62145802863,760.6247104431,2.24616847174)
  );
#75 = CARTESIAN_POINT('',(139.90005590784,708.81241679555,
    48.712472703393));
#76 = CARTESIAN_POINT('',(189.90005590784,758.81241679555,
    -1.287527296607));
#77 = CARTESIAN_POINT('',(139.36711425999,706.15623918477,
    45.523353444768));
#78 = CARTESIAN_POINT('',(189.36711425999,756.15623918477,
    -4.476646555232));
#79 = CARTESIAN_POINT('',(139.97565882956,703.07811959238,
    43.053778421956));
#80 = CARTESIAN_POINT('',(189.97565882956,753.07811959238,
    -6.946221578044));
#81 = CARTESIAN_POINT('',(141.51471862576,700.,41.514718625761));
#82 = CARTESIAN_POINT('',(191.51471862576,750.,-8.485281374239));
#83 = DEFINITIONAL_REPRESENTATION('',(#84),#87);
#84 = B_SPLINE_CURVE_WITH_KNOTS('',1,(#85,#86),.UNSPECIFIED.,.F.,.F.,(2,
    2),(0.,1.),.PIECEWISE_BEZIER_KNOTS.);
#85 = CARTESIAN_POINT('',(0.,0.));
#86 = CARTESIAN_POINT('',(1.,0.));
#87 = ( GEOMETRIC_REPRESENTATION_CONTEXT(2) 
PARAMETRIC_REPRESENTATION_CONTEXT() REPRESENTATION_CONTEXT('2D SPACE',''
  ) );
#88 = ORIENTED_EDGE('',*,*,#89,.F.);
#89 = EDGE_CURVE('',#24,#22,#90,.T.);
#90 = SURFACE_CURVE('',#91,(#103,#118),.PCURVE_S1.);
#91 = B_SPLINE_CURVE_WITH_KNOTS('',10,(#92,#93,#94,#95,#96,#97,#98,#99,
    #100,#101,#102),.UNSPECIFIED.,.F.,.F.,(11,11),(0.,1.),
  .PIECEWISE_BEZIER_KNOTS.);
#92 = CARTESIAN_POINT('',(141.51471862576,700.,41.514718625761));
#93 = CARTESIAN_POINT('',(143.05377842195,696.92188040761,
    39.975658829567));
#94 = CARTESIAN_POINT('',(145.52335344476,693.84376081522,
    39.367114259991));
#95 = CARTESIAN_POINT('',(148.71247270339,691.18758320444,
    39.900055907841));
#96 = CARTESIAN_POINT('',(152.24616847174,689.37528955689,
    41.621458028637));
#97 = CARTESIAN_POINT('',(155.6351652686,688.72966946278,44.364834731393
    ));
#98 = CARTESIAN_POINT('',(158.37854197136,689.37528955689,47.75383152826
    ));
#99 = CARTESIAN_POINT('',(160.09994409215,691.18758320444,
    51.287527296607));
#100 = CARTESIAN_POINT('',(160.63288574,693.84376081522,54.476646555232)
  );
#101 = CARTESIAN_POINT('',(160.02434117043,696.92188040761,
    56.946221578044));
#102 = CARTESIAN_POINT('',(158.48528137423,700.,58.485281374239));
#103 = PCURVE('',#40,#104);
#104 = DEFINITIONAL_REPRESENTATION('',(#105),#117);
#105 = B_SPLINE_CURVE_WITH_KNOTS('',10,(#106,#107,#108,#109,#110,#111,
    #112,#113,#114,#115,#116),.UNSPECIFIED.,.F.,.F.,(11,11),(0.,1.),
  .PIECEWISE_BEZIER_KNOTS.);
#106 = CARTESIAN_POINT('',(1.594969221655E-13,0.5));
#107 = CARTESIAN_POINT('',(5.892439314259E-13,0.636558532256));
#108 = CARTESIAN_POINT('',(5.483113556261E-02,0.773117064511));
#109 = CARTESIAN_POINT('',(0.164493406686,0.89095644828));
#110 = CARTESIAN_POINT('',(0.31932321307,0.971357535079));
#111 = CARTESIAN_POINT('',(0.500000000002,0.999999999999));
#112 = CARTESIAN_POINT('',(0.680676786933,0.971357535079));
#113 = CARTESIAN_POINT('',(0.835506593316,0.89095644828));
#114 = CARTESIAN_POINT('',(0.945168864439,0.77311706451));
#115 = CARTESIAN_POINT('',(1.,0.636558532255));
#116 = CARTESIAN_POINT('',(1.,0.5));
#117 = ( GEOMETRIC_REPRESENTATION_CONTEXT(2) 
PARAMETRIC_REPRESENTATION_CONTEXT() REPRESENTATION_CONTEXT('2D SPACE',''
  ) );
#118 = PCURVE('',#119,#142);
#119 = B_SPLINE_SURFACE_WITH_KNOTS('',10,1,(
    (#120,#121)
    ,(#122,#123)
    ,(#124,#125)
    ,(#126,#127)
    ,(#128,#129)
    ,(#130,#131)
    ,(#132,#133)
    ,(#134,#135)
    ,(#136,#137)
    ,(#138,#139)
    ,(#140,#141
    )),.UNSPECIFIED.,.F.,.F.,.F.,(11,11),(2,2),(0.,1.),(0.,1.),
  .PIECEWISE_BEZIER_KNOTS.);
#120 = CARTESIAN_POINT('',(141.51471862576,700.,41.514718625761));
#121 = CARTESIAN_POINT('',(191.51471862576,750.,-8.485281374239));
#122 = CARTESIAN_POINT('',(143.05377842195,696.92188040761,
    39.975658829567));
#123 = CARTESIAN_POINT('',(193.05377842195,746.92188040761,
    -10.02434117043));
#124 = CARTESIAN_POINT('',(145.52335344476,693.84376081522,
    39.367114259991));
#125 = CARTESIAN_POINT('',(195.52335344476,743.84376081522,-10.63288574)
  );
#126 = CARTESIAN_POINT('',(148.71247270339,691.18758320444,
    39.900055907841));
#127 = CARTESIAN_POINT('',(198.71247270339,741.18758320444,
    -10.09994409215));
#128 = CARTESIAN_POINT('',(152.24616847174,689.37528955689,
    41.621458028637));
#129 = CARTESIAN_POINT('',(202.24616847174,739.37528955689,
    -8.378541971363));
#130 = CARTESIAN_POINT('',(155.6351652686,688.72966946278,
    44.364834731393));
#131 = CARTESIAN_POINT('',(205.6351652686,738.72966946278,
    -5.635165268607));
#132 = CARTESIAN_POINT('',(158.37854197136,689.37528955689,
    47.75383152826));
#133 = CARTESIAN_POINT('',(208.37854197136,739.37528955689,
    -2.24616847174));
#134 = CARTESIAN_POINT('',(160.09994409215,691.18758320444,
    51.287527296607));
#135 = CARTESIAN_POINT('',(210.09994409215,741.18758320444,
    1.287527296607));
#136 = CARTESIAN_POINT('',(160.63288574,693.84376081522,54.476646555232)
  );
#137 = CARTESIAN_POINT('',(210.63288574,743.84376081522,4.476646555232)
  );
#138 = CARTESIAN_POINT('',(160.02434117043,696.92188040761,
    56.946221578044));
#139 = CARTESIAN_POINT('',(210.02434117043,746.92188040761,
    6.946221578044));
#140 = CARTESIAN_POINT('',(158.48528137423,700.,58.485281374239));
#141 = CARTESIAN_POINT('',(208.48528137423,750.,8.485281374239));
#142 = DEFINITIONAL_REPRESENTATION('',(#143),#146);
#143 = B_SPLINE_CURVE_WITH_KNOTS('',1,(#144,#145),.UNSPECIFIED.,.F.,.F.,
  (2,2),(0.,1.),.PIECEWISE_BEZIER_KNOTS.);
#144 = CARTESIAN_POINT('',(0.,0.));
#145 = CARTESIAN_POINT('',(1.,0.));
#146 = ( GEOMETRIC_REPRESENTATION_CONTEXT(2) 
PARAMETRIC_REPRESENTATION_CONTEXT() REPRESENTATION_CONTEXT('2D SPACE',''
  ) );
#147 = ADVANCED_FACE('',(#148),#60,.F.);
#148 = FACE_BOUND('',#149,.F.);
#149 = EDGE_LOOP('',(#150,#198,#239,#280,#326,#367,#408,#426,#427));
#150 = ORIENTED_EDGE('',*,*,#151,.T.);
#151 = EDGE_CURVE('',#152,#154,#156,.T.);
#152 = VERTEX_POINT('',#153);
#153 = CARTESIAN_POINT('',(150.,708.48528137423,33.029437251523));
#154 = VERTEX_POINT('',#155);
#155 = CARTESIAN_POINT('',(150.,713.72185813704,34.491358156848));
#156 = SURFACE_CURVE('',#157,(#167,#180),.PCURVE_S1.);
#157 = B_SPLINE_CURVE_WITH_KNOTS('',8,(#158,#159,#160,#161,#162,#163,
    #164,#165,#166),.UNSPECIFIED.,.F.,.F.,(9,9),(0.,1.),
  .PIECEWISE_BEZIER_KNOTS.);
#158 = CARTESIAN_POINT('',(150.,708.48528137423,33.029437251523));
#159 = CARTESIAN_POINT('',(150.,709.12998376537,33.029437251523));
#160 = CARTESIAN_POINT('',(150.,709.77719363294,33.066766666036));
#161 = CARTESIAN_POINT('',(150.,710.43002140673,33.145650382388));
#162 = CARTESIAN_POINT('',(150.,711.08921997818,33.272968660112));
#163 = CARTESIAN_POINT('',(150.,711.75331419949,33.457106604298));
#164 = CARTESIAN_POINT('',(150.,712.41823665195,33.710579574728));
#165 = CARTESIAN_POINT('',(150.,713.0775994388,34.046773110085));
#166 = CARTESIAN_POINT('',(150.,713.72185813704,34.491358156848));
#167 = PCURVE('',#60,#168);
#168 = DEFINITIONAL_REPRESENTATION('',(#169),#179);
#169 = B_SPLINE_CURVE_WITH_KNOTS('',8,(#170,#171,#172,#173,#174,#175,
    #176,#177,#178),.UNSPECIFIED.,.F.,.F.,(9,9),(0.,1.),
  .PIECEWISE_BEZIER_KNOTS.);
#170 = CARTESIAN_POINT('',(1.,0.169705627485));
#171 = CARTESIAN_POINT('',(0.986036877997,0.174003643426));
#172 = CARTESIAN_POINT('',(0.971615105433,0.178069513113));
#173 = CARTESIAN_POINT('',(0.956581368406,0.181895806829));
#174 = CARTESIAN_POINT('',(0.940789900317,0.185441675454));
#175 = CARTESIAN_POINT('',(0.924113820015,0.188641383968));
#176 = CARTESIAN_POINT('',(0.906384668364,0.191384380515));
#177 = CARTESIAN_POINT('',(0.887446679978,0.193538842191));
#178 = CARTESIAN_POINT('',(0.866909539775,0.194869999868));
#179 = ( GEOMETRIC_REPRESENTATION_CONTEXT(2) 
PARAMETRIC_REPRESENTATION_CONTEXT() REPRESENTATION_CONTEXT('2D SPACE',''
  ) );
#180 = PCURVE('',#181,#186);
#181 = B_SPLINE_SURFACE_WITH_KNOTS('',1,1,(
    (#182,#183)
    ,(#184,#185)),.UNSPECIFIED.,.F.,.F.,.F.,(2,2),(2,2),(0.,1.),(0.,1.),
  .PIECEWISE_BEZIER_KNOTS.);
#182 = CARTESIAN_POINT('',(150.,700.,0.));
#183 = CARTESIAN_POINT('',(150.,700.,50.));
#184 = CARTESIAN_POINT('',(150.,750.,0.));
#185 = CARTESIAN_POINT('',(150.,750.,50.));
#186 = DEFINITIONAL_REPRESENTATION('',(#187),#197);
#187 = B_SPLINE_CURVE_WITH_KNOTS('',8,(#188,#189,#190,#191,#192,#193,
    #194,#195,#196),.UNSPECIFIED.,.F.,.F.,(9,9),(0.,1.),
  .PIECEWISE_BEZIER_KNOTS.);
#188 = CARTESIAN_POINT('',(0.169705627485,0.66058874503));
#189 = CARTESIAN_POINT('',(0.182599675307,0.66058874503));
#190 = CARTESIAN_POINT('',(0.195543872659,0.661335333321));
#191 = CARTESIAN_POINT('',(0.208600428135,0.662913007648));
#192 = CARTESIAN_POINT('',(0.221784399564,0.665459373202));
#193 = CARTESIAN_POINT('',(0.23506628399,0.669142132086));
#194 = CARTESIAN_POINT('',(0.248364733039,0.674211591495));
#195 = CARTESIAN_POINT('',(0.261551988776,0.680935462202));
#196 = CARTESIAN_POINT('',(0.274437162741,0.689827163137));
#197 = ( GEOMETRIC_REPRESENTATION_CONTEXT(2) 
PARAMETRIC_REPRESENTATION_CONTEXT() REPRESENTATION_CONTEXT('2D SPACE',''
  ) );
#198 = ORIENTED_EDGE('',*,*,#199,.T.);
#199 = EDGE_CURVE('',#154,#200,#202,.T.);
#200 = VERTEX_POINT('',#201);
#201 = CARTESIAN_POINT('',(150.,716.93792036063,42.442041114125));
#202 = SURFACE_CURVE('',#203,(#213,#226),.PCURVE_S1.);
#203 = B_SPLINE_CURVE_WITH_KNOTS('',8,(#204,#205,#206,#207,#208,#209,
    #210,#211,#212),.UNSPECIFIED.,.F.,.F.,(9,9),(0.,1.),
  .PIECEWISE_BEZIER_KNOTS.);
#204 = CARTESIAN_POINT('',(150.,713.72185813704,34.491358156848));
#205 = CARTESIAN_POINT('',(150.,714.45567954276,34.997747942303));
#206 = CARTESIAN_POINT('',(150.,715.21320154357,35.674654167758));
#207 = CARTESIAN_POINT('',(150.,715.90071591207,36.537154058084));
#208 = CARTESIAN_POINT('',(150.,716.44773809993,37.579156503867));
#209 = CARTESIAN_POINT('',(150.,716.81730471962,38.763073652612));
#210 = CARTESIAN_POINT('',(150.,716.99763462904,40.029896353996));
#211 = CARTESIAN_POINT('',(150.,717.01747394483,41.292932329976));
#212 = CARTESIAN_POINT('',(150.,716.93792036063,42.442041114125));
#213 = PCURVE('',#60,#214);
#214 = DEFINITIONAL_REPRESENTATION('',(#215),#225);
#215 = B_SPLINE_CURVE_WITH_KNOTS('',8,(#216,#217,#218,#219,#220,#221,
    #222,#223,#224),.UNSPECIFIED.,.F.,.F.,(9,9),(0.,1.),
  .PIECEWISE_BEZIER_KNOTS.);
#216 = CARTESIAN_POINT('',(0.866909539775,0.194869999868));
#217 = CARTESIAN_POINT('',(0.843517394454,0.19638621067));
#218 = CARTESIAN_POINT('',(0.816669486001,0.196923649172));
#219 = CARTESIAN_POINT('',(0.787768404034,0.195757079027));
#220 = CARTESIAN_POINT('',(0.757867596999,0.192457210641));
#221 = CARTESIAN_POINT('',(0.727820720667,0.187028207113));
#222 = CARTESIAN_POINT('',(0.698490366158,0.179784921834));
#223 = CARTESIAN_POINT('',(0.670995934736,0.171496944099));
#224 = CARTESIAN_POINT('',(0.646923452314,0.163305861643));
#225 = ( GEOMETRIC_REPRESENTATION_CONTEXT(2) 
PARAMETRIC_REPRESENTATION_CONTEXT() REPRESENTATION_CONTEXT('2D SPACE',''
  ) );
#226 = PCURVE('',#181,#227);
#227 = DEFINITIONAL_REPRESENTATION('',(#228),#238);
#228 = B_SPLINE_CURVE_WITH_KNOTS('',8,(#229,#230,#231,#232,#233,#234,
    #235,#236,#237),.UNSPECIFIED.,.F.,.F.,(9,9),(0.,1.),
  .PIECEWISE_BEZIER_KNOTS.);
#229 = CARTESIAN_POINT('',(0.274437162741,0.689827163137));
#230 = CARTESIAN_POINT('',(0.289113590855,0.699954958846));
#231 = CARTESIAN_POINT('',(0.304264030871,0.713493083355));
#232 = CARTESIAN_POINT('',(0.318014318242,0.730743081162));
#233 = CARTESIAN_POINT('',(0.328954761999,0.751583130077));
#234 = CARTESIAN_POINT('',(0.336346094393,0.775261473052));
#235 = CARTESIAN_POINT('',(0.339952692581,0.80059792708));
#236 = CARTESIAN_POINT('',(0.340349478897,0.8258586466));
#237 = CARTESIAN_POINT('',(0.338758407213,0.848840822282));
#238 = ( GEOMETRIC_REPRESENTATION_CONTEXT(2) 
PARAMETRIC_REPRESENTATION_CONTEXT() REPRESENTATION_CONTEXT('2D SPACE',''
  ) );
#239 = ORIENTED_EDGE('',*,*,#240,.T.);
#240 = EDGE_CURVE('',#200,#241,#243,.T.);
#241 = VERTEX_POINT('',#242);
#242 = CARTESIAN_POINT('',(150.,714.6969320765,50.));
#243 = SURFACE_CURVE('',#244,(#254,#267),.PCURVE_S1.);
#244 = B_SPLINE_CURVE_WITH_KNOTS('',8,(#245,#246,#247,#248,#249,#250,
    #251,#252,#253),.UNSPECIFIED.,.F.,.F.,(9,9),(0.,1.),
  .PIECEWISE_BEZIER_KNOTS.);
#245 = CARTESIAN_POINT('',(150.,716.93792036063,42.442041114125));
#246 = CARTESIAN_POINT('',(150.,716.86174926638,43.542291648212));
#247 = CARTESIAN_POINT('',(150.,716.69054723389,44.594705690897));
#248 = CARTESIAN_POINT('',(150.,716.45312001919,45.601737894692));
#249 = CARTESIAN_POINT('',(150.,716.16475631995,46.561636073721));
#250 = CARTESIAN_POINT('',(150.,715.83900738264,47.476673929062));
#251 = CARTESIAN_POINT('',(150.,715.48339155823,48.350269694239));
#252 = CARTESIAN_POINT('',(150.,715.10260139714,49.188661358708));
#253 = CARTESIAN_POINT('',(150.,714.6969320765,50.));
#254 = PCURVE('',#60,#255);
#255 = DEFINITIONAL_REPRESENTATION('',(#256),#266);
#256 = B_SPLINE_CURVE_WITH_KNOTS('',8,(#257,#258,#259,#260,#261,#262,
    #263,#264,#265),.UNSPECIFIED.,.F.,.F.,(9,9),(0.,1.),
  .PIECEWISE_BEZIER_KNOTS.);
#257 = CARTESIAN_POINT('',(0.646923452314,0.163305861643));
#258 = CARTESIAN_POINT('',(0.623874492976,0.155463050788));
#259 = CARTESIAN_POINT('',(0.602776092195,0.147305610287));
#260 = CARTESIAN_POINT('',(0.583114329747,0.139009214163));
#261 = CARTESIAN_POINT('',(0.564721086136,0.130687468308));
#262 = CARTESIAN_POINT('',(0.547381174883,0.122415556357));
#263 = CARTESIAN_POINT('',(0.53094358454,0.114220812427));
#264 = CARTESIAN_POINT('',(0.515217978385,0.10609293359));
#265 = CARTESIAN_POINT('',(0.5,9.797954717667E-02));
#266 = ( GEOMETRIC_REPRESENTATION_CONTEXT(2) 
PARAMETRIC_REPRESENTATION_CONTEXT() REPRESENTATION_CONTEXT('2D SPACE',''
  ) );
#267 = PCURVE('',#181,#268);
#268 = DEFINITIONAL_REPRESENTATION('',(#269),#279);
#269 = B_SPLINE_CURVE_WITH_KNOTS('',8,(#270,#271,#272,#273,#274,#275,
    #276,#277,#278),.UNSPECIFIED.,.F.,.F.,(9,9),(0.,1.),
  .PIECEWISE_BEZIER_KNOTS.);
#270 = CARTESIAN_POINT('',(0.338758407213,0.848840822282));
#271 = CARTESIAN_POINT('',(0.337234985328,0.870845832964));
#272 = CARTESIAN_POINT('',(0.333810944678,0.891894113818));
#273 = CARTESIAN_POINT('',(0.329062400384,0.912034757894));
#274 = CARTESIAN_POINT('',(0.323295126399,0.931232721474));
#275 = CARTESIAN_POINT('',(0.316780147653,0.949533478581));
#276 = CARTESIAN_POINT('',(0.309667831165,0.967005393885));
#277 = CARTESIAN_POINT('',(0.302052027943,0.983773227174));
#278 = CARTESIAN_POINT('',(0.29393864153,1.));
#279 = ( GEOMETRIC_REPRESENTATION_CONTEXT(2) 
PARAMETRIC_REPRESENTATION_CONTEXT() REPRESENTATION_CONTEXT('2D SPACE',''
  ) );
#280 = ORIENTED_EDGE('',*,*,#281,.T.);
#281 = EDGE_CURVE('',#241,#282,#284,.T.);
#282 = VERTEX_POINT('',#283);
#283 = CARTESIAN_POINT('',(157.32606440996,716.91996879528,50.));
#284 = SURFACE_CURVE('',#285,(#295,#308),.PCURVE_S1.);
#285 = B_SPLINE_CURVE_WITH_KNOTS('',8,(#286,#287,#288,#289,#290,#291,
    #292,#293,#294),.UNSPECIFIED.,.F.,.F.,(9,9),(0.,1.),
  .PIECEWISE_BEZIER_KNOTS.);
#286 = CARTESIAN_POINT('',(150.,714.6969320765,50.));
#287 = CARTESIAN_POINT('',(150.78943014257,715.09164714778,50.));
#288 = CARTESIAN_POINT('',(151.60515617884,715.46315318238,50.));
#289 = CARTESIAN_POINT('',(152.45420420135,715.81081137529,50.));
#290 = CARTESIAN_POINT('',(153.34200793495,716.13027231236,50.));
#291 = CARTESIAN_POINT('',(154.27169498091,716.41469347592,50.));
#292 = CARTESIAN_POINT('',(155.2455459137,716.65216038381,50.));
#293 = CARTESIAN_POINT('',(156.26261853799,716.82900787472,50.));
#294 = CARTESIAN_POINT('',(157.32606440996,716.91996879528,50.));
#295 = PCURVE('',#60,#296);
#296 = DEFINITIONAL_REPRESENTATION('',(#297),#307);
#297 = B_SPLINE_CURVE_WITH_KNOTS('',8,(#298,#299,#300,#301,#302,#303,
    #304,#305,#306),.UNSPECIFIED.,.F.,.F.,(9,9),(0.,1.),
  .PIECEWISE_BEZIER_KNOTS.);
#298 = CARTESIAN_POINT('',(0.5,9.797954717667E-02));
#299 = CARTESIAN_POINT('',(0.485192951211,0.105873848602));
#300 = CARTESIAN_POINT('',(0.469892526058,0.113788729075));
#301 = CARTESIAN_POINT('',(0.453919286016,0.121766770511));
#302 = CARTESIAN_POINT('',(0.437104586597,0.129815201649));
#303 = CARTESIAN_POINT('',(0.41930934251,0.137909256379));
#304 = CARTESIAN_POINT('',(0.400338615715,0.14598470865));
#305 = CARTESIAN_POINT('',(0.380029618342,0.153944176085));
#306 = CARTESIAN_POINT('',(0.357916350653,0.161640221368));
#307 = ( GEOMETRIC_REPRESENTATION_CONTEXT(2) 
PARAMETRIC_REPRESENTATION_CONTEXT() REPRESENTATION_CONTEXT('2D SPACE',''
  ) );
#308 = PCURVE('',#309,#314);
#309 = B_SPLINE_SURFACE_WITH_KNOTS('',1,1,(
    (#310,#311)
    ,(#312,#313)),.UNSPECIFIED.,.F.,.F.,.F.,(2,2),(2,2),(0.,1.),(0.,1.),
  .PIECEWISE_BEZIER_KNOTS.);
#310 = CARTESIAN_POINT('',(150.,700.,50.));
#311 = CARTESIAN_POINT('',(200.,700.,50.));
#312 = CARTESIAN_POINT('',(150.,750.,50.));
#313 = CARTESIAN_POINT('',(200.,750.,50.));
#314 = DEFINITIONAL_REPRESENTATION('',(#315),#325);
#315 = B_SPLINE_CURVE_WITH_KNOTS('',8,(#316,#317,#318,#319,#320,#321,
    #322,#323,#324),.UNSPECIFIED.,.F.,.F.,(9,9),(0.,1.),
  .PIECEWISE_BEZIER_KNOTS.);
#316 = CARTESIAN_POINT('',(0.29393864153,0.));
#317 = CARTESIAN_POINT('',(0.301832942956,1.578860285144E-02));
#318 = CARTESIAN_POINT('',(0.309263063648,3.210312357682E-02));
#319 = CARTESIAN_POINT('',(0.316216227506,4.908408402707E-02));
#320 = CARTESIAN_POINT('',(0.322605446247,6.684015869903E-02));
#321 = CARTESIAN_POINT('',(0.328293869518,8.543389961822E-02));
#322 = CARTESIAN_POINT('',(0.333043207676,0.104910918274));
#323 = CARTESIAN_POINT('',(0.336580157495,0.12525237076));
#324 = CARTESIAN_POINT('',(0.338399375906,0.146521288199));
#325 = ( GEOMETRIC_REPRESENTATION_CONTEXT(2) 
PARAMETRIC_REPRESENTATION_CONTEXT() REPRESENTATION_CONTEXT('2D SPACE',''
  ) );
#326 = ORIENTED_EDGE('',*,*,#327,.T.);
#327 = EDGE_CURVE('',#282,#328,#330,.T.);
#328 = VERTEX_POINT('',#329);
#329 = CARTESIAN_POINT('',(165.48356404095,713.75796120997,50.));
#330 = SURFACE_CURVE('',#331,(#341,#354),.PCURVE_S1.);
#331 = B_SPLINE_CURVE_WITH_KNOTS('',8,(#332,#333,#334,#335,#336,#337,
    #338,#339,#340),.UNSPECIFIED.,.F.,.F.,(9,9),(0.,1.),
  .PIECEWISE_BEZIER_KNOTS.);
#332 = CARTESIAN_POINT('',(157.32606440996,716.91996879528,50.));
#333 = CARTESIAN_POINT('',(158.48488362892,717.01908739238,50.));
#334 = CARTESIAN_POINT('',(159.76895980315,717.02221852352,50.));
#335 = CARTESIAN_POINT('',(161.06664318121,716.86389424306,50.));
#336 = CARTESIAN_POINT('',(162.28707584494,716.50992450061,50.));
#337 = CARTESIAN_POINT('',(163.36617889645,715.96850839832,50.));
#338 = CARTESIAN_POINT('',(164.26070841847,715.27533015113,50.));
#339 = CARTESIAN_POINT('',(164.96163003759,714.50445119517,50.));
#340 = CARTESIAN_POINT('',(165.48356404095,713.75796120997,50.));
#341 = PCURVE('',#60,#342);
#342 = DEFINITIONAL_REPRESENTATION('',(#343),#353);
#343 = B_SPLINE_CURVE_WITH_KNOTS('',8,(#344,#345,#346,#347,#348,#349,
    #350,#351,#352),.UNSPECIFIED.,.F.,.F.,(9,9),(0.,1.),
  .PIECEWISE_BEZIER_KNOTS.);
#344 = CARTESIAN_POINT('',(0.357916350653,0.161640221368));
#345 = CARTESIAN_POINT('',(0.333819891898,0.170026473475));
#346 = CARTESIAN_POINT('',(0.306120622973,0.178607855511));
#347 = CARTESIAN_POINT('',(0.276411799743,0.186203582828));
#348 = CARTESIAN_POINT('',(0.245841993401,0.191980002304));
#349 = CARTESIAN_POINT('',(0.215305860789,0.195564581965));
#350 = CARTESIAN_POINT('',(0.18569999304,0.196906923797));
#351 = CARTESIAN_POINT('',(0.158159457808,0.196440541552));
#352 = CARTESIAN_POINT('',(0.134244199612,0.194943501673));
#353 = ( GEOMETRIC_REPRESENTATION_CONTEXT(2) 
PARAMETRIC_REPRESENTATION_CONTEXT() REPRESENTATION_CONTEXT('2D SPACE',''
  ) );
#354 = PCURVE('',#309,#355);
#355 = DEFINITIONAL_REPRESENTATION('',(#356),#366);
#356 = B_SPLINE_CURVE_WITH_KNOTS('',8,(#357,#358,#359,#360,#361,#362,
    #363,#364,#365),.UNSPECIFIED.,.F.,.F.,(9,9),(0.,1.),
  .PIECEWISE_BEZIER_KNOTS.);
#357 = CARTESIAN_POINT('',(0.338399375906,0.146521288199));
#358 = CARTESIAN_POINT('',(0.340381747848,0.169697672579));
#359 = CARTESIAN_POINT('',(0.34044437047,0.195379196063));
#360 = CARTESIAN_POINT('',(0.337277884861,0.221332863624));
#361 = CARTESIAN_POINT('',(0.330198490012,0.245741516899));
#362 = CARTESIAN_POINT('',(0.319370167967,0.267323577929));
#363 = CARTESIAN_POINT('',(0.305506603023,0.28521416837));
#364 = CARTESIAN_POINT('',(0.290089023904,0.299232600752));
#365 = CARTESIAN_POINT('',(0.2751592242,0.309671280819));
#366 = ( GEOMETRIC_REPRESENTATION_CONTEXT(2) 
PARAMETRIC_REPRESENTATION_CONTEXT() REPRESENTATION_CONTEXT('2D SPACE',''
  ) );
#367 = ORIENTED_EDGE('',*,*,#368,.T.);
#368 = EDGE_CURVE('',#328,#369,#371,.T.);
#369 = VERTEX_POINT('',#370);
#370 = CARTESIAN_POINT('',(166.97056274847,708.48528137423,50.));
#371 = SURFACE_CURVE('',#372,(#382,#395),.PCURVE_S1.);
#372 = B_SPLINE_CURVE_WITH_KNOTS('',8,(#373,#374,#375,#376,#377,#378,
    #379,#380,#381),.UNSPECIFIED.,.F.,.F.,(9,9),(0.,1.),
  .PIECEWISE_BEZIER_KNOTS.);
#373 = CARTESIAN_POINT('',(165.48356404095,713.75796120997,50.));
#374 = CARTESIAN_POINT('',(165.93655109061,713.11008179644,50.));
#375 = CARTESIAN_POINT('',(166.27868147828,712.44630936644,50.));
#376 = CARTESIAN_POINT('',(166.53641523345,711.77662663112,50.));
#377 = CARTESIAN_POINT('',(166.72345079503,711.10768900758,50.));
#378 = CARTESIAN_POINT('',(166.85268215062,710.44373950998,50.));
#379 = CARTESIAN_POINT('',(166.93270006503,709.78629918277,50.));
#380 = CARTESIAN_POINT('',(166.97056274847,709.13456884473,50.));
#381 = CARTESIAN_POINT('',(166.97056274847,708.48528137423,50.));
#382 = PCURVE('',#60,#383);
#383 = DEFINITIONAL_REPRESENTATION('',(#384),#394);
#384 = B_SPLINE_CURVE_WITH_KNOTS('',8,(#385,#386,#387,#388,#389,#390,
    #391,#392,#393),.UNSPECIFIED.,.F.,.F.,(9,9),(0.,1.),
  .PIECEWISE_BEZIER_KNOTS.);
#385 = CARTESIAN_POINT('',(0.134244199612,0.194943501673));
#386 = CARTESIAN_POINT('',(0.113488122823,0.193644219247));
#387 = CARTESIAN_POINT('',(9.436436487204E-02,0.191499938965));
#388 = CARTESIAN_POINT('',(7.64717580955E-02,0.18875361243));
#389 = CARTESIAN_POINT('',(5.965274184353E-02,0.185540932018));
#390 = CARTESIAN_POINT('',(4.37346478395E-02,0.181976144404));
#391 = CARTESIAN_POINT('',(2.858788633655E-02,0.178126661652));
#392 = CARTESIAN_POINT('',(1.406242677288E-02,0.174034210621));
#393 = CARTESIAN_POINT('',(0.,0.169705627485));
#394 = ( GEOMETRIC_REPRESENTATION_CONTEXT(2) 
PARAMETRIC_REPRESENTATION_CONTEXT() REPRESENTATION_CONTEXT('2D SPACE',''
  ) );
#395 = PCURVE('',#309,#396);
#396 = DEFINITIONAL_REPRESENTATION('',(#397),#407);
#397 = B_SPLINE_CURVE_WITH_KNOTS('',8,(#398,#399,#400,#401,#402,#403,
    #404,#405,#406),.UNSPECIFIED.,.F.,.F.,(9,9),(0.,1.),
  .PIECEWISE_BEZIER_KNOTS.);
#398 = CARTESIAN_POINT('',(0.2751592242,0.309671280819));
#399 = CARTESIAN_POINT('',(0.262201635929,0.318731021812));
#400 = CARTESIAN_POINT('',(0.248926187329,0.325573629566));
#401 = CARTESIAN_POINT('',(0.235532532622,0.330728304669));
#402 = CARTESIAN_POINT('',(0.222153780152,0.334469015901));
#403 = CARTESIAN_POINT('',(0.2088747902,0.337053643012));
#404 = CARTESIAN_POINT('',(0.195725983656,0.338654001301));
#405 = CARTESIAN_POINT('',(0.182691376895,0.33941125497));
#406 = CARTESIAN_POINT('',(0.169705627485,0.33941125497));
#407 = ( GEOMETRIC_REPRESENTATION_CONTEXT(2) 
PARAMETRIC_REPRESENTATION_CONTEXT() REPRESENTATION_CONTEXT('2D SPACE',''
  ) );
#408 = ORIENTED_EDGE('',*,*,#409,.F.);
#409 = EDGE_CURVE('',#22,#369,#410,.T.);
#410 = SURFACE_CURVE('',#411,(#414,#420),.PCURVE_S1.);
#411 = B_SPLINE_CURVE_WITH_KNOTS('',1,(#412,#413),.UNSPECIFIED.,.F.,.F.,
  (2,2),(0.,1.),.PIECEWISE_BEZIER_KNOTS.);
#412 = CARTESIAN_POINT('',(158.48528137423,700.,58.485281374239));
#413 = CARTESIAN_POINT('',(166.97056274847,708.48528137423,50.));
#414 = PCURVE('',#60,#415);
#415 = DEFINITIONAL_REPRESENTATION('',(#416),#419);
#416 = B_SPLINE_CURVE_WITH_KNOTS('',1,(#417,#418),.UNSPECIFIED.,.F.,.F.,
  (2,2),(0.,1.),.PIECEWISE_BEZIER_KNOTS.);
#417 = CARTESIAN_POINT('',(0.,0.));
#418 = CARTESIAN_POINT('',(0.,0.169705627485));
#419 = ( GEOMETRIC_REPRESENTATION_CONTEXT(2) 
PARAMETRIC_REPRESENTATION_CONTEXT() REPRESENTATION_CONTEXT('2D SPACE',''
  ) );
#420 = PCURVE('',#119,#421);
#421 = DEFINITIONAL_REPRESENTATION('',(#422),#425);
#422 = B_SPLINE_CURVE_WITH_KNOTS('',1,(#423,#424),.UNSPECIFIED.,.F.,.F.,
  (2,2),(0.,1.),.PIECEWISE_BEZIER_KNOTS.);
#423 = CARTESIAN_POINT('',(1.,0.));
#424 = CARTESIAN_POINT('',(1.,0.169705627485));
#425 = ( GEOMETRIC_REPRESENTATION_CONTEXT(2) 
PARAMETRIC_REPRESENTATION_CONTEXT() REPRESENTATION_CONTEXT('2D SPACE',''
  ) );
#426 = ORIENTED_EDGE('',*,*,#21,.T.);
#427 = ORIENTED_EDGE('',*,*,#428,.T.);
#428 = EDGE_CURVE('',#24,#152,#429,.T.);
#429 = SURFACE_CURVE('',#430,(#433,#439),.PCURVE_S1.);
#430 = B_SPLINE_CURVE_WITH_KNOTS('',1,(#431,#432),.UNSPECIFIED.,.F.,.F.,
  (2,2),(0.,1.),.PIECEWISE_BEZIER_KNOTS.);
#431 = CARTESIAN_POINT('',(141.51471862576,700.,41.514718625761));
#432 = CARTESIAN_POINT('',(150.,708.48528137423,33.029437251523));
#433 = PCURVE('',#60,#434);
#434 = DEFINITIONAL_REPRESENTATION('',(#435),#438);
#435 = B_SPLINE_CURVE_WITH_KNOTS('',1,(#436,#437),.UNSPECIFIED.,.F.,.F.,
  (2,2),(0.,1.),.PIECEWISE_BEZIER_KNOTS.);
#436 = CARTESIAN_POINT('',(1.,0.));
#437 = CARTESIAN_POINT('',(1.,0.169705627485));
#438 = ( GEOMETRIC_REPRESENTATION_CONTEXT(2) 
PARAMETRIC_REPRESENTATION_CONTEXT() REPRESENTATION_CONTEXT('2D SPACE',''
  ) );
#439 = PCURVE('',#119,#440);
#440 = DEFINITIONAL_REPRESENTATION('',(#441),#444);
#441 = B_SPLINE_CURVE_WITH_KNOTS('',1,(#442,#443),.UNSPECIFIED.,.F.,.F.,
  (2,2),(0.,1.),.PIECEWISE_BEZIER_KNOTS.);
#442 = CARTESIAN_POINT('',(0.,0.));
#443 = CARTESIAN_POINT('',(0.,0.169705627485));
#444 = ( GEOMETRIC_REPRESENTATION_CONTEXT(2) 
PARAMETRIC_REPRESENTATION_CONTEXT() REPRESENTATION_CONTEXT('2D SPACE',''
  ) );
#445 = ADVANCED_FACE('',(#446),#181,.F.);
#446 = FACE_BOUND('',#447,.F.);
#447 = EDGE_LOOP('',(#448,#491,#516,#541,#566,#584,#585,#586,#587));
#448 = ORIENTED_EDGE('',*,*,#449,.F.);
#449 = EDGE_CURVE('',#450,#452,#454,.T.);
#450 = VERTEX_POINT('',#451);
#451 = CARTESIAN_POINT('',(150.,700.,35.303063118564));
#452 = VERTEX_POINT('',#453);
#453 = CARTESIAN_POINT('',(150.,703.6779878305,33.813382649664));
#454 = SURFACE_CURVE('',#455,(#465,#478),.PCURVE_S1.);
#455 = B_SPLINE_CURVE_WITH_KNOTS('',8,(#456,#457,#458,#459,#460,#461,
    #462,#463,#464),.UNSPECIFIED.,.F.,.F.,(9,9),(0.,1.),
  .PIECEWISE_BEZIER_KNOTS.);
#456 = CARTESIAN_POINT('',(150.,700.,35.303063118564));
#457 = CARTESIAN_POINT('',(150.,700.40759351333,35.099266119595));
#458 = CARTESIAN_POINT('',(150.,700.82706041055,34.899219922519));
#459 = CARTESIAN_POINT('',(150.,701.2597352942,34.703254546347));
#460 = CARTESIAN_POINT('',(150.,701.70698618578,34.511902688637));
#461 = CARTESIAN_POINT('',(150.,702.17037265007,34.325963508366));
#462 = CARTESIAN_POINT('',(150.,702.65164673433,34.146502666569));
#463 = CARTESIAN_POINT('',(150.,703.15300348825,33.974940805821));
#464 = CARTESIAN_POINT('',(150.,703.6779878305,33.813382649664));
#465 = PCURVE('',#181,#466);
#466 = DEFINITIONAL_REPRESENTATION('',(#467),#477);
#467 = B_SPLINE_CURVE_WITH_KNOTS('',8,(#468,#469,#470,#471,#472,#473,
    #474,#475,#476),.UNSPECIFIED.,.F.,.F.,(9,9),(0.,1.),
  .PIECEWISE_BEZIER_KNOTS.);
#468 = CARTESIAN_POINT('',(0.,0.706061262371));
#469 = CARTESIAN_POINT('',(8.151870266708E-03,0.701985322392));
#470 = CARTESIAN_POINT('',(1.654120821099E-02,0.69798439845));
#471 = CARTESIAN_POINT('',(2.519470588402E-02,0.694065090927));
#472 = CARTESIAN_POINT('',(3.413972371565E-02,0.690238053773));
#473 = CARTESIAN_POINT('',(4.340745300144E-02,0.686519270167));
#474 = CARTESIAN_POINT('',(5.303293468668E-02,0.682930053331));
#475 = CARTESIAN_POINT('',(6.306006976512E-02,0.679498816116));
#476 = CARTESIAN_POINT('',(7.35597566101E-02,0.676267652993));
#477 = ( GEOMETRIC_REPRESENTATION_CONTEXT(2) 
PARAMETRIC_REPRESENTATION_CONTEXT() REPRESENTATION_CONTEXT('2D SPACE',''
  ) );
#478 = PCURVE('',#119,#479);
#479 = DEFINITIONAL_REPRESENTATION('',(#480),#490);
#480 = B_SPLINE_CURVE_WITH_KNOTS('',8,(#481,#482,#483,#484,#485,#486,
    #487,#488,#489),.UNSPECIFIED.,.F.,.F.,(9,9),(0.,1.),
  .PIECEWISE_BEZIER_KNOTS.);
#481 = CARTESIAN_POINT('',(0.166666651632,9.797957920958E-02));
#482 = CARTESIAN_POINT('',(0.159021589458,0.102055515958));
#483 = CARTESIAN_POINT('',(0.151153836444,0.106185603254));
#484 = CARTESIAN_POINT('',(0.143031559821,0.110376538319));
#485 = CARTESIAN_POINT('',(0.134620938546,0.114633889981));
#486 = CARTESIAN_POINT('',(0.125881666955,0.118962727611));
#487 = CARTESIAN_POINT('',(0.116766619013,0.123367627118));
#488 = CARTESIAN_POINT('',(0.107215004875,0.127853751216));
#489 = CARTESIAN_POINT('',(9.712835150592E-02,0.132430701206));
#490 = ( GEOMETRIC_REPRESENTATION_CONTEXT(2) 
PARAMETRIC_REPRESENTATION_CONTEXT() REPRESENTATION_CONTEXT('2D SPACE',''
  ) );
#491 = ORIENTED_EDGE('',*,*,#492,.F.);
#492 = EDGE_CURVE('',#493,#450,#495,.T.);
#493 = VERTEX_POINT('',#494);
#494 = CARTESIAN_POINT('',(150.,700.,0.));
#495 = SURFACE_CURVE('',#496,(#499,#505),.PCURVE_S1.);
#496 = B_SPLINE_CURVE_WITH_KNOTS('',1,(#497,#498),.UNSPECIFIED.,.F.,.F.,
  (2,2),(0.,1.),.PIECEWISE_BEZIER_KNOTS.);
#497 = CARTESIAN_POINT('',(150.,700.,0.));
#498 = CARTESIAN_POINT('',(150.,700.,35.303063118564));
#499 = PCURVE('',#181,#500);
#500 = DEFINITIONAL_REPRESENTATION('',(#501),#504);
#501 = B_SPLINE_CURVE_WITH_KNOTS('',1,(#502,#503),.UNSPECIFIED.,.F.,.F.,
  (2,2),(0.,1.),.PIECEWISE_BEZIER_KNOTS.);
#502 = CARTESIAN_POINT('',(0.,0.));
#503 = CARTESIAN_POINT('',(0.,0.706061262371));
#504 = ( GEOMETRIC_REPRESENTATION_CONTEXT(2) 
PARAMETRIC_REPRESENTATION_CONTEXT() REPRESENTATION_CONTEXT('2D SPACE',''
  ) );
#505 = PCURVE('',#506,#511);
#506 = B_SPLINE_SURFACE_WITH_KNOTS('',1,1,(
    (#507,#508)
    ,(#509,#510)),.UNSPECIFIED.,.F.,.F.,.F.,(2,2),(2,2),(0.,1.),(0.,1.),
  .PIECEWISE_BEZIER_KNOTS.);
#507 = CARTESIAN_POINT('',(150.,700.,0.));
#508 = CARTESIAN_POINT('',(200.,700.,0.));
#509 = CARTESIAN_POINT('',(150.,700.,50.));
#510 = CARTESIAN_POINT('',(200.,700.,50.));
#511 = DEFINITIONAL_REPRESENTATION('',(#512),#515);
#512 = B_SPLINE_CURVE_WITH_KNOTS('',1,(#513,#514),.UNSPECIFIED.,.F.,.F.,
  (2,2),(0.,1.),.PIECEWISE_BEZIER_KNOTS.);
#513 = CARTESIAN_POINT('',(0.,0.));
#514 = CARTESIAN_POINT('',(0.706061262371,0.));
#515 = ( GEOMETRIC_REPRESENTATION_CONTEXT(2) 
PARAMETRIC_REPRESENTATION_CONTEXT() REPRESENTATION_CONTEXT('2D SPACE',''
  ) );
#516 = ORIENTED_EDGE('',*,*,#517,.T.);
#517 = EDGE_CURVE('',#493,#518,#520,.T.);
#518 = VERTEX_POINT('',#519);
#519 = CARTESIAN_POINT('',(150.,750.,0.));
#520 = SURFACE_CURVE('',#521,(#524,#530),.PCURVE_S1.);
#521 = B_SPLINE_CURVE_WITH_KNOTS('',1,(#522,#523),.UNSPECIFIED.,.F.,.F.,
  (2,2),(0.,1.),.PIECEWISE_BEZIER_KNOTS.);
#522 = CARTESIAN_POINT('',(150.,700.,0.));
#523 = CARTESIAN_POINT('',(150.,750.,0.));
#524 = PCURVE('',#181,#525);
#525 = DEFINITIONAL_REPRESENTATION('',(#526),#529);
#526 = B_SPLINE_CURVE_WITH_KNOTS('',1,(#527,#528),.UNSPECIFIED.,.F.,.F.,
  (2,2),(0.,1.),.PIECEWISE_BEZIER_KNOTS.);
#527 = CARTESIAN_POINT('',(0.,0.));
#528 = CARTESIAN_POINT('',(1.,0.));
#529 = ( GEOMETRIC_REPRESENTATION_CONTEXT(2) 
PARAMETRIC_REPRESENTATION_CONTEXT() REPRESENTATION_CONTEXT('2D SPACE',''
  ) );
#530 = PCURVE('',#531,#536);
#531 = B_SPLINE_SURFACE_WITH_KNOTS('',1,1,(
    (#532,#533)
    ,(#534,#535)),.UNSPECIFIED.,.F.,.F.,.F.,(2,2),(2,2),(0.,1.),(0.,1.),
  .PIECEWISE_BEZIER_KNOTS.);
#532 = CARTESIAN_POINT('',(150.,700.,0.));
#533 = CARTESIAN_POINT('',(150.,750.,0.));
#534 = CARTESIAN_POINT('',(200.,700.,0.));
#535 = CARTESIAN_POINT('',(200.,750.,0.));
#536 = DEFINITIONAL_REPRESENTATION('',(#537),#540);
#537 = B_SPLINE_CURVE_WITH_KNOTS('',1,(#538,#539),.UNSPECIFIED.,.F.,.F.,
  (2,2),(0.,1.),.PIECEWISE_BEZIER_KNOTS.);
#538 = CARTESIAN_POINT('',(0.,0.));
#539 = CARTESIAN_POINT('',(0.,1.));
#540 = ( GEOMETRIC_REPRESENTATION_CONTEXT(2) 
PARAMETRIC_REPRESENTATION_CONTEXT() REPRESENTATION_CONTEXT('2D SPACE',''
  ) );
#541 = ORIENTED_EDGE('',*,*,#542,.T.);
#542 = EDGE_CURVE('',#518,#543,#545,.T.);
#543 = VERTEX_POINT('',#544);
#544 = CARTESIAN_POINT('',(150.,750.,50.));
#545 = SURFACE_CURVE('',#546,(#549,#555),.PCURVE_S1.);
#546 = B_SPLINE_CURVE_WITH_KNOTS('',1,(#547,#548),.UNSPECIFIED.,.F.,.F.,
  (2,2),(0.,1.),.PIECEWISE_BEZIER_KNOTS.);
#547 = CARTESIAN_POINT('',(150.,750.,0.));
#548 = CARTESIAN_POINT('',(150.,750.,50.));
#549 = PCURVE('',#181,#550);
#550 = DEFINITIONAL_REPRESENTATION('',(#551),#554);
#551 = B_SPLINE_CURVE_WITH_KNOTS('',1,(#552,#553),.UNSPECIFIED.,.F.,.F.,
  (2,2),(0.,1.),.PIECEWISE_BEZIER_KNOTS.);
#552 = CARTESIAN_POINT('',(1.,0.));
#553 = CARTESIAN_POINT('',(1.,1.));
#554 = ( GEOMETRIC_REPRESENTATION_CONTEXT(2) 
PARAMETRIC_REPRESENTATION_CONTEXT() REPRESENTATION_CONTEXT('2D SPACE',''
  ) );
#555 = PCURVE('',#556,#561);
#556 = B_SPLINE_SURFACE_WITH_KNOTS('',1,1,(
    (#557,#558)
    ,(#559,#560)),.UNSPECIFIED.,.F.,.F.,.F.,(2,2),(2,2),(0.,1.),(0.,1.),
  .PIECEWISE_BEZIER_KNOTS.);
#557 = CARTESIAN_POINT('',(150.,750.,0.));
#558 = CARTESIAN_POINT('',(150.,750.,50.));
#559 = CARTESIAN_POINT('',(200.,750.,0.));
#560 = CARTESIAN_POINT('',(200.,750.,50.));
#561 = DEFINITIONAL_REPRESENTATION('',(#562),#565);
#562 = B_SPLINE_CURVE_WITH_KNOTS('',1,(#563,#564),.UNSPECIFIED.,.F.,.F.,
  (2,2),(0.,1.),.PIECEWISE_BEZIER_KNOTS.);
#563 = CARTESIAN_POINT('',(0.,0.));
#564 = CARTESIAN_POINT('',(0.,1.));
#565 = ( GEOMETRIC_REPRESENTATION_CONTEXT(2) 
PARAMETRIC_REPRESENTATION_CONTEXT() REPRESENTATION_CONTEXT('2D SPACE',''
  ) );
#566 = ORIENTED_EDGE('',*,*,#567,.F.);
#567 = EDGE_CURVE('',#241,#543,#568,.T.);
#568 = SURFACE_CURVE('',#569,(#572,#578),.PCURVE_S1.);
#569 = B_SPLINE_CURVE_WITH_KNOTS('',1,(#570,#571),.UNSPECIFIED.,.F.,.F.,
  (2,2),(0.,1.),.PIECEWISE_BEZIER_KNOTS.);
#570 = CARTESIAN_POINT('',(150.,714.6969320765,50.));
#571 = CARTESIAN_POINT('',(150.,750.,50.));
#572 = PCURVE('',#181,#573);
#573 = DEFINITIONAL_REPRESENTATION('',(#574),#577);
#574 = B_SPLINE_CURVE_WITH_KNOTS('',1,(#575,#576),.UNSPECIFIED.,.F.,.F.,
  (2,2),(0.,1.),.PIECEWISE_BEZIER_KNOTS.);
#575 = CARTESIAN_POINT('',(0.29393864153,1.));
#576 = CARTESIAN_POINT('',(1.,1.));
#577 = ( GEOMETRIC_REPRESENTATION_CONTEXT(2) 
PARAMETRIC_REPRESENTATION_CONTEXT() REPRESENTATION_CONTEXT('2D SPACE',''
  ) );
#578 = PCURVE('',#309,#579);
#579 = DEFINITIONAL_REPRESENTATION('',(#580),#583);
#580 = B_SPLINE_CURVE_WITH_KNOTS('',1,(#581,#582),.UNSPECIFIED.,.F.,.F.,
  (2,2),(0.,1.),.PIECEWISE_BEZIER_KNOTS.);
#581 = CARTESIAN_POINT('',(0.29393864153,0.));
#582 = CARTESIAN_POINT('',(1.,0.));
#583 = ( GEOMETRIC_REPRESENTATION_CONTEXT(2) 
PARAMETRIC_REPRESENTATION_CONTEXT() REPRESENTATION_CONTEXT('2D SPACE',''
  ) );
#584 = ORIENTED_EDGE('',*,*,#240,.F.);
#585 = ORIENTED_EDGE('',*,*,#199,.F.);
#586 = ORIENTED_EDGE('',*,*,#151,.F.);
#587 = ORIENTED_EDGE('',*,*,#588,.F.);
#588 = EDGE_CURVE('',#452,#152,#589,.T.);
#589 = SURFACE_CURVE('',#590,(#600,#613),.PCURVE_S1.);
#590 = B_SPLINE_CURVE_WITH_KNOTS('',8,(#591,#592,#593,#594,#595,#596,
    #597,#598,#599),.UNSPECIFIED.,.F.,.F.,(9,9),(0.,1.),
  .PIECEWISE_BEZIER_KNOTS.);
#591 = CARTESIAN_POINT('',(150.,703.6779878305,33.813382649664));
#592 = CARTESIAN_POINT('',(150.,704.18894407621,33.656141485897));
#593 = CARTESIAN_POINT('',(150.,704.71872451155,33.509470320848));
#594 = CARTESIAN_POINT('',(150.,705.27464767031,33.373696926776));
#595 = CARTESIAN_POINT('',(150.,705.8612419247,33.251590235334));
#596 = CARTESIAN_POINT('',(150.,706.48002164657,33.148501172223));
#597 = CARTESIAN_POINT('',(150.,707.12879346794,33.071389032531));
#598 = CARTESIAN_POINT('',(150.,707.80177577076,33.029437251523));
#599 = CARTESIAN_POINT('',(150.,708.48528137423,33.029437251523));
#600 = PCURVE('',#181,#601);
#601 = DEFINITIONAL_REPRESENTATION('',(#602),#612);
#602 = B_SPLINE_CURVE_WITH_KNOTS('',8,(#603,#604,#605,#606,#607,#608,
    #609,#610,#611),.UNSPECIFIED.,.F.,.F.,(9,9),(0.,1.),
  .PIECEWISE_BEZIER_KNOTS.);
#603 = CARTESIAN_POINT('',(7.35597566101E-02,0.676267652993));
#604 = CARTESIAN_POINT('',(8.377888152438E-02,0.673122829718));
#605 = CARTESIAN_POINT('',(9.437449023113E-02,0.670189406417));
#606 = CARTESIAN_POINT('',(0.105492953406,0.667473938536));
#607 = CARTESIAN_POINT('',(0.117224838494,0.665031804707));
#608 = CARTESIAN_POINT('',(0.129600432932,0.662970023444));
#609 = CARTESIAN_POINT('',(0.142575869359,0.661427780651));
#610 = CARTESIAN_POINT('',(0.156035515415,0.66058874503));
#611 = CARTESIAN_POINT('',(0.169705627485,0.66058874503));
#612 = ( GEOMETRIC_REPRESENTATION_CONTEXT(2) 
PARAMETRIC_REPRESENTATION_CONTEXT() REPRESENTATION_CONTEXT('2D SPACE',''
  ) );
#613 = PCURVE('',#119,#614);
#614 = DEFINITIONAL_REPRESENTATION('',(#615),#625);
#615 = B_SPLINE_CURVE_WITH_KNOTS('',8,(#616,#617,#618,#619,#620,#621,
    #622,#623,#624),.UNSPECIFIED.,.F.,.F.,(9,9),(0.,1.),
  .PIECEWISE_BEZIER_KNOTS.);
#616 = CARTESIAN_POINT('',(9.712835150592E-02,0.132430701206));
#617 = CARTESIAN_POINT('',(8.731122340838E-02,0.136885350602));
#618 = CARTESIAN_POINT('',(7.705564352578E-02,0.141395027938));
#619 = CARTESIAN_POINT('',(6.619444017772E-02,0.14600633829));
#620 = CARTESIAN_POINT('',(5.460230543418E-02,0.150731011262));
#621 = CARTESIAN_POINT('',(4.218994118273E-02,0.155543469829));
#622 = CARTESIAN_POINT('',(2.892482691493E-02,0.160382696236));
#623 = CARTESIAN_POINT('',(1.48035314627E-02,0.165148923462));
#624 = CARTESIAN_POINT('',(0.,0.169705627485));
#625 = ( GEOMETRIC_REPRESENTATION_CONTEXT(2) 
PARAMETRIC_REPRESENTATION_CONTEXT() REPRESENTATION_CONTEXT('2D SPACE',''
  ) );
#626 = ADVANCED_FACE('',(#627),#506,.F.);
#627 = FACE_BOUND('',#628,.F.);
#628 = EDGE_LOOP('',(#629,#672,#692,#717,#735,#736,#777,#818,#859,#900)
  );
#629 = ORIENTED_EDGE('',*,*,#630,.F.);
#630 = EDGE_CURVE('',#631,#633,#635,.T.);
#631 = VERTEX_POINT('',#632);
#632 = CARTESIAN_POINT('',(164.69693688143,700.,50.));
#633 = VERTEX_POINT('',#634);
#634 = CARTESIAN_POINT('',(166.27066426616,700.,46.041865485745));
#635 = SURFACE_CURVE('',#636,(#646,#659),.PCURVE_S1.);
#636 = B_SPLINE_CURVE_WITH_KNOTS('',8,(#637,#638,#639,#640,#641,#642,
    #643,#644,#645),.UNSPECIFIED.,.F.,.F.,(9,9),(0.,1.),
  .PIECEWISE_BEZIER_KNOTS.);
#637 = CARTESIAN_POINT('',(164.69693688143,700.,50.));
#638 = CARTESIAN_POINT('',(164.93247481248,700.,49.528923577819));
#639 = CARTESIAN_POINT('',(165.15828185949,700.,49.051435234627));
#640 = CARTESIAN_POINT('',(165.37381513014,700.,48.567354090245));
#641 = CARTESIAN_POINT('',(165.57844820445,700.,48.07651598086));
#642 = CARTESIAN_POINT('',(165.77143787757,700.,47.578755062525));
#643 = CARTESIAN_POINT('',(165.95189090253,700.,47.073885414653));
#644 = CARTESIAN_POINT('',(166.11873073303,700.,46.561682643517));
#645 = CARTESIAN_POINT('',(166.27066426616,700.,46.041865485745));
#646 = PCURVE('',#506,#647);
#647 = DEFINITIONAL_REPRESENTATION('',(#648),#658);
#648 = B_SPLINE_CURVE_WITH_KNOTS('',8,(#649,#650,#651,#652,#653,#654,
    #655,#656,#657),.UNSPECIFIED.,.F.,.F.,(9,9),(0.,1.),
  .PIECEWISE_BEZIER_KNOTS.);
#649 = CARTESIAN_POINT('',(1.,0.293938737629));
#650 = CARTESIAN_POINT('',(0.990578471556,0.29864949625));
#651 = CARTESIAN_POINT('',(0.981028704693,0.30316563719));
#652 = CARTESIAN_POINT('',(0.971347081805,0.307476302603));
#653 = CARTESIAN_POINT('',(0.961530319617,0.311568964089));
#654 = CARTESIAN_POINT('',(0.95157510125,0.315428757551));
#655 = CARTESIAN_POINT('',(0.941477708293,0.319037818051));
#656 = CARTESIAN_POINT('',(0.93123365287,0.322374614661));
#657 = CARTESIAN_POINT('',(0.920837309715,0.325413285323));
#658 = ( GEOMETRIC_REPRESENTATION_CONTEXT(2) 
PARAMETRIC_REPRESENTATION_CONTEXT() REPRESENTATION_CONTEXT('2D SPACE',''
  ) );
#659 = PCURVE('',#119,#660);
#660 = DEFINITIONAL_REPRESENTATION('',(#661),#671);
#661 = B_SPLINE_CURVE_WITH_KNOTS('',8,(#662,#663,#664,#665,#666,#667,
    #668,#669,#670),.UNSPECIFIED.,.F.,.F.,(9,9),(0.,1.),
  .PIECEWISE_BEZIER_KNOTS.);
#662 = CARTESIAN_POINT('',(0.833333348368,9.797957920957E-02));
#663 = CARTESIAN_POINT('',(0.824497563651,0.102690341564));
#664 = CARTESIAN_POINT('',(0.815541586358,0.107378977499));
#665 = CARTESIAN_POINT('',(0.806451427412,0.112043073599));
#666 = CARTESIAN_POINT('',(0.797212585821,0.116679548157));
#667 = CARTESIAN_POINT('',(0.787808971474,0.1212845521));
#668 = CARTESIAN_POINT('',(0.778221827948,0.125853369919));
#669 = CARTESIAN_POINT('',(0.768428655303,0.130380320597));
#670 = CARTESIAN_POINT('',(0.758402132894,0.134858658536));
#671 = ( GEOMETRIC_REPRESENTATION_CONTEXT(2) 
PARAMETRIC_REPRESENTATION_CONTEXT() REPRESENTATION_CONTEXT('2D SPACE',''
  ) );
#672 = ORIENTED_EDGE('',*,*,#673,.T.);
#673 = EDGE_CURVE('',#631,#674,#676,.T.);
#674 = VERTEX_POINT('',#675);
#675 = CARTESIAN_POINT('',(200.,700.,50.));
#676 = SURFACE_CURVE('',#677,(#680,#686),.PCURVE_S1.);
#677 = B_SPLINE_CURVE_WITH_KNOTS('',1,(#678,#679),.UNSPECIFIED.,.F.,.F.,
  (2,2),(0.,1.),.PIECEWISE_BEZIER_KNOTS.);
#678 = CARTESIAN_POINT('',(164.69693688143,700.,50.));
#679 = CARTESIAN_POINT('',(200.,700.,50.));
#680 = PCURVE('',#506,#681);
#681 = DEFINITIONAL_REPRESENTATION('',(#682),#685);
#682 = B_SPLINE_CURVE_WITH_KNOTS('',1,(#683,#684),.UNSPECIFIED.,.F.,.F.,
  (2,2),(0.,1.),.PIECEWISE_BEZIER_KNOTS.);
#683 = CARTESIAN_POINT('',(1.,0.293938737629));
#684 = CARTESIAN_POINT('',(1.,1.));
#685 = ( GEOMETRIC_REPRESENTATION_CONTEXT(2) 
PARAMETRIC_REPRESENTATION_CONTEXT() REPRESENTATION_CONTEXT('2D SPACE',''
  ) );
#686 = PCURVE('',#309,#687);
#687 = DEFINITIONAL_REPRESENTATION('',(#688),#691);
#688 = B_SPLINE_CURVE_WITH_KNOTS('',1,(#689,#690),.UNSPECIFIED.,.F.,.F.,
  (2,2),(0.,1.),.PIECEWISE_BEZIER_KNOTS.);
#689 = CARTESIAN_POINT('',(0.,0.293938737629));
#690 = CARTESIAN_POINT('',(0.,1.));
#691 = ( GEOMETRIC_REPRESENTATION_CONTEXT(2) 
PARAMETRIC_REPRESENTATION_CONTEXT() REPRESENTATION_CONTEXT('2D SPACE',''
  ) );
#692 = ORIENTED_EDGE('',*,*,#693,.F.);
#693 = EDGE_CURVE('',#694,#674,#696,.T.);
#694 = VERTEX_POINT('',#695);
#695 = CARTESIAN_POINT('',(200.,700.,0.));
#696 = SURFACE_CURVE('',#697,(#700,#706),.PCURVE_S1.);
#697 = B_SPLINE_CURVE_WITH_KNOTS('',1,(#698,#699),.UNSPECIFIED.,.F.,.F.,
  (2,2),(0.,1.),.PIECEWISE_BEZIER_KNOTS.);
#698 = CARTESIAN_POINT('',(200.,700.,0.));
#699 = CARTESIAN_POINT('',(200.,700.,50.));
#700 = PCURVE('',#506,#701);
#701 = DEFINITIONAL_REPRESENTATION('',(#702),#705);
#702 = B_SPLINE_CURVE_WITH_KNOTS('',1,(#703,#704),.UNSPECIFIED.,.F.,.F.,
  (2,2),(0.,1.),.PIECEWISE_BEZIER_KNOTS.);
#703 = CARTESIAN_POINT('',(0.,1.));
#704 = CARTESIAN_POINT('',(1.,1.));
#705 = ( GEOMETRIC_REPRESENTATION_CONTEXT(2) 
PARAMETRIC_REPRESENTATION_CONTEXT() REPRESENTATION_CONTEXT('2D SPACE',''
  ) );
#706 = PCURVE('',#707,#712);
#707 = B_SPLINE_SURFACE_WITH_KNOTS('',1,1,(
    (#708,#709)
    ,(#710,#711)),.UNSPECIFIED.,.F.,.F.,.F.,(2,2),(2,2),(0.,1.),(0.,1.),
  .PIECEWISE_BEZIER_KNOTS.);
#708 = CARTESIAN_POINT('',(200.,700.,0.));
#709 = CARTESIAN_POINT('',(200.,750.,0.));
#710 = CARTESIAN_POINT('',(200.,700.,50.));
#711 = CARTESIAN_POINT('',(200.,750.,50.));
#712 = DEFINITIONAL_REPRESENTATION('',(#713),#716);
#713 = B_SPLINE_CURVE_WITH_KNOTS('',1,(#714,#715),.UNSPECIFIED.,.F.,.F.,
  (2,2),(0.,1.),.PIECEWISE_BEZIER_KNOTS.);
#714 = CARTESIAN_POINT('',(0.,0.));
#715 = CARTESIAN_POINT('',(1.,0.));
#716 = ( GEOMETRIC_REPRESENTATION_CONTEXT(2) 
PARAMETRIC_REPRESENTATION_CONTEXT() REPRESENTATION_CONTEXT('2D SPACE',''
  ) );
#717 = ORIENTED_EDGE('',*,*,#718,.F.);
#718 = EDGE_CURVE('',#493,#694,#719,.T.);
#719 = SURFACE_CURVE('',#720,(#723,#729),.PCURVE_S1.);
#720 = B_SPLINE_CURVE_WITH_KNOTS('',1,(#721,#722),.UNSPECIFIED.,.F.,.F.,
  (2,2),(0.,1.),.PIECEWISE_BEZIER_KNOTS.);
#721 = CARTESIAN_POINT('',(150.,700.,0.));
#722 = CARTESIAN_POINT('',(200.,700.,0.));
#723 = PCURVE('',#506,#724);
#724 = DEFINITIONAL_REPRESENTATION('',(#725),#728);
#725 = B_SPLINE_CURVE_WITH_KNOTS('',1,(#726,#727),.UNSPECIFIED.,.F.,.F.,
  (2,2),(0.,1.),.PIECEWISE_BEZIER_KNOTS.);
#726 = CARTESIAN_POINT('',(0.,0.));
#727 = CARTESIAN_POINT('',(0.,1.));
#728 = ( GEOMETRIC_REPRESENTATION_CONTEXT(2) 
PARAMETRIC_REPRESENTATION_CONTEXT() REPRESENTATION_CONTEXT('2D SPACE',''
  ) );
#729 = PCURVE('',#531,#730);
#730 = DEFINITIONAL_REPRESENTATION('',(#731),#734);
#731 = B_SPLINE_CURVE_WITH_KNOTS('',1,(#732,#733),.UNSPECIFIED.,.F.,.F.,
  (2,2),(0.,1.),.PIECEWISE_BEZIER_KNOTS.);
#732 = CARTESIAN_POINT('',(0.,0.));
#733 = CARTESIAN_POINT('',(1.,0.));
#734 = ( GEOMETRIC_REPRESENTATION_CONTEXT(2) 
PARAMETRIC_REPRESENTATION_CONTEXT() REPRESENTATION_CONTEXT('2D SPACE',''
  ) );
#735 = ORIENTED_EDGE('',*,*,#492,.T.);
#736 = ORIENTED_EDGE('',*,*,#737,.F.);
#737 = EDGE_CURVE('',#738,#450,#740,.T.);
#738 = VERTEX_POINT('',#739);
#739 = CARTESIAN_POINT('',(154.31713460965,700.,33.628001729757));
#740 = SURFACE_CURVE('',#741,(#751,#764),.PCURVE_S1.);
#741 = B_SPLINE_CURVE_WITH_KNOTS('',8,(#742,#743,#744,#745,#746,#747,
    #748,#749,#750),.UNSPECIFIED.,.F.,.F.,(9,9),(0.,1.),
  .PIECEWISE_BEZIER_KNOTS.);
#742 = CARTESIAN_POINT('',(154.31713460965,700.,33.628001729757));
#743 = CARTESIAN_POINT('',(153.74763668862,700.,33.78301733848));
#744 = CARTESIAN_POINT('',(153.18727978821,700.,33.956455191762));
#745 = CARTESIAN_POINT('',(152.63566871795,700.,34.146491905094));
#746 = CARTESIAN_POINT('',(152.09252077706,700.,34.351679891191));
#747 = CARTESIAN_POINT('',(151.55760445761,700.,34.570837850739));
#748 = CARTESIAN_POINT('',(151.03069919029,700.,34.80297876015));
#749 = CARTESIAN_POINT('',(150.51157613266,700.,35.047275356346));
#750 = CARTESIAN_POINT('',(150.,700.,35.303063118564));
#751 = PCURVE('',#506,#752);
#752 = DEFINITIONAL_REPRESENTATION('',(#753),#763);
#753 = B_SPLINE_CURVE_WITH_KNOTS('',8,(#754,#755,#756,#757,#758,#759,
    #760,#761,#762),.UNSPECIFIED.,.F.,.F.,(9,9),(0.,1.),
  .PIECEWISE_BEZIER_KNOTS.);
#754 = CARTESIAN_POINT('',(0.672560034595,8.634269219312E-02));
#755 = CARTESIAN_POINT('',(0.67566034677,7.495273377255E-02));
#756 = CARTESIAN_POINT('',(0.679129103835,6.374559576437E-02));
#757 = CARTESIAN_POINT('',(0.682929838102,5.271337435911E-02));
#758 = CARTESIAN_POINT('',(0.687033597824,4.18504155412E-02));
#759 = CARTESIAN_POINT('',(0.691416757015,3.11520891523E-02));
#760 = CARTESIAN_POINT('',(0.696059575203,2.061398380597E-02));
#761 = CARTESIAN_POINT('',(0.700945507127,1.023152265332E-02));
#762 = CARTESIAN_POINT('',(0.706061262371,0.));
#763 = ( GEOMETRIC_REPRESENTATION_CONTEXT(2) 
PARAMETRIC_REPRESENTATION_CONTEXT() REPRESENTATION_CONTEXT('2D SPACE',''
  ) );
#764 = PCURVE('',#119,#765);
#765 = DEFINITIONAL_REPRESENTATION('',(#766),#776);
#766 = B_SPLINE_CURVE_WITH_KNOTS('',8,(#767,#768,#769,#770,#771,#772,
    #773,#774,#775),.UNSPECIFIED.,.F.,.F.,(9,9),(0.,1.),
  .PIECEWISE_BEZIER_KNOTS.);
#767 = CARTESIAN_POINT('',(0.248541173763,0.137927552533));
#768 = CARTESIAN_POINT('',(0.237495970893,0.133097462334));
#769 = CARTESIAN_POINT('',(0.226743248269,0.12820549731));
#770 = CARTESIAN_POINT('',(0.216244512566,0.123261178752));
#771 = CARTESIAN_POINT('',(0.205969977564,0.118272272572));
#772 = CARTESIAN_POINT('',(0.195895250684,0.113245110713));
#773 = CARTESIAN_POINT('',(0.185999067267,0.108184802868));
#774 = CARTESIAN_POINT('',(0.17626207259,0.103095338509));
#775 = CARTESIAN_POINT('',(0.166666651632,9.797957920958E-02));
#776 = ( GEOMETRIC_REPRESENTATION_CONTEXT(2) 
PARAMETRIC_REPRESENTATION_CONTEXT() REPRESENTATION_CONTEXT('2D SPACE',''
  ) );
#777 = ORIENTED_EDGE('',*,*,#778,.F.);
#778 = EDGE_CURVE('',#779,#738,#781,.T.);
#779 = VERTEX_POINT('',#780);
#780 = CARTESIAN_POINT('',(158.93933248857,700.,33.037694499053));
#781 = SURFACE_CURVE('',#782,(#792,#805),.PCURVE_S1.);
#782 = B_SPLINE_CURVE_WITH_KNOTS('',8,(#783,#784,#785,#786,#787,#788,
    #789,#790,#791),.UNSPECIFIED.,.F.,.F.,(9,9),(0.,1.),
  .PIECEWISE_BEZIER_KNOTS.);
#783 = CARTESIAN_POINT('',(158.93933248857,700.,33.037694499053));
#784 = CARTESIAN_POINT('',(158.32937411863,700.,33.015323559451));
#785 = CARTESIAN_POINT('',(157.72873812162,700.,33.028611615661));
#786 = CARTESIAN_POINT('',(157.1373510146,700.,33.072026153268));
#787 = CARTESIAN_POINT('',(156.55528183283,700.,33.141572205867));
#788 = CARTESIAN_POINT('',(155.98253283631,700.,33.234189846522));
#789 = CARTESIAN_POINT('',(155.41891242504,700.,33.34739295742));
#790 = CARTESIAN_POINT('',(154.86399026282,700.,33.479149277747));
#791 = CARTESIAN_POINT('',(154.31713460965,700.,33.628001729757));
#792 = PCURVE('',#506,#793);
#793 = DEFINITIONAL_REPRESENTATION('',(#794),#804);
#794 = B_SPLINE_CURVE_WITH_KNOTS('',8,(#795,#796,#797,#798,#799,#800,
    #801,#802,#803),.UNSPECIFIED.,.F.,.F.,(9,9),(0.,1.),
  .PIECEWISE_BEZIER_KNOTS.);
#795 = CARTESIAN_POINT('',(0.660753889981,0.178786649772));
#796 = CARTESIAN_POINT('',(0.660306471189,0.166587482373));
#797 = CARTESIAN_POINT('',(0.660572232313,0.154574762432));
#798 = CARTESIAN_POINT('',(0.661440523065,0.142747020292));
#799 = CARTESIAN_POINT('',(0.662831444117,0.131105636657));
#800 = CARTESIAN_POINT('',(0.66468379693,0.119650656726));
#801 = CARTESIAN_POINT('',(0.666947859148,0.108378248501));
#802 = CARTESIAN_POINT('',(0.669582985555,9.727980525648E-02));
#803 = CARTESIAN_POINT('',(0.672560034595,8.634269219312E-02));
#804 = ( GEOMETRIC_REPRESENTATION_CONTEXT(2) 
PARAMETRIC_REPRESENTATION_CONTEXT() REPRESENTATION_CONTEXT('2D SPACE',''
  ) );
#805 = PCURVE('',#119,#806);
#806 = DEFINITIONAL_REPRESENTATION('',(#807),#817);
#807 = B_SPLINE_CURVE_WITH_KNOTS('',8,(#808,#809,#810,#811,#812,#813,
    #814,#815,#816),.UNSPECIFIED.,.F.,.F.,(9,9),(0.,1.),
  .PIECEWISE_BEZIER_KNOTS.);
#808 = CARTESIAN_POINT('',(0.343258176272,0.172677586597));
#809 = CARTESIAN_POINT('',(0.329798746356,0.168760337061));
#810 = CARTESIAN_POINT('',(0.316947856393,0.16466751004));
#811 = CARTESIAN_POINT('',(0.304604576601,0.160435499076));
#812 = CARTESIAN_POINT('',(0.292701167878,0.156091397513));
#813 = CARTESIAN_POINT('',(0.281186594844,0.151655619932));
#814 = CARTESIAN_POINT('',(0.270016157021,0.147143463117));
#815 = CARTESIAN_POINT('',(0.259147238168,0.142565606567));
#816 = CARTESIAN_POINT('',(0.248541173763,0.137927552533));
#817 = ( GEOMETRIC_REPRESENTATION_CONTEXT(2) 
PARAMETRIC_REPRESENTATION_CONTEXT() REPRESENTATION_CONTEXT('2D SPACE',''
  ) );
#818 = ORIENTED_EDGE('',*,*,#819,.F.);
#819 = EDGE_CURVE('',#820,#779,#822,.T.);
#820 = VERTEX_POINT('',#821);
#821 = CARTESIAN_POINT('',(164.57037278157,700.,35.179696480921));
#822 = SURFACE_CURVE('',#823,(#833,#846),.PCURVE_S1.);
#823 = B_SPLINE_CURVE_WITH_KNOTS('',8,(#824,#825,#826,#827,#828,#829,
    #830,#831,#832),.UNSPECIFIED.,.F.,.F.,(9,9),(0.,1.),
  .PIECEWISE_BEZIER_KNOTS.);
#824 = CARTESIAN_POINT('',(164.57037278157,700.,35.179696480921));
#825 = CARTESIAN_POINT('',(163.94906380528,700.,34.589299658165));
#826 = CARTESIAN_POINT('',(163.26200601482,700.,34.103497423808));
#827 = CARTESIAN_POINT('',(162.53708891484,700.,33.730589091158));
#828 = CARTESIAN_POINT('',(161.79918857843,700.,33.454983616593));
#829 = CARTESIAN_POINT('',(161.06476965755,700.,33.261976997114));
#830 = CARTESIAN_POINT('',(160.34365536392,700.,33.135443299859));
#831 = CARTESIAN_POINT('',(159.63725258115,700.,33.063291538142));
#832 = CARTESIAN_POINT('',(158.93933248857,700.,33.037694499053));
#833 = PCURVE('',#506,#834);
#834 = DEFINITIONAL_REPRESENTATION('',(#835),#845);
#835 = B_SPLINE_CURVE_WITH_KNOTS('',8,(#836,#837,#838,#839,#840,#841,
    #842,#843,#844),.UNSPECIFIED.,.F.,.F.,(9,9),(0.,1.),
  .PIECEWISE_BEZIER_KNOTS.);
#836 = CARTESIAN_POINT('',(0.703593929618,0.291407455631));
#837 = CARTESIAN_POINT('',(0.691785993163,0.278981276106));
#838 = CARTESIAN_POINT('',(0.682069948476,0.265240120296));
#839 = CARTESIAN_POINT('',(0.674611781823,0.250741778297));
#840 = CARTESIAN_POINT('',(0.669099672332,0.235983771569));
#841 = CARTESIAN_POINT('',(0.665239539942,0.221295393151));
#842 = CARTESIAN_POINT('',(0.662708865997,0.206873107278));
#843 = CARTESIAN_POINT('',(0.661265830763,0.192745051623));
#844 = CARTESIAN_POINT('',(0.660753889981,0.178786649772));
#845 = ( GEOMETRIC_REPRESENTATION_CONTEXT(2) 
PARAMETRIC_REPRESENTATION_CONTEXT() REPRESENTATION_CONTEXT('2D SPACE',''
  ) );
#846 = PCURVE('',#119,#847);
#847 = DEFINITIONAL_REPRESENTATION('',(#848),#858);
#848 = B_SPLINE_CURVE_WITH_KNOTS('',8,(#849,#850,#851,#852,#853,#854,
    #855,#856,#857),.UNSPECIFIED.,.F.,.F.,(9,9),(0.,1.),
  .PIECEWISE_BEZIER_KNOTS.);
#849 = CARTESIAN_POINT('',(0.495311972254,0.195937842004));
#850 = CARTESIAN_POINT('',(0.472581990302,0.195731760981));
#851 = CARTESIAN_POINT('',(0.450553490702,0.194390057273));
#852 = CARTESIAN_POINT('',(0.42973074812,0.192043332158));
#853 = CARTESIAN_POINT('',(0.410167579833,0.188961366412));
#854 = CARTESIAN_POINT('',(0.391883492485,0.18535195107));
#855 = CARTESIAN_POINT('',(0.374773589128,0.181388080427));
#856 = CARTESIAN_POINT('',(0.358658582325,0.177159740287));
#857 = CARTESIAN_POINT('',(0.343258176272,0.172677586597));
#858 = ( GEOMETRIC_REPRESENTATION_CONTEXT(2) 
PARAMETRIC_REPRESENTATION_CONTEXT() REPRESENTATION_CONTEXT('2D SPACE',''
  ) );
#859 = ORIENTED_EDGE('',*,*,#860,.F.);
#860 = EDGE_CURVE('',#861,#820,#863,.T.);
#861 = VERTEX_POINT('',#862);
#862 = CARTESIAN_POINT('',(166.96755703665,700.,41.240011889453));
#863 = SURFACE_CURVE('',#864,(#874,#887),.PCURVE_S1.);
#864 = B_SPLINE_CURVE_WITH_KNOTS('',8,(#865,#866,#867,#868,#869,#870,
    #871,#872,#873),.UNSPECIFIED.,.F.,.F.,(9,9),(0.,1.),
  .PIECEWISE_BEZIER_KNOTS.);
#865 = CARTESIAN_POINT('',(166.96755703665,700.,41.240011889453));
#866 = CARTESIAN_POINT('',(166.95103116305,700.,40.486894573674));
#867 = CARTESIAN_POINT('',(166.88164097059,700.,39.723167747233));
#868 = CARTESIAN_POINT('',(166.74988469651,700.,38.940586684101));
#869 = CARTESIAN_POINT('',(166.54056467331,700.,38.141001552769));
#870 = CARTESIAN_POINT('',(166.23256384728,700.,37.338136526435));
#871 = CARTESIAN_POINT('',(165.808028964,700.,36.554077204467));
#872 = CARTESIAN_POINT('',(165.24724583885,700.,35.822892889936));
#873 = CARTESIAN_POINT('',(164.57037278157,700.,35.179696480921));
#874 = PCURVE('',#506,#875);
#875 = DEFINITIONAL_REPRESENTATION('',(#876),#886);
#876 = B_SPLINE_CURVE_WITH_KNOTS('',8,(#877,#878,#879,#880,#881,#882,
    #883,#884,#885),.UNSPECIFIED.,.F.,.F.,(9,9),(0.,1.),
  .PIECEWISE_BEZIER_KNOTS.);
#877 = CARTESIAN_POINT('',(0.824800237789,0.339351140733));
#878 = CARTESIAN_POINT('',(0.809737891473,0.339020623261));
#879 = CARTESIAN_POINT('',(0.794463354945,0.337632819412));
#880 = CARTESIAN_POINT('',(0.778811733682,0.33499769393));
#881 = CARTESIAN_POINT('',(0.762820031055,0.330811293466));
#882 = CARTESIAN_POINT('',(0.746762730529,0.324651276946));
#883 = CARTESIAN_POINT('',(0.731081544089,0.31616057928));
#884 = CARTESIAN_POINT('',(0.716457857799,0.304944916777));
#885 = CARTESIAN_POINT('',(0.703593929618,0.291407455631));
#886 = ( GEOMETRIC_REPRESENTATION_CONTEXT(2) 
PARAMETRIC_REPRESENTATION_CONTEXT() REPRESENTATION_CONTEXT('2D SPACE',''
  ) );
#887 = PCURVE('',#119,#888);
#888 = DEFINITIONAL_REPRESENTATION('',(#889),#899);
#889 = B_SPLINE_CURVE_WITH_KNOTS('',8,(#890,#891,#892,#893,#894,#895,
    #896,#897,#898),.UNSPECIFIED.,.F.,.F.,(9,9),(0.,1.),
  .PIECEWISE_BEZIER_KNOTS.);
#890 = CARTESIAN_POINT('',(0.66068423419,0.171516967648));
#891 = CARTESIAN_POINT('',(0.644191159328,0.176427577263));
#892 = CARTESIAN_POINT('',(0.626877638626,0.181056488156));
#893 = CARTESIAN_POINT('',(0.608389049894,0.185395320083));
#894 = CARTESIAN_POINT('',(0.588508696639,0.189330420804));
#895 = CARTESIAN_POINT('',(0.567116732215,0.192629515472));
#896 = CARTESIAN_POINT('',(0.544277648562,0.195026345064));
#897 = CARTESIAN_POINT('',(0.520074711829,0.196162352993));
#898 = CARTESIAN_POINT('',(0.495311972254,0.195937842004));
#899 = ( GEOMETRIC_REPRESENTATION_CONTEXT(2) 
PARAMETRIC_REPRESENTATION_CONTEXT() REPRESENTATION_CONTEXT('2D SPACE',''
  ) );
#900 = ORIENTED_EDGE('',*,*,#901,.F.);
#901 = EDGE_CURVE('',#633,#861,#902,.T.);
#902 = SURFACE_CURVE('',#903,(#913,#926),.PCURVE_S1.);
#903 = B_SPLINE_CURVE_WITH_KNOTS('',8,(#904,#905,#906,#907,#908,#909,
    #910,#911,#912),.UNSPECIFIED.,.F.,.F.,(9,9),(0.,1.),
  .PIECEWISE_BEZIER_KNOTS.);
#904 = CARTESIAN_POINT('',(166.27066426616,700.,46.041865485745));
#905 = CARTESIAN_POINT('',(166.43632706705,700.,45.475075755167));
#906 = CARTESIAN_POINT('',(166.58413895972,700.,44.899610035405));
#907 = CARTESIAN_POINT('',(166.71258872236,700.,44.314776163646));
#908 = CARTESIAN_POINT('',(166.81953312469,700.,43.720087084253));
#909 = CARTESIAN_POINT('',(166.90234060066,700.,43.115305957939));
#910 = CARTESIAN_POINT('',(166.95775774749,700.,42.500393751192));
#911 = CARTESIAN_POINT('',(166.9814986509,700.,41.875359305936));
#912 = CARTESIAN_POINT('',(166.96755703665,700.,41.240011889453));
#913 = PCURVE('',#506,#914);
#914 = DEFINITIONAL_REPRESENTATION('',(#915),#925);
#915 = B_SPLINE_CURVE_WITH_KNOTS('',8,(#916,#917,#918,#919,#920,#921,
    #922,#923,#924),.UNSPECIFIED.,.F.,.F.,(9,9),(0.,1.),
  .PIECEWISE_BEZIER_KNOTS.);
#916 = CARTESIAN_POINT('',(0.920837309715,0.325413285323));
#917 = CARTESIAN_POINT('',(0.909501515103,0.328726541341));
#918 = CARTESIAN_POINT('',(0.897992200708,0.331682779195));
#919 = CARTESIAN_POINT('',(0.886295523273,0.334251774447));
#920 = CARTESIAN_POINT('',(0.874401741685,0.336390662494));
#921 = CARTESIAN_POINT('',(0.862306119159,0.338046812013));
#922 = CARTESIAN_POINT('',(0.850007875024,0.33915515495));
#923 = CARTESIAN_POINT('',(0.837507186119,0.339629973018));
#924 = CARTESIAN_POINT('',(0.824800237789,0.339351140733));
#925 = ( GEOMETRIC_REPRESENTATION_CONTEXT(2) 
PARAMETRIC_REPRESENTATION_CONTEXT() REPRESENTATION_CONTEXT('2D SPACE',''
  ) );
#926 = PCURVE('',#119,#927);
#927 = DEFINITIONAL_REPRESENTATION('',(#928),#938);
#928 = B_SPLINE_CURVE_WITH_KNOTS('',8,(#929,#930,#931,#932,#933,#934,
    #935,#936,#937),.UNSPECIFIED.,.F.,.F.,(9,9),(0.,1.),
  .PIECEWISE_BEZIER_KNOTS.);
#929 = CARTESIAN_POINT('',(0.758402132894,0.134858658536));
#930 = CARTESIAN_POINT('',(0.747469577379,0.139741675413));
#931 = CARTESIAN_POINT('',(0.736266553068,0.144563526162));
#932 = CARTESIAN_POINT('',(0.724752004812,0.149318750391));
#933 = CARTESIAN_POINT('',(0.712880362001,0.153996306936));
#934 = CARTESIAN_POINT('',(0.700603829968,0.158580230951));
#935 = CARTESIAN_POINT('',(0.687867628675,0.163049093309));
#936 = CARTESIAN_POINT('',(0.674598178649,0.1673742623));
#937 = CARTESIAN_POINT('',(0.66068423419,0.171516967648));
#938 = ( GEOMETRIC_REPRESENTATION_CONTEXT(2) 
PARAMETRIC_REPRESENTATION_CONTEXT() REPRESENTATION_CONTEXT('2D SPACE',''
  ) );
#939 = ADVANCED_FACE('',(#940),#309,.F.);
#940 = FACE_BOUND('',#941,.F.);
#941 = EDGE_LOOP('',(#942,#943,#944,#964,#982,#983,#1024,#1063,#1064));
#942 = ORIENTED_EDGE('',*,*,#281,.F.);
#943 = ORIENTED_EDGE('',*,*,#567,.T.);
#944 = ORIENTED_EDGE('',*,*,#945,.T.);
#945 = EDGE_CURVE('',#543,#946,#948,.T.);
#946 = VERTEX_POINT('',#947);
#947 = CARTESIAN_POINT('',(200.,750.,50.));
#948 = SURFACE_CURVE('',#949,(#952,#958),.PCURVE_S1.);
#949 = B_SPLINE_CURVE_WITH_KNOTS('',1,(#950,#951),.UNSPECIFIED.,.F.,.F.,
  (2,2),(0.,1.),.PIECEWISE_BEZIER_KNOTS.);
#950 = CARTESIAN_POINT('',(150.,750.,50.));
#951 = CARTESIAN_POINT('',(200.,750.,50.));
#952 = PCURVE('',#309,#953);
#953 = DEFINITIONAL_REPRESENTATION('',(#954),#957);
#954 = B_SPLINE_CURVE_WITH_KNOTS('',1,(#955,#956),.UNSPECIFIED.,.F.,.F.,
  (2,2),(0.,1.),.PIECEWISE_BEZIER_KNOTS.);
#955 = CARTESIAN_POINT('',(1.,0.));
#956 = CARTESIAN_POINT('',(1.,1.));
#957 = ( GEOMETRIC_REPRESENTATION_CONTEXT(2) 
PARAMETRIC_REPRESENTATION_CONTEXT() REPRESENTATION_CONTEXT('2D SPACE',''
  ) );
#958 = PCURVE('',#556,#959);
#959 = DEFINITIONAL_REPRESENTATION('',(#960),#963);
#960 = B_SPLINE_CURVE_WITH_KNOTS('',1,(#961,#962),.UNSPECIFIED.,.F.,.F.,
  (2,2),(0.,1.),.PIECEWISE_BEZIER_KNOTS.);
#961 = CARTESIAN_POINT('',(0.,1.));
#962 = CARTESIAN_POINT('',(1.,1.));
#963 = ( GEOMETRIC_REPRESENTATION_CONTEXT(2) 
PARAMETRIC_REPRESENTATION_CONTEXT() REPRESENTATION_CONTEXT('2D SPACE',''
  ) );
#964 = ORIENTED_EDGE('',*,*,#965,.F.);
#965 = EDGE_CURVE('',#674,#946,#966,.T.);
#966 = SURFACE_CURVE('',#967,(#970,#976),.PCURVE_S1.);
#967 = B_SPLINE_CURVE_WITH_KNOTS('',1,(#968,#969),.UNSPECIFIED.,.F.,.F.,
  (2,2),(0.,1.),.PIECEWISE_BEZIER_KNOTS.);
#968 = CARTESIAN_POINT('',(200.,700.,50.));
#969 = CARTESIAN_POINT('',(200.,750.,50.));
#970 = PCURVE('',#309,#971);
#971 = DEFINITIONAL_REPRESENTATION('',(#972),#975);
#972 = B_SPLINE_CURVE_WITH_KNOTS('',1,(#973,#974),.UNSPECIFIED.,.F.,.F.,
  (2,2),(0.,1.),.PIECEWISE_BEZIER_KNOTS.);
#973 = CARTESIAN_POINT('',(0.,1.));
#974 = CARTESIAN_POINT('',(1.,1.));
#975 = ( GEOMETRIC_REPRESENTATION_CONTEXT(2) 
PARAMETRIC_REPRESENTATION_CONTEXT() REPRESENTATION_CONTEXT('2D SPACE',''
  ) );
#976 = PCURVE('',#707,#977);
#977 = DEFINITIONAL_REPRESENTATION('',(#978),#981);
#978 = B_SPLINE_CURVE_WITH_KNOTS('',1,(#979,#980),.UNSPECIFIED.,.F.,.F.,
  (2,2),(0.,1.),.PIECEWISE_BEZIER_KNOTS.);
#979 = CARTESIAN_POINT('',(1.,0.));
#980 = CARTESIAN_POINT('',(1.,1.));
#981 = ( GEOMETRIC_REPRESENTATION_CONTEXT(2) 
PARAMETRIC_REPRESENTATION_CONTEXT() REPRESENTATION_CONTEXT('2D SPACE',''
  ) );
#982 = ORIENTED_EDGE('',*,*,#673,.F.);
#983 = ORIENTED_EDGE('',*,*,#984,.F.);
#984 = EDGE_CURVE('',#985,#631,#987,.T.);
#985 = VERTEX_POINT('',#986);
#986 = CARTESIAN_POINT('',(166.19419978562,703.70268136555,50.));
#987 = SURFACE_CURVE('',#988,(#998,#1011),.PCURVE_S1.);
#988 = B_SPLINE_CURVE_WITH_KNOTS('',8,(#989,#990,#991,#992,#993,#994,
    #995,#996,#997),.UNSPECIFIED.,.F.,.F.,(9,9),(0.,1.),
  .PIECEWISE_BEZIER_KNOTS.);
#989 = CARTESIAN_POINT('',(166.19419978562,703.70268136555,50.));
#990 = CARTESIAN_POINT('',(166.03210996575,703.17363977241,50.));
#991 = CARTESIAN_POINT('',(165.85982045748,702.66862233281,50.));
#992 = CARTESIAN_POINT('',(165.67949603007,702.18398776137,50.));
#993 = CARTESIAN_POINT('',(165.49259168703,701.71749602104,50.));
#994 = CARTESIAN_POINT('',(165.30019765675,701.26736048907,50.));
#995 = CARTESIAN_POINT('',(165.10313058083,700.83198976188,50.));
#996 = CARTESIAN_POINT('',(164.90193220551,700.40999016071,50.));
#997 = CARTESIAN_POINT('',(164.69693688143,700.,50.));
#998 = PCURVE('',#309,#999);
#999 = DEFINITIONAL_REPRESENTATION('',(#1000),#1010);
#1000 = B_SPLINE_CURVE_WITH_KNOTS('',8,(#1001,#1002,#1003,#1004,#1005,
    #1006,#1007,#1008,#1009),.UNSPECIFIED.,.F.,.F.,(9,9),(0.,1.),
  .PIECEWISE_BEZIER_KNOTS.);
#1001 = CARTESIAN_POINT('',(7.40536273111E-02,0.323883995713));
#1002 = CARTESIAN_POINT('',(6.347279544819E-02,0.320642199315));
#1003 = CARTESIAN_POINT('',(5.337244665629E-02,0.31719640915));
#1004 = CARTESIAN_POINT('',(4.367975522751E-02,0.313589920602));
#1005 = CARTESIAN_POINT('',(3.434992042089E-02,0.309851833741));
#1006 = CARTESIAN_POINT('',(2.534720978146E-02,0.306003953135));
#1007 = CARTESIAN_POINT('',(1.663979523759E-02,0.302062611617));
#1008 = CARTESIAN_POINT('',(8.19980321429E-03,0.29803864411));
#1009 = CARTESIAN_POINT('',(0.,0.293938737629));
#1010 = ( GEOMETRIC_REPRESENTATION_CONTEXT(2) 
PARAMETRIC_REPRESENTATION_CONTEXT() REPRESENTATION_CONTEXT('2D SPACE',''
  ) );
#1011 = PCURVE('',#119,#1012);
#1012 = DEFINITIONAL_REPRESENTATION('',(#1013),#1023);
#1013 = B_SPLINE_CURVE_WITH_KNOTS('',8,(#1014,#1015,#1016,#1017,#1018,
    #1019,#1020,#1021,#1022),.UNSPECIFIED.,.F.,.F.,(9,9),(0.,1.),
  .PIECEWISE_BEZIER_KNOTS.);
#1014 = CARTESIAN_POINT('',(0.903346170158,0.132645874341));
#1015 = CARTESIAN_POINT('',(0.893178187392,0.128038331588));
#1016 = CARTESIAN_POINT('',(0.883554909337,0.123522951935));
#1017 = CARTESIAN_POINT('',(0.874375114034,0.119089891943));
#1018 = CARTESIAN_POINT('',(0.865576703008,0.114733918054));
#1019 = CARTESIAN_POINT('',(0.857111585184,0.110450387639));
#1020 = CARTESIAN_POINT('',(0.848938620445,0.106234135618));
#1021 = CARTESIAN_POINT('',(0.841023363461,0.102079482442));
#1022 = CARTESIAN_POINT('',(0.833333348368,9.797957920958E-02));
#1023 = ( GEOMETRIC_REPRESENTATION_CONTEXT(2) 
PARAMETRIC_REPRESENTATION_CONTEXT() REPRESENTATION_CONTEXT('2D SPACE',''
  ) );
#1024 = ORIENTED_EDGE('',*,*,#1025,.F.);
#1025 = EDGE_CURVE('',#369,#985,#1026,.T.);
#1026 = SURFACE_CURVE('',#1027,(#1037,#1050),.PCURVE_S1.);
#1027 = B_SPLINE_CURVE_WITH_KNOTS('',8,(#1028,#1029,#1030,#1031,#1032,
    #1033,#1034,#1035,#1036),.UNSPECIFIED.,.F.,.F.,(9,9),(0.,1.),
  .PIECEWISE_BEZIER_KNOTS.);
#1028 = CARTESIAN_POINT('',(166.97056274847,708.48528137423,50.));
#1029 = CARTESIAN_POINT('',(166.97056274847,707.80599103974,50.));
#1030 = CARTESIAN_POINT('',(166.92912689536,707.13695672,50.));
#1031 = CARTESIAN_POINT('',(166.85289178609,706.49175581802,50.));
#1032 = CARTESIAN_POINT('',(166.75088676672,705.87616102007,50.));
#1033 = CARTESIAN_POINT('',(166.62997871397,705.29237681135,50.));
#1034 = CARTESIAN_POINT('',(166.49545682961,704.73895137695,50.));
#1035 = CARTESIAN_POINT('',(166.35007836405,704.21145021686,50.));
#1036 = CARTESIAN_POINT('',(166.19419978562,703.70268136555,50.));
#1037 = PCURVE('',#309,#1038);
#1038 = DEFINITIONAL_REPRESENTATION('',(#1039),#1049);
#1039 = B_SPLINE_CURVE_WITH_KNOTS('',8,(#1040,#1041,#1042,#1043,#1044,
    #1045,#1046,#1047,#1048),.UNSPECIFIED.,.F.,.F.,(9,9),(0.,1.),
  .PIECEWISE_BEZIER_KNOTS.);
#1040 = CARTESIAN_POINT('',(0.169705627485,0.33941125497));
#1041 = CARTESIAN_POINT('',(0.156119820795,0.33941125497));
#1042 = CARTESIAN_POINT('',(0.1427391344,0.338582537907));
#1043 = CARTESIAN_POINT('',(0.129835116361,0.337057835722));
#1044 = CARTESIAN_POINT('',(0.117523220402,0.335017735334));
#1045 = CARTESIAN_POINT('',(0.105847536227,0.332599574279));
#1046 = CARTESIAN_POINT('',(9.477902753902E-02,0.329909136592));
#1047 = CARTESIAN_POINT('',(8.42290043372E-02,0.327001567281));
#1048 = CARTESIAN_POINT('',(7.40536273111E-02,0.323883995713));
#1049 = ( GEOMETRIC_REPRESENTATION_CONTEXT(2) 
PARAMETRIC_REPRESENTATION_CONTEXT() REPRESENTATION_CONTEXT('2D SPACE',''
  ) );
#1050 = PCURVE('',#119,#1051);
#1051 = DEFINITIONAL_REPRESENTATION('',(#1052),#1062);
#1052 = B_SPLINE_CURVE_WITH_KNOTS('',8,(#1053,#1054,#1055,#1056,#1057,
    #1058,#1059,#1060,#1061),.UNSPECIFIED.,.F.,.F.,(9,9),(0.,1.),
  .PIECEWISE_BEZIER_KNOTS.);
#1053 = CARTESIAN_POINT('',(1.,0.169705627485));
#1054 = CARTESIAN_POINT('',(0.985287763863,0.165177025255));
#1055 = CARTESIAN_POINT('',(0.97124638721,0.160440557436));
#1056 = CARTESIAN_POINT('',(0.958050016066,0.155630984028));
#1057 = CARTESIAN_POINT('',(0.945697026715,0.150846985245));
#1058 = CARTESIAN_POINT('',(0.934156028699,0.146149036836));
#1059 = CARTESIAN_POINT('',(0.923339605409,0.141562721377));
#1060 = CARTESIAN_POINT('',(0.913124518362,0.137076857206));
#1061 = CARTESIAN_POINT('',(0.903346170158,0.132645874341));
#1062 = ( GEOMETRIC_REPRESENTATION_CONTEXT(2) 
PARAMETRIC_REPRESENTATION_CONTEXT() REPRESENTATION_CONTEXT('2D SPACE',''
  ) );
#1063 = ORIENTED_EDGE('',*,*,#368,.F.);
#1064 = ORIENTED_EDGE('',*,*,#327,.F.);
#1065 = ADVANCED_FACE('',(#1066),#707,.F.);
#1066 = FACE_BOUND('',#1067,.F.);
#1067 = EDGE_LOOP('',(#1068,#1134,#1152,#1153,#1154,#1174,#1238,#1279,
    #1320));
#1068 = ORIENTED_EDGE('',*,*,#1069,.F.);
#1069 = EDGE_CURVE('',#1070,#1072,#1074,.T.);
#1070 = VERTEX_POINT('',#1071);
#1071 = CARTESIAN_POINT('',(200.,735.30306792349,0.));
#1072 = VERTEX_POINT('',#1073);
#1073 = CARTESIAN_POINT('',(200.,733.10552007293,7.057206363961));
#1074 = SURFACE_CURVE('',#1075,(#1085,#1098),.PCURVE_S1.);
#1075 = B_SPLINE_CURVE_WITH_KNOTS('',8,(#1076,#1077,#1078,#1079,#1080,
    #1081,#1082,#1083,#1084),.UNSPECIFIED.,.F.,.F.,(9,9),(0.,1.),
  .PIECEWISE_BEZIER_KNOTS.);
#1076 = CARTESIAN_POINT('',(200.,735.30306792349,0.));
#1077 = CARTESIAN_POINT('',(200.,734.92096587616,0.764204094667));
#1078 = CARTESIAN_POINT('',(200.,734.56045423866,1.553365738925));
#1079 = CARTESIAN_POINT('',(200.,734.22232170056,2.373558374678));
#1080 = CARTESIAN_POINT('',(200.,733.91044141301,3.229584782303));
#1081 = CARTESIAN_POINT('',(200.,733.6308977114,4.12437294802));
#1082 = CARTESIAN_POINT('',(200.,733.3939510098,5.060163798768));
#1083 = CARTESIAN_POINT('',(200.,733.21165244449,6.036689869856));
#1084 = CARTESIAN_POINT('',(200.,733.10552007293,7.057206363961));
#1085 = PCURVE('',#707,#1086);
#1086 = DEFINITIONAL_REPRESENTATION('',(#1087),#1097);
#1087 = B_SPLINE_CURVE_WITH_KNOTS('',8,(#1088,#1089,#1090,#1091,#1092,
    #1093,#1094,#1095,#1096),.UNSPECIFIED.,.F.,.F.,(9,9),(0.,1.),
  .PIECEWISE_BEZIER_KNOTS.);
#1088 = CARTESIAN_POINT('',(0.,0.70606135847));
#1089 = CARTESIAN_POINT('',(1.528408189335E-02,0.698419317523));
#1090 = CARTESIAN_POINT('',(3.106731477851E-02,0.691209084773));
#1091 = CARTESIAN_POINT('',(4.747116749354E-02,0.684446434011));
#1092 = CARTESIAN_POINT('',(6.459169564608E-02,0.67820882826));
#1093 = CARTESIAN_POINT('',(8.248745896037E-02,0.672617954228));
#1094 = CARTESIAN_POINT('',(0.101203275975,0.667879020196));
#1095 = CARTESIAN_POINT('',(0.120733797397,0.66423304889));
#1096 = CARTESIAN_POINT('',(0.141144127279,0.662110401459));
#1097 = ( GEOMETRIC_REPRESENTATION_CONTEXT(2) 
PARAMETRIC_REPRESENTATION_CONTEXT() REPRESENTATION_CONTEXT('2D SPACE',''
  ) );
#1098 = PCURVE('',#1099,#1122);
#1099 = B_SPLINE_SURFACE_WITH_KNOTS('',10,1,(
    (#1100,#1101)
    ,(#1102,#1103)
    ,(#1104,#1105)
    ,(#1106,#1107)
    ,(#1108,#1109)
    ,(#1110,#1111)
    ,(#1112,#1113)
    ,(#1114,#1115)
    ,(#1116,#1117)
    ,(#1118,#1119)
    ,(#1120,#1121
    )),.UNSPECIFIED.,.F.,.F.,.F.,(11,11),(2,2),(0.,1.),(0.,1.),
  .PIECEWISE_BEZIER_KNOTS.);
#1100 = CARTESIAN_POINT('',(141.51471862576,700.,41.514718625761));
#1101 = CARTESIAN_POINT('',(191.51471862576,750.,-8.485281374239));
#1102 = CARTESIAN_POINT('',(143.05377842195,696.92188040761,
    39.975658829567));
#1103 = CARTESIAN_POINT('',(193.05377842195,746.92188040761,
    -10.02434117043));
#1104 = CARTESIAN_POINT('',(145.52335344476,693.84376081522,
    39.367114259991));
#1105 = CARTESIAN_POINT('',(195.52335344476,743.84376081522,-10.63288574
    ));
#1106 = CARTESIAN_POINT('',(148.71247270339,691.18758320444,
    39.900055907841));
#1107 = CARTESIAN_POINT('',(198.71247270339,741.18758320444,
    -10.09994409215));
#1108 = CARTESIAN_POINT('',(152.24616847174,689.37528955689,
    41.621458028637));
#1109 = CARTESIAN_POINT('',(202.24616847174,739.37528955689,
    -8.378541971363));
#1110 = CARTESIAN_POINT('',(155.6351652686,688.72966946278,
    44.364834731393));
#1111 = CARTESIAN_POINT('',(205.6351652686,738.72966946278,
    -5.635165268607));
#1112 = CARTESIAN_POINT('',(158.37854197136,689.37528955689,
    47.75383152826));
#1113 = CARTESIAN_POINT('',(208.37854197136,739.37528955689,
    -2.24616847174));
#1114 = CARTESIAN_POINT('',(160.09994409215,691.18758320444,
    51.287527296607));
#1115 = CARTESIAN_POINT('',(210.09994409215,741.18758320444,
    1.287527296607));
#1116 = CARTESIAN_POINT('',(160.63288574,693.84376081522,54.476646555232
    ));
#1117 = CARTESIAN_POINT('',(210.63288574,743.84376081522,4.476646555232)
  );
#1118 = CARTESIAN_POINT('',(160.02434117043,696.92188040761,
    56.946221578044));
#1119 = CARTESIAN_POINT('',(210.02434117043,746.92188040761,
    6.946221578044));
#1120 = CARTESIAN_POINT('',(158.48528137423,700.,58.485281374239));
#1121 = CARTESIAN_POINT('',(208.48528137423,750.,8.485281374239));
#1122 = DEFINITIONAL_REPRESENTATION('',(#1123),#1133);
#1123 = B_SPLINE_CURVE_WITH_KNOTS('',8,(#1124,#1125,#1126,#1127,#1128,
    #1129,#1130,#1131,#1132),.UNSPECIFIED.,.F.,.F.,(9,9),(0.,1.),
  .PIECEWISE_BEZIER_KNOTS.);
#1124 = CARTESIAN_POINT('',(0.5,0.902020452823));
#1125 = CARTESIAN_POINT('',(0.514333893152,0.894378411877));
#1126 = CARTESIAN_POINT('',(0.529136028728,0.886713923332));
#1127 = CARTESIAN_POINT('',(0.544563706467,0.878991755506));
#1128 = CARTESIAN_POINT('',(0.560766669755,0.871205710871));
#1129 = CARTESIAN_POINT('',(0.577872765115,0.863376831756));
#1130 = CARTESIAN_POINT('',(0.596055165796,0.855558581407));
#1131 = CARTESIAN_POINT('',(0.615468403452,0.847833083831));
#1132 = CARTESIAN_POINT('',(0.636516040062,0.840322091393));
#1133 = ( GEOMETRIC_REPRESENTATION_CONTEXT(2) 
PARAMETRIC_REPRESENTATION_CONTEXT() REPRESENTATION_CONTEXT('2D SPACE',''
  ) );
#1134 = ORIENTED_EDGE('',*,*,#1135,.F.);
#1135 = EDGE_CURVE('',#694,#1070,#1136,.T.);
#1136 = SURFACE_CURVE('',#1137,(#1140,#1146),.PCURVE_S1.);
#1137 = B_SPLINE_CURVE_WITH_KNOTS('',1,(#1138,#1139),.UNSPECIFIED.,.F.,
  .F.,(2,2),(0.,1.),.PIECEWISE_BEZIER_KNOTS.);
#1138 = CARTESIAN_POINT('',(200.,700.,0.));
#1139 = CARTESIAN_POINT('',(200.,735.30306792349,0.));
#1140 = PCURVE('',#707,#1141);
#1141 = DEFINITIONAL_REPRESENTATION('',(#1142),#1145);
#1142 = B_SPLINE_CURVE_WITH_KNOTS('',1,(#1143,#1144),.UNSPECIFIED.,.F.,
  .F.,(2,2),(0.,1.),.PIECEWISE_BEZIER_KNOTS.);
#1143 = CARTESIAN_POINT('',(0.,0.));
#1144 = CARTESIAN_POINT('',(0.,0.70606135847));
#1145 = ( GEOMETRIC_REPRESENTATION_CONTEXT(2) 
PARAMETRIC_REPRESENTATION_CONTEXT() REPRESENTATION_CONTEXT('2D SPACE',''
  ) );
#1146 = PCURVE('',#531,#1147);
#1147 = DEFINITIONAL_REPRESENTATION('',(#1148),#1151);
#1148 = B_SPLINE_CURVE_WITH_KNOTS('',1,(#1149,#1150),.UNSPECIFIED.,.F.,
  .F.,(2,2),(0.,1.),.PIECEWISE_BEZIER_KNOTS.);
#1149 = CARTESIAN_POINT('',(1.,0.));
#1150 = CARTESIAN_POINT('',(1.,0.70606135847));
#1151 = ( GEOMETRIC_REPRESENTATION_CONTEXT(2) 
PARAMETRIC_REPRESENTATION_CONTEXT() REPRESENTATION_CONTEXT('2D SPACE',''
  ) );
#1152 = ORIENTED_EDGE('',*,*,#693,.T.);
#1153 = ORIENTED_EDGE('',*,*,#965,.T.);
#1154 = ORIENTED_EDGE('',*,*,#1155,.F.);
#1155 = EDGE_CURVE('',#1156,#946,#1158,.T.);
#1156 = VERTEX_POINT('',#1157);
#1157 = CARTESIAN_POINT('',(200.,750.,14.696936881436));
#1158 = SURFACE_CURVE('',#1159,(#1162,#1168),.PCURVE_S1.);
#1159 = B_SPLINE_CURVE_WITH_KNOTS('',1,(#1160,#1161),.UNSPECIFIED.,.F.,
  .F.,(2,2),(0.,1.),.PIECEWISE_BEZIER_KNOTS.);
#1160 = CARTESIAN_POINT('',(200.,750.,14.696936881436));
#1161 = CARTESIAN_POINT('',(200.,750.,50.));
#1162 = PCURVE('',#707,#1163);
#1163 = DEFINITIONAL_REPRESENTATION('',(#1164),#1167);
#1164 = B_SPLINE_CURVE_WITH_KNOTS('',1,(#1165,#1166),.UNSPECIFIED.,.F.,
  .F.,(2,2),(0.,1.),.PIECEWISE_BEZIER_KNOTS.);
#1165 = CARTESIAN_POINT('',(0.293938737629,1.));
#1166 = CARTESIAN_POINT('',(1.,1.));
#1167 = ( GEOMETRIC_REPRESENTATION_CONTEXT(2) 
PARAMETRIC_REPRESENTATION_CONTEXT() REPRESENTATION_CONTEXT('2D SPACE',''
  ) );
#1168 = PCURVE('',#556,#1169);
#1169 = DEFINITIONAL_REPRESENTATION('',(#1170),#1173);
#1170 = B_SPLINE_CURVE_WITH_KNOTS('',1,(#1171,#1172),.UNSPECIFIED.,.F.,
  .F.,(2,2),(0.,1.),.PIECEWISE_BEZIER_KNOTS.);
#1171 = CARTESIAN_POINT('',(1.,0.293938737629));
#1172 = CARTESIAN_POINT('',(1.,1.));
#1173 = ( GEOMETRIC_REPRESENTATION_CONTEXT(2) 
PARAMETRIC_REPRESENTATION_CONTEXT() REPRESENTATION_CONTEXT('2D SPACE',''
  ) );
#1174 = ORIENTED_EDGE('',*,*,#1175,.F.);
#1175 = EDGE_CURVE('',#1176,#1156,#1178,.T.);
#1176 = VERTEX_POINT('',#1177);
#1177 = CARTESIAN_POINT('',(200.,746.29731863444,16.194199785628));
#1178 = SURFACE_CURVE('',#1179,(#1189,#1202),.PCURVE_S1.);
#1179 = B_SPLINE_CURVE_WITH_KNOTS('',8,(#1180,#1181,#1182,#1183,#1184,
    #1185,#1186,#1187,#1188),.UNSPECIFIED.,.F.,.F.,(9,9),(0.,1.),
  .PIECEWISE_BEZIER_KNOTS.);
#1180 = CARTESIAN_POINT('',(200.,746.29731863444,16.194199785628));
#1181 = CARTESIAN_POINT('',(200.,746.82636022759,16.032109965751));
#1182 = CARTESIAN_POINT('',(200.,747.33137766718,15.85982045748));
#1183 = CARTESIAN_POINT('',(200.,747.81601223862,15.679496030077));
#1184 = CARTESIAN_POINT('',(200.,748.28250397895,15.492591687037));
#1185 = CARTESIAN_POINT('',(200.,748.73263951092,15.300197656752));
#1186 = CARTESIAN_POINT('',(200.,749.16801023812,15.103130580839));
#1187 = CARTESIAN_POINT('',(200.,749.59000983928,14.901932205519));
#1188 = CARTESIAN_POINT('',(200.,750.,14.696936881436));
#1189 = PCURVE('',#707,#1190);
#1190 = DEFINITIONAL_REPRESENTATION('',(#1191),#1201);
#1191 = B_SPLINE_CURVE_WITH_KNOTS('',8,(#1192,#1193,#1194,#1195,#1196,
    #1197,#1198,#1199,#1200),.UNSPECIFIED.,.F.,.F.,(9,9),(0.,1.),
  .PIECEWISE_BEZIER_KNOTS.);
#1192 = CARTESIAN_POINT('',(0.323883995713,0.925946372689));
#1193 = CARTESIAN_POINT('',(0.320642199315,0.936527204552));
#1194 = CARTESIAN_POINT('',(0.31719640915,0.946627553344));
#1195 = CARTESIAN_POINT('',(0.313589920602,0.956320244773));
#1196 = CARTESIAN_POINT('',(0.309851833741,0.965650079579));
#1197 = CARTESIAN_POINT('',(0.306003953135,0.974652790219));
#1198 = CARTESIAN_POINT('',(0.302062611617,0.983360204762));
#1199 = CARTESIAN_POINT('',(0.29803864411,0.991800196786));
#1200 = CARTESIAN_POINT('',(0.293938737629,1.));
#1201 = ( GEOMETRIC_REPRESENTATION_CONTEXT(2) 
PARAMETRIC_REPRESENTATION_CONTEXT() REPRESENTATION_CONTEXT('2D SPACE',''
  ) );
#1202 = PCURVE('',#1203,#1226);
#1203 = B_SPLINE_SURFACE_WITH_KNOTS('',10,1,(
    (#1204,#1205)
    ,(#1206,#1207)
    ,(#1208,#1209)
    ,(#1210,#1211)
    ,(#1212,#1213)
    ,(#1214,#1215)
    ,(#1216,#1217)
    ,(#1218,#1219)
    ,(#1220,#1221)
    ,(#1222,#1223)
    ,(#1224,#1225
    )),.UNSPECIFIED.,.F.,.F.,.F.,(11,11),(2,2),(0.,1.),(0.,1.),
  .PIECEWISE_BEZIER_KNOTS.);
#1204 = CARTESIAN_POINT('',(158.48528137423,700.,58.485281374239));
#1205 = CARTESIAN_POINT('',(208.48528137423,750.,8.485281374239));
#1206 = CARTESIAN_POINT('',(156.94622157804,703.07811959238,
    60.024341170433));
#1207 = CARTESIAN_POINT('',(206.94622157804,753.07811959238,
    10.024341170433));
#1208 = CARTESIAN_POINT('',(154.47664655523,706.15623918477,
    60.632885740009));
#1209 = CARTESIAN_POINT('',(204.47664655523,756.15623918477,
    10.632885740009));
#1210 = CARTESIAN_POINT('',(151.2875272966,708.81241679555,
    60.099944092159));
#1211 = CARTESIAN_POINT('',(201.2875272966,758.81241679555,
    10.099944092159));
#1212 = CARTESIAN_POINT('',(147.75383152826,710.6247104431,
    58.378541971363));
#1213 = CARTESIAN_POINT('',(197.75383152826,760.6247104431,
    8.378541971363));
#1214 = CARTESIAN_POINT('',(144.36483473139,711.27033053721,
    55.635165268607));
#1215 = CARTESIAN_POINT('',(194.36483473139,761.27033053721,
    5.635165268607));
#1216 = CARTESIAN_POINT('',(141.62145802863,710.6247104431,
    52.24616847174));
#1217 = CARTESIAN_POINT('',(191.62145802863,760.6247104431,2.24616847174
    ));
#1218 = CARTESIAN_POINT('',(139.90005590784,708.81241679555,
    48.712472703393));
#1219 = CARTESIAN_POINT('',(189.90005590784,758.81241679555,
    -1.287527296607));
#1220 = CARTESIAN_POINT('',(139.36711425999,706.15623918477,
    45.523353444768));
#1221 = CARTESIAN_POINT('',(189.36711425999,756.15623918477,
    -4.476646555232));
#1222 = CARTESIAN_POINT('',(139.97565882956,703.07811959238,
    43.053778421956));
#1223 = CARTESIAN_POINT('',(189.97565882956,753.07811959238,
    -6.946221578044));
#1224 = CARTESIAN_POINT('',(141.51471862576,700.,41.514718625761));
#1225 = CARTESIAN_POINT('',(191.51471862576,750.,-8.485281374239));
#1226 = DEFINITIONAL_REPRESENTATION('',(#1227),#1237);
#1227 = B_SPLINE_CURVE_WITH_KNOTS('',8,(#1228,#1229,#1230,#1231,#1232,
    #1233,#1234,#1235,#1236),.UNSPECIFIED.,.F.,.F.,(9,9),(0.,1.),
  .PIECEWISE_BEZIER_KNOTS.);
#1228 = CARTESIAN_POINT('',(9.665382984156E-02,0.867354125659));
#1229 = CARTESIAN_POINT('',(0.106821812608,0.871961668412));
#1230 = CARTESIAN_POINT('',(0.116445090663,0.876477048065));
#1231 = CARTESIAN_POINT('',(0.125624885966,0.880910108057));
#1232 = CARTESIAN_POINT('',(0.134423296992,0.885266081946));
#1233 = CARTESIAN_POINT('',(0.142888414817,0.889549612361));
#1234 = CARTESIAN_POINT('',(0.151061379555,0.893765864382));
#1235 = CARTESIAN_POINT('',(0.158976636539,0.897920517558));
#1236 = CARTESIAN_POINT('',(0.166666651632,0.90202042079));
#1237 = ( GEOMETRIC_REPRESENTATION_CONTEXT(2) 
PARAMETRIC_REPRESENTATION_CONTEXT() REPRESENTATION_CONTEXT('2D SPACE',''
  ) );
#1238 = ORIENTED_EDGE('',*,*,#1239,.F.);
#1239 = EDGE_CURVE('',#1240,#1176,#1242,.T.);
#1240 = VERTEX_POINT('',#1241);
#1241 = CARTESIAN_POINT('',(200.,741.51471862576,16.970562748477));
#1242 = SURFACE_CURVE('',#1243,(#1253,#1266),.PCURVE_S1.);
#1243 = B_SPLINE_CURVE_WITH_KNOTS('',8,(#1244,#1245,#1246,#1247,#1248,
    #1249,#1250,#1251,#1252),.UNSPECIFIED.,.F.,.F.,(9,9),(0.,1.),
  .PIECEWISE_BEZIER_KNOTS.);
#1244 = CARTESIAN_POINT('',(200.,741.51471862576,16.970562748477));
#1245 = CARTESIAN_POINT('',(200.,742.19400896025,16.970562748477));
#1246 = CARTESIAN_POINT('',(200.,742.86304328,16.929126895368));
#1247 = CARTESIAN_POINT('',(200.,743.50824418197,16.852891786098));
#1248 = CARTESIAN_POINT('',(200.,744.12383897993,16.750886766723));
#1249 = CARTESIAN_POINT('',(200.,744.70762318864,16.629978713973));
#1250 = CARTESIAN_POINT('',(200.,745.26104862305,16.495456829617));
#1251 = CARTESIAN_POINT('',(200.,745.78854978314,16.350078364053));
#1252 = CARTESIAN_POINT('',(200.,746.29731863444,16.194199785628));
#1253 = PCURVE('',#707,#1254);
#1254 = DEFINITIONAL_REPRESENTATION('',(#1255),#1265);
#1255 = B_SPLINE_CURVE_WITH_KNOTS('',8,(#1256,#1257,#1258,#1259,#1260,
    #1261,#1262,#1263,#1264),.UNSPECIFIED.,.F.,.F.,(9,9),(0.,1.),
  .PIECEWISE_BEZIER_KNOTS.);
#1256 = CARTESIAN_POINT('',(0.33941125497,0.830294372515));
#1257 = CARTESIAN_POINT('',(0.33941125497,0.843880179205));
#1258 = CARTESIAN_POINT('',(0.338582537907,0.8572608656));
#1259 = CARTESIAN_POINT('',(0.337057835722,0.870164883639));
#1260 = CARTESIAN_POINT('',(0.335017735334,0.882476779599));
#1261 = CARTESIAN_POINT('',(0.332599574279,0.894152463773));
#1262 = CARTESIAN_POINT('',(0.329909136592,0.905220972461));
#1263 = CARTESIAN_POINT('',(0.327001567281,0.915770995663));
#1264 = CARTESIAN_POINT('',(0.323883995713,0.925946372689));
#1265 = ( GEOMETRIC_REPRESENTATION_CONTEXT(2) 
PARAMETRIC_REPRESENTATION_CONTEXT() REPRESENTATION_CONTEXT('2D SPACE',''
  ) );
#1266 = PCURVE('',#1203,#1267);
#1267 = DEFINITIONAL_REPRESENTATION('',(#1268),#1278);
#1268 = B_SPLINE_CURVE_WITH_KNOTS('',8,(#1269,#1270,#1271,#1272,#1273,
    #1274,#1275,#1276,#1277),.UNSPECIFIED.,.F.,.F.,(9,9),(0.,1.),
  .PIECEWISE_BEZIER_KNOTS.);
#1269 = CARTESIAN_POINT('',(0.,0.830294372515));
#1270 = CARTESIAN_POINT('',(1.471223613655E-02,0.834822974745));
#1271 = CARTESIAN_POINT('',(2.875361279051E-02,0.839559442564));
#1272 = CARTESIAN_POINT('',(4.194998393375E-02,0.844369015972));
#1273 = CARTESIAN_POINT('',(5.430297328471E-02,0.849153014755));
#1274 = CARTESIAN_POINT('',(6.584397130114E-02,0.853850963164));
#1275 = CARTESIAN_POINT('',(7.666039459095E-02,0.858437278623));
#1276 = CARTESIAN_POINT('',(8.687548163755E-02,0.862923142794));
#1277 = CARTESIAN_POINT('',(9.665382984156E-02,0.867354125659));
#1278 = ( GEOMETRIC_REPRESENTATION_CONTEXT(2) 
PARAMETRIC_REPRESENTATION_CONTEXT() REPRESENTATION_CONTEXT('2D SPACE',''
  ) );
#1279 = ORIENTED_EDGE('',*,*,#1280,.F.);
#1280 = EDGE_CURVE('',#1281,#1240,#1283,.T.);
#1281 = VERTEX_POINT('',#1282);
#1282 = CARTESIAN_POINT('',(200.,735.89801915822,15.227210416032));
#1283 = SURFACE_CURVE('',#1284,(#1294,#1307),.PCURVE_S1.);
#1284 = B_SPLINE_CURVE_WITH_KNOTS('',8,(#1285,#1286,#1287,#1288,#1289,
    #1290,#1291,#1292,#1293),.UNSPECIFIED.,.F.,.F.,(9,9),(0.,1.),
  .PIECEWISE_BEZIER_KNOTS.);
#1285 = CARTESIAN_POINT('',(200.,735.89801915822,15.227210416032));
#1286 = CARTESIAN_POINT('',(200.,736.57818196373,15.766965952094));
#1287 = CARTESIAN_POINT('',(200.,737.28355961442,16.170059434963));
#1288 = CARTESIAN_POINT('',(200.,737.99901728479,16.471323271744));
#1289 = CARTESIAN_POINT('',(200.,738.71476772763,16.687616941232));
#1290 = CARTESIAN_POINT('',(200.,739.4245133807,16.83604727394));
#1291 = CARTESIAN_POINT('',(200.,740.12621350256,16.927364476544));
#1292 = CARTESIAN_POINT('',(200.,740.82123591856,16.970562748477));
#1293 = CARTESIAN_POINT('',(200.,741.51471862576,16.970562748477));
#1294 = PCURVE('',#707,#1295);
#1295 = DEFINITIONAL_REPRESENTATION('',(#1296),#1306);
#1296 = B_SPLINE_CURVE_WITH_KNOTS('',8,(#1297,#1298,#1299,#1300,#1301,
    #1302,#1303,#1304,#1305),.UNSPECIFIED.,.F.,.F.,(9,9),(0.,1.),
  .PIECEWISE_BEZIER_KNOTS.);
#1297 = CARTESIAN_POINT('',(0.304544208321,0.717960383165));
#1298 = CARTESIAN_POINT('',(0.315339319042,0.731563639275));
#1299 = CARTESIAN_POINT('',(0.323401188699,0.745671192288));
#1300 = CARTESIAN_POINT('',(0.329426465435,0.759980345696));
#1301 = CARTESIAN_POINT('',(0.333752338825,0.774295354553));
#1302 = CARTESIAN_POINT('',(0.336720945479,0.788490267614));
#1303 = CARTESIAN_POINT('',(0.338547289531,0.802524270051));
#1304 = CARTESIAN_POINT('',(0.33941125497,0.816424718371));
#1305 = CARTESIAN_POINT('',(0.33941125497,0.830294372515));
#1306 = ( GEOMETRIC_REPRESENTATION_CONTEXT(2) 
PARAMETRIC_REPRESENTATION_CONTEXT() REPRESENTATION_CONTEXT('2D SPACE',''
  ) );
#1307 = PCURVE('',#1099,#1308);
#1308 = DEFINITIONAL_REPRESENTATION('',(#1309),#1319);
#1309 = B_SPLINE_CURVE_WITH_KNOTS('',8,(#1310,#1311,#1312,#1313,#1314,
    #1315,#1316,#1317,#1318),.UNSPECIFIED.,.F.,.F.,(9,9),(0.,1.),
  .PIECEWISE_BEZIER_KNOTS.);
#1310 = CARTESIAN_POINT('',(0.854454307667,0.804472058281));
#1311 = CARTESIAN_POINT('',(0.877386274224,0.805408106744));
#1312 = CARTESIAN_POINT('',(0.898348837067,0.80742333453));
#1313 = CARTESIAN_POINT('',(0.917854972074,0.810184626754));
#1314 = CARTESIAN_POINT('',(0.936073746309,0.813514338576));
#1315 = CARTESIAN_POINT('',(0.953223069283,0.817256440712));
#1316 = CARTESIAN_POINT('',(0.969459423475,0.821325660173));
#1317 = CARTESIAN_POINT('',(0.984980381986,0.825671154467));
#1318 = CARTESIAN_POINT('',(1.,0.830294372515));
#1319 = ( GEOMETRIC_REPRESENTATION_CONTEXT(2) 
PARAMETRIC_REPRESENTATION_CONTEXT() REPRESENTATION_CONTEXT('2D SPACE',''
  ) );
#1320 = ORIENTED_EDGE('',*,*,#1321,.F.);
#1321 = EDGE_CURVE('',#1072,#1281,#1322,.T.);
#1322 = SURFACE_CURVE('',#1323,(#1333,#1346),.PCURVE_S1.);
#1323 = B_SPLINE_CURVE_WITH_KNOTS('',8,(#1324,#1325,#1326,#1327,#1328,
    #1329,#1330,#1331,#1332),.UNSPECIFIED.,.F.,.F.,(9,9),(0.,1.),
  .PIECEWISE_BEZIER_KNOTS.);
#1324 = CARTESIAN_POINT('',(200.,733.10552007293,7.057206363961));
#1325 = CARTESIAN_POINT('',(200.,732.98958954612,8.171937082159));
#1326 = CARTESIAN_POINT('',(200.,732.95763508107,9.405657921274));
#1327 = CARTESIAN_POINT('',(200.,733.06775753447,10.6682422326));
#1328 = CARTESIAN_POINT('',(200.,733.3567163643,11.879488179017));
#1329 = CARTESIAN_POINT('',(200.,733.82752152656,12.97609645342));
#1330 = CARTESIAN_POINT('',(200.,734.45651141832,13.908597213728));
#1331 = CARTESIAN_POINT('',(200.,735.17985888714,14.657301301687));
#1332 = CARTESIAN_POINT('',(200.,735.89801915822,15.227210416032));
#1333 = PCURVE('',#707,#1334);
#1334 = DEFINITIONAL_REPRESENTATION('',(#1335),#1345);
#1335 = B_SPLINE_CURVE_WITH_KNOTS('',8,(#1336,#1337,#1338,#1339,#1340,
    #1341,#1342,#1343,#1344),.UNSPECIFIED.,.F.,.F.,(9,9),(0.,1.),
  .PIECEWISE_BEZIER_KNOTS.);
#1336 = CARTESIAN_POINT('',(0.141144127279,0.662110401459));
#1337 = CARTESIAN_POINT('',(0.163438741643,0.659791790922));
#1338 = CARTESIAN_POINT('',(0.188113158426,0.659152701621));
#1339 = CARTESIAN_POINT('',(0.213364844652,0.661355150689));
#1340 = CARTESIAN_POINT('',(0.23758976358,0.667134327286));
#1341 = CARTESIAN_POINT('',(0.259521929068,0.676550430531));
#1342 = CARTESIAN_POINT('',(0.278171944275,0.689130228367));
#1343 = CARTESIAN_POINT('',(0.293146026034,0.703597177743));
#1344 = CARTESIAN_POINT('',(0.304544208321,0.717960383165));
#1345 = ( GEOMETRIC_REPRESENTATION_CONTEXT(2) 
PARAMETRIC_REPRESENTATION_CONTEXT() REPRESENTATION_CONTEXT('2D SPACE',''
  ) );
#1346 = PCURVE('',#1099,#1347);
#1347 = DEFINITIONAL_REPRESENTATION('',(#1348),#1358);
#1348 = B_SPLINE_CURVE_WITH_KNOTS('',8,(#1349,#1350,#1351,#1352,#1353,
    #1354,#1355,#1356,#1357),.UNSPECIFIED.,.F.,.F.,(9,9),(0.,1.),
  .PIECEWISE_BEZIER_KNOTS.);
#1349 = CARTESIAN_POINT('',(0.636516040062,0.840322091393));
#1350 = CARTESIAN_POINT('',(0.659506797399,0.832117683093));
#1351 = CARTESIAN_POINT('',(0.685819947757,0.823679847732));
#1352 = CARTESIAN_POINT('',(0.714214377419,0.815996768679));
#1353 = CARTESIAN_POINT('',(0.743711487267,0.809848187902));
#1354 = CARTESIAN_POINT('',(0.773492777896,0.805676167154));
#1355 = CARTESIAN_POINT('',(0.802709042488,0.803652761364));
#1356 = CARTESIAN_POINT('',(0.830241241052,0.803483717236));
#1357 = CARTESIAN_POINT('',(0.854454307667,0.804472058281));
#1358 = ( GEOMETRIC_REPRESENTATION_CONTEXT(2) 
PARAMETRIC_REPRESENTATION_CONTEXT() REPRESENTATION_CONTEXT('2D SPACE',''
  ) );
#1359 = ADVANCED_FACE('',(#1360),#556,.F.);
#1360 = FACE_BOUND('',#1361,.F.);
#1361 = EDGE_LOOP('',(#1362,#1403,#1404,#1405,#1406,#1426,#1467,#1508,
    #1549));
#1362 = ORIENTED_EDGE('',*,*,#1363,.F.);
#1363 = EDGE_CURVE('',#1156,#1364,#1366,.T.);
#1364 = VERTEX_POINT('',#1365);
#1365 = CARTESIAN_POINT('',(191.31288126997,750.,16.968941028978));
#1366 = SURFACE_CURVE('',#1367,(#1377,#1390),.PCURVE_S1.);
#1367 = B_SPLINE_CURVE_WITH_KNOTS('',8,(#1368,#1369,#1370,#1371,#1372,
    #1373,#1374,#1375,#1376),.UNSPECIFIED.,.F.,.F.,(9,9),(0.,1.),
  .PIECEWISE_BEZIER_KNOTS.);
#1368 = CARTESIAN_POINT('',(200.,750.,14.696936881436));
#1369 = CARTESIAN_POINT('',(199.02107929309,750.,15.186396652952));
#1370 = CARTESIAN_POINT('',(198.01781046904,750.,15.632111421733));
#1371 = CARTESIAN_POINT('',(196.98554715638,750.,16.031774665511));
#1372 = CARTESIAN_POINT('',(195.9207702728,750.,16.378567305255));
#1373 = CARTESIAN_POINT('',(194.82222807694,750.,16.664530822531));
#1374 = CARTESIAN_POINT('',(193.68821508871,750.,16.872937872126));
#1375 = CARTESIAN_POINT('',(192.52056649151,750.,16.988325718827));
#1376 = CARTESIAN_POINT('',(191.31288126997,750.,16.968941028978));
#1377 = PCURVE('',#556,#1378);
#1378 = DEFINITIONAL_REPRESENTATION('',(#1379),#1389);
#1379 = B_SPLINE_CURVE_WITH_KNOTS('',8,(#1380,#1381,#1382,#1383,#1384,
    #1385,#1386,#1387,#1388),.UNSPECIFIED.,.F.,.F.,(9,9),(0.,1.),
  .PIECEWISE_BEZIER_KNOTS.);
#1380 = CARTESIAN_POINT('',(1.,0.293938737629));
#1381 = CARTESIAN_POINT('',(0.980421585862,0.303727933059));
#1382 = CARTESIAN_POINT('',(0.960356209381,0.312642228435));
#1383 = CARTESIAN_POINT('',(0.939710943128,0.32063549331));
#1384 = CARTESIAN_POINT('',(0.918415405456,0.327571346105));
#1385 = CARTESIAN_POINT('',(0.896444561539,0.333290616451));
#1386 = CARTESIAN_POINT('',(0.873764301774,0.337458757443));
#1387 = CARTESIAN_POINT('',(0.85041132983,0.339766514377));
#1388 = CARTESIAN_POINT('',(0.826257625399,0.33937882058));
#1389 = ( GEOMETRIC_REPRESENTATION_CONTEXT(2) 
PARAMETRIC_REPRESENTATION_CONTEXT() REPRESENTATION_CONTEXT('2D SPACE',''
  ) );
#1390 = PCURVE('',#1203,#1391);
#1391 = DEFINITIONAL_REPRESENTATION('',(#1392),#1402);
#1392 = B_SPLINE_CURVE_WITH_KNOTS('',8,(#1393,#1394,#1395,#1396,#1397,
    #1398,#1399,#1400,#1401),.UNSPECIFIED.,.F.,.F.,(9,9),(0.,1.),
  .PIECEWISE_BEZIER_KNOTS.);
#1393 = CARTESIAN_POINT('',(0.166666651632,0.90202042079));
#1394 = CARTESIAN_POINT('',(0.185027860586,0.892231217601));
#1395 = CARTESIAN_POINT('',(0.203846240024,0.882571326982));
#1396 = CARTESIAN_POINT('',(0.223298335119,0.873025149939));
#1397 = CARTESIAN_POINT('',(0.243576112924,0.86361468645));
#1398 = CARTESIAN_POINT('',(0.264824355877,0.854384648363));
#1399 = CARTESIAN_POINT('',(0.287345713729,0.845435181444));
#1400 = CARTESIAN_POINT('',(0.311353571504,0.836881605151));
#1401 = CARTESIAN_POINT('',(0.337722342205,0.828959601607));
#1402 = ( GEOMETRIC_REPRESENTATION_CONTEXT(2) 
PARAMETRIC_REPRESENTATION_CONTEXT() REPRESENTATION_CONTEXT('2D SPACE',''
  ) );
#1403 = ORIENTED_EDGE('',*,*,#1155,.T.);
#1404 = ORIENTED_EDGE('',*,*,#945,.F.);
#1405 = ORIENTED_EDGE('',*,*,#542,.F.);
#1406 = ORIENTED_EDGE('',*,*,#1407,.T.);
#1407 = EDGE_CURVE('',#518,#1408,#1410,.T.);
#1408 = VERTEX_POINT('',#1409);
#1409 = CARTESIAN_POINT('',(185.30306311856,750.,-2.368475785867E-15));
#1410 = SURFACE_CURVE('',#1411,(#1414,#1420),.PCURVE_S1.);
#1411 = B_SPLINE_CURVE_WITH_KNOTS('',1,(#1412,#1413),.UNSPECIFIED.,.F.,
  .F.,(2,2),(0.,1.),.PIECEWISE_BEZIER_KNOTS.);
#1412 = CARTESIAN_POINT('',(150.,750.,0.));
#1413 = CARTESIAN_POINT('',(185.30306311856,750.,0.));
#1414 = PCURVE('',#556,#1415);
#1415 = DEFINITIONAL_REPRESENTATION('',(#1416),#1419);
#1416 = B_SPLINE_CURVE_WITH_KNOTS('',1,(#1417,#1418),.UNSPECIFIED.,.F.,
  .F.,(2,2),(0.,1.),.PIECEWISE_BEZIER_KNOTS.);
#1417 = CARTESIAN_POINT('',(0.,0.));
#1418 = CARTESIAN_POINT('',(0.706061262371,0.));
#1419 = ( GEOMETRIC_REPRESENTATION_CONTEXT(2) 
PARAMETRIC_REPRESENTATION_CONTEXT() REPRESENTATION_CONTEXT('2D SPACE',''
  ) );
#1420 = PCURVE('',#531,#1421);
#1421 = DEFINITIONAL_REPRESENTATION('',(#1422),#1425);
#1422 = B_SPLINE_CURVE_WITH_KNOTS('',1,(#1423,#1424),.UNSPECIFIED.,.F.,
  .F.,(2,2),(0.,1.),.PIECEWISE_BEZIER_KNOTS.);
#1423 = CARTESIAN_POINT('',(0.,1.));
#1424 = CARTESIAN_POINT('',(0.706061262371,1.));
#1425 = ( GEOMETRIC_REPRESENTATION_CONTEXT(2) 
PARAMETRIC_REPRESENTATION_CONTEXT() REPRESENTATION_CONTEXT('2D SPACE',''
  ) );
#1426 = ORIENTED_EDGE('',*,*,#1427,.F.);
#1427 = EDGE_CURVE('',#1428,#1408,#1430,.T.);
#1428 = VERTEX_POINT('',#1429);
#1429 = CARTESIAN_POINT('',(183.67144526108,750.,4.160081192477));
#1430 = SURFACE_CURVE('',#1431,(#1441,#1454),.PCURVE_S1.);
#1431 = B_SPLINE_CURVE_WITH_KNOTS('',8,(#1432,#1433,#1434,#1435,#1436,
    #1437,#1438,#1439,#1440),.UNSPECIFIED.,.F.,.F.,(9,9),(0.,1.),
  .PIECEWISE_BEZIER_KNOTS.);
#1432 = CARTESIAN_POINT('',(183.67144526108,750.,4.160081192477));
#1433 = CARTESIAN_POINT('',(183.82536521235,750.,3.612371501948));
#1434 = CARTESIAN_POINT('',(183.99610093706,750.,3.073113963325));
#1435 = CARTESIAN_POINT('',(184.18209274438,750.,2.541973740844));
#1436 = CARTESIAN_POINT('',(184.38205539216,750.,2.018687846797));
#1437 = CARTESIAN_POINT('',(184.5949342989,750.,1.503041168623));
#1438 = CARTESIAN_POINT('',(184.81986175569,750.,0.994842496007));
#1439 = CARTESIAN_POINT('',(185.05611313818,750.,0.493900547977));
#1440 = CARTESIAN_POINT('',(185.30306311856,750.,0.));
#1441 = PCURVE('',#556,#1442);
#1442 = DEFINITIONAL_REPRESENTATION('',(#1443),#1453);
#1443 = B_SPLINE_CURVE_WITH_KNOTS('',8,(#1444,#1445,#1446,#1447,#1448,
    #1449,#1450,#1451,#1452),.UNSPECIFIED.,.F.,.F.,(9,9),(0.,1.),
  .PIECEWISE_BEZIER_KNOTS.);
#1444 = CARTESIAN_POINT('',(0.673428905222,8.320162384953E-02));
#1445 = CARTESIAN_POINT('',(0.676507304247,7.224743003897E-02));
#1446 = CARTESIAN_POINT('',(0.679922018741,6.14622792665E-02));
#1447 = CARTESIAN_POINT('',(0.683641854888,5.083947481689E-02));
#1448 = CARTESIAN_POINT('',(0.687641107843,4.037375693595E-02));
#1449 = CARTESIAN_POINT('',(0.691898685978,3.006082337247E-02));
#1450 = CARTESIAN_POINT('',(0.696397235114,1.989684992015E-02));
#1451 = CARTESIAN_POINT('',(0.701122262764,9.878010959544E-03));
#1452 = CARTESIAN_POINT('',(0.706061262371,0.));
#1453 = ( GEOMETRIC_REPRESENTATION_CONTEXT(2) 
PARAMETRIC_REPRESENTATION_CONTEXT() REPRESENTATION_CONTEXT('2D SPACE',''
  ) );
#1454 = PCURVE('',#1203,#1455);
#1455 = DEFINITIONAL_REPRESENTATION('',(#1456),#1466);
#1456 = B_SPLINE_CURVE_WITH_KNOTS('',8,(#1457,#1458,#1459,#1460,#1461,
    #1462,#1463,#1464,#1465),.UNSPECIFIED.,.F.,.F.,(9,9),(0.,1.),
  .PIECEWISE_BEZIER_KNOTS.);
#1457 = CARTESIAN_POINT('',(0.754501041788,0.863409093791));
#1458 = CARTESIAN_POINT('',(0.765097514549,0.868086624736));
#1459 = CARTESIAN_POINT('',(0.775428660183,0.872819913158));
#1460 = CARTESIAN_POINT('',(0.785527340495,0.877600793357));
#1461 = CARTESIAN_POINT('',(0.795420278179,0.882422450302));
#1462 = CARTESIAN_POINT('',(0.805129470401,0.887279287535));
#1463 = CARTESIAN_POINT('',(0.814673602386,0.892166795065));
#1464 = CARTESIAN_POINT('',(0.824069461007,0.897081417268));
#1465 = CARTESIAN_POINT('',(0.833333348368,0.90202042079));
#1466 = ( GEOMETRIC_REPRESENTATION_CONTEXT(2) 
PARAMETRIC_REPRESENTATION_CONTEXT() REPRESENTATION_CONTEXT('2D SPACE',''
  ) );
#1467 = ORIENTED_EDGE('',*,*,#1468,.F.);
#1468 = EDGE_CURVE('',#1469,#1428,#1471,.T.);
#1469 = VERTEX_POINT('',#1470);
#1470 = CARTESIAN_POINT('',(183.06024509555,750.,9.354925960935));
#1471 = SURFACE_CURVE('',#1472,(#1482,#1495),.PCURVE_S1.);
#1472 = B_SPLINE_CURVE_WITH_KNOTS('',8,(#1473,#1474,#1475,#1476,#1477,
    #1478,#1479,#1480,#1481),.UNSPECIFIED.,.F.,.F.,(9,9),(0.,1.),
  .PIECEWISE_BEZIER_KNOTS.);
#1473 = CARTESIAN_POINT('',(183.06024509555,750.,9.354925960935));
#1474 = CARTESIAN_POINT('',(183.01047380685,750.,8.665348877579));
#1475 = CARTESIAN_POINT('',(183.00927367298,750.,7.987270360764));
#1476 = CARTESIAN_POINT('',(183.04775324472,750.,7.320629705061));
#1477 = CARTESIAN_POINT('',(183.12012110139,750.,6.665756605562));
#1478 = CARTESIAN_POINT('',(183.22185483516,750.,6.022740340612));
#1479 = CARTESIAN_POINT('',(183.34930946663,750.,5.391285483366));
#1480 = CARTESIAN_POINT('',(183.49983155435,750.,4.770752450002));
#1481 = CARTESIAN_POINT('',(183.67144526108,750.,4.160081192477));
#1482 = PCURVE('',#556,#1483);
#1483 = DEFINITIONAL_REPRESENTATION('',(#1484),#1494);
#1484 = B_SPLINE_CURVE_WITH_KNOTS('',8,(#1485,#1486,#1487,#1488,#1489,
    #1490,#1491,#1492,#1493),.UNSPECIFIED.,.F.,.F.,(9,9),(0.,1.),
  .PIECEWISE_BEZIER_KNOTS.);
#1485 = CARTESIAN_POINT('',(0.661204901911,0.187098519219));
#1486 = CARTESIAN_POINT('',(0.660209476137,0.173306977552));
#1487 = CARTESIAN_POINT('',(0.66018547346,0.159745407215));
#1488 = CARTESIAN_POINT('',(0.660955064895,0.146412594101));
#1489 = CARTESIAN_POINT('',(0.662402422028,0.133315132111));
#1490 = CARTESIAN_POINT('',(0.664437096703,0.120454806812));
#1491 = CARTESIAN_POINT('',(0.666986189333,0.107825709667));
#1492 = CARTESIAN_POINT('',(0.669996631087,9.541504900004E-02));
#1493 = CARTESIAN_POINT('',(0.673428905222,8.320162384953E-02));
#1494 = ( GEOMETRIC_REPRESENTATION_CONTEXT(2) 
PARAMETRIC_REPRESENTATION_CONTEXT() REPRESENTATION_CONTEXT('2D SPACE',''
  ) );
#1495 = PCURVE('',#1203,#1496);
#1496 = DEFINITIONAL_REPRESENTATION('',(#1497),#1507);
#1497 = B_SPLINE_CURVE_WITH_KNOTS('',8,(#1498,#1499,#1500,#1501,#1502,
    #1503,#1504,#1505,#1506),.UNSPECIFIED.,.F.,.F.,(9,9),(0.,1.),
  .PIECEWISE_BEZIER_KNOTS.);
#1498 = CARTESIAN_POINT('',(0.647486596608,0.824702127564));
#1499 = CARTESIAN_POINT('',(0.662988744588,0.828967499529));
#1500 = CARTESIAN_POINT('',(0.677662455955,0.833480022081));
#1501 = CARTESIAN_POINT('',(0.691670925957,0.838180823598));
#1502 = CARTESIAN_POINT('',(0.705107999658,0.843029096639));
#1503 = CARTESIAN_POINT('',(0.718047274987,0.84799409663));
#1504 = CARTESIAN_POINT('',(0.730554446512,0.853053493222));
#1505 = CARTESIAN_POINT('',(0.74268645925,0.858193860696));
#1506 = CARTESIAN_POINT('',(0.754501041788,0.863409093791));
#1507 = ( GEOMETRIC_REPRESENTATION_CONTEXT(2) 
PARAMETRIC_REPRESENTATION_CONTEXT() REPRESENTATION_CONTEXT('2D SPACE',''
  ) );
#1508 = ORIENTED_EDGE('',*,*,#1509,.F.);
#1509 = EDGE_CURVE('',#1510,#1469,#1512,.T.);
#1510 = VERTEX_POINT('',#1511);
#1511 = CARTESIAN_POINT('',(185.89896009043,750.,15.227947177566));
#1512 = SURFACE_CURVE('',#1513,(#1523,#1536),.PCURVE_S1.);
#1513 = B_SPLINE_CURVE_WITH_KNOTS('',8,(#1514,#1515,#1516,#1517,#1518,
    #1519,#1520,#1521,#1522),.UNSPECIFIED.,.F.,.F.,(9,9),(0.,1.),
  .PIECEWISE_BEZIER_KNOTS.);
#1514 = CARTESIAN_POINT('',(185.89896009043,750.,15.227947177565));
#1515 = CARTESIAN_POINT('',(185.18268170112,750.,14.659731342012));
#1516 = CARTESIAN_POINT('',(184.5510506029,750.,13.984946166788));
#1517 = CARTESIAN_POINT('',(184.05136859726,750.,13.234318289318));
#1518 = CARTESIAN_POINT('',(183.67499343909,750.,12.44677921629));
#1519 = CARTESIAN_POINT('',(183.40675472818,750.,11.651129605893));
#1520 = CARTESIAN_POINT('',(183.2256661348,750.,10.867474835524));
#1521 = CARTESIAN_POINT('',(183.11427215093,750.,10.103466339126));
#1522 = CARTESIAN_POINT('',(183.06024509555,750.,9.354925960935));
#1523 = PCURVE('',#556,#1524);
#1524 = DEFINITIONAL_REPRESENTATION('',(#1525),#1535);
#1525 = B_SPLINE_CURVE_WITH_KNOTS('',8,(#1526,#1527,#1528,#1529,#1530,
    #1531,#1532,#1533,#1534),.UNSPECIFIED.,.F.,.F.,(9,9),(0.,1.),
  .PIECEWISE_BEZIER_KNOTS.);
#1526 = CARTESIAN_POINT('',(0.717979201809,0.304558943551));
#1527 = CARTESIAN_POINT('',(0.703653634022,0.29319462684));
#1528 = CARTESIAN_POINT('',(0.691021012058,0.279698923336));
#1529 = CARTESIAN_POINT('',(0.681027371945,0.264686365786));
#1530 = CARTESIAN_POINT('',(0.673499868782,0.248935584326));
#1531 = CARTESIAN_POINT('',(0.668135094564,0.233022592118));
#1532 = CARTESIAN_POINT('',(0.664513322696,0.21734949671));
#1533 = CARTESIAN_POINT('',(0.662285443019,0.202069326783));
#1534 = CARTESIAN_POINT('',(0.661204901911,0.187098519219));
#1535 = ( GEOMETRIC_REPRESENTATION_CONTEXT(2) 
PARAMETRIC_REPRESENTATION_CONTEXT() REPRESENTATION_CONTEXT('2D SPACE',''
  ) );
#1536 = PCURVE('',#1203,#1537);
#1537 = DEFINITIONAL_REPRESENTATION('',(#1538),#1548);
#1538 = B_SPLINE_CURVE_WITH_KNOTS('',8,(#1539,#1540,#1541,#1542,#1543,
    #1544,#1545,#1546,#1547),.UNSPECIFIED.,.F.,.F.,(9,9),(0.,1.),
  .PIECEWISE_BEZIER_KNOTS.);
#1539 = CARTESIAN_POINT('',(0.478847453441,0.804473419419));
#1540 = CARTESIAN_POINT('',(0.502993529027,0.803486335727));
#1541 = CARTESIAN_POINT('',(0.527412234896,0.803774029574));
#1542 = CARTESIAN_POINT('',(0.550844210024,0.805447002053));
#1543 = CARTESIAN_POINT('',(0.572984234509,0.808188094819));
#1544 = CARTESIAN_POINT('',(0.593635309784,0.811704167482));
#1545 = CARTESIAN_POINT('',(0.612812153099,0.815721275329));
#1546 = CARTESIAN_POINT('',(0.630658914842,0.820072038745));
#1547 = CARTESIAN_POINT('',(0.647486596608,0.824702127564));
#1548 = ( GEOMETRIC_REPRESENTATION_CONTEXT(2) 
PARAMETRIC_REPRESENTATION_CONTEXT() REPRESENTATION_CONTEXT('2D SPACE',''
  ) );
#1549 = ORIENTED_EDGE('',*,*,#1550,.F.);
#1550 = EDGE_CURVE('',#1364,#1510,#1551,.T.);
#1551 = SURFACE_CURVE('',#1552,(#1562,#1575),.PCURVE_S1.);
#1552 = B_SPLINE_CURVE_WITH_KNOTS('',8,(#1553,#1554,#1555,#1556,#1557,
    #1558,#1559,#1560,#1561),.UNSPECIFIED.,.F.,.F.,(9,9),(0.,1.),
  .PIECEWISE_BEZIER_KNOTS.);
#1553 = CARTESIAN_POINT('',(191.31288126997,750.,16.968941028978));
#1554 = CARTESIAN_POINT('',(190.65032599397,750.,16.958306280533));
#1555 = CARTESIAN_POINT('',(189.98051287617,750.,16.907175728039));
#1556 = CARTESIAN_POINT('',(189.29829205669,750.,16.80950305997));
#1557 = CARTESIAN_POINT('',(188.60376235371,750.,16.65584908181));
#1558 = CARTESIAN_POINT('',(187.90274111401,750.,16.433610101007));
#1559 = CARTESIAN_POINT('',(187.20622295676,750.,16.129666950373));
#1560 = CARTESIAN_POINT('',(186.5311294487,750.,15.729440235967));
#1561 = CARTESIAN_POINT('',(185.89896009043,750.,15.227947177565));
#1562 = PCURVE('',#556,#1563);
#1563 = DEFINITIONAL_REPRESENTATION('',(#1564),#1574);
#1564 = B_SPLINE_CURVE_WITH_KNOTS('',8,(#1565,#1566,#1567,#1568,#1569,
    #1570,#1571,#1572,#1573),.UNSPECIFIED.,.F.,.F.,(9,9),(0.,1.),
  .PIECEWISE_BEZIER_KNOTS.);
#1565 = CARTESIAN_POINT('',(0.826257625399,0.33937882058));
#1566 = CARTESIAN_POINT('',(0.81300651988,0.339166125611));
#1567 = CARTESIAN_POINT('',(0.799610257523,0.338143514561));
#1568 = CARTESIAN_POINT('',(0.785965841134,0.336190061199));
#1569 = CARTESIAN_POINT('',(0.772075247074,0.333116981636));
#1570 = CARTESIAN_POINT('',(0.75805482228,0.32867220202));
#1571 = CARTESIAN_POINT('',(0.744124459135,0.322593339007));
#1572 = CARTESIAN_POINT('',(0.730622588974,0.314588804719));
#1573 = CARTESIAN_POINT('',(0.717979201809,0.304558943551));
#1574 = ( GEOMETRIC_REPRESENTATION_CONTEXT(2) 
PARAMETRIC_REPRESENTATION_CONTEXT() REPRESENTATION_CONTEXT('2D SPACE',''
  ) );
#1575 = PCURVE('',#1203,#1576);
#1576 = DEFINITIONAL_REPRESENTATION('',(#1577),#1587);
#1577 = B_SPLINE_CURVE_WITH_KNOTS('',8,(#1578,#1579,#1580,#1581,#1582,
    #1583,#1584,#1585,#1586),.UNSPECIFIED.,.F.,.F.,(9,9),(0.,1.),
  .PIECEWISE_BEZIER_KNOTS.);
#1578 = CARTESIAN_POINT('',(0.337722342205,0.828959601607));
#1579 = CARTESIAN_POINT('',(0.35218866823,0.824613464756));
#1580 = CARTESIAN_POINT('',(0.367261071599,0.820488914321));
#1581 = CARTESIAN_POINT('',(0.383164172178,0.816591926645));
#1582 = CARTESIAN_POINT('',(0.400060098469,0.812986088479));
#1583 = CARTESIAN_POINT('',(0.418062238127,0.809794206753));
#1584 = CARTESIAN_POINT('',(0.437214262866,0.807177040043));
#1585 = CARTESIAN_POINT('',(0.457536732168,0.805344594752));
#1586 = CARTESIAN_POINT('',(0.478847453441,0.804473419419));
#1587 = ( GEOMETRIC_REPRESENTATION_CONTEXT(2) 
PARAMETRIC_REPRESENTATION_CONTEXT() REPRESENTATION_CONTEXT('2D SPACE',''
  ) );
#1588 = ADVANCED_FACE('',(#1589),#531,.F.);
#1589 = FACE_BOUND('',#1590,.F.);
#1590 = EDGE_LOOP('',(#1591,#1632,#1673,#1714,#1755,#1794,#1795,#1796,
    #1797));
#1591 = ORIENTED_EDGE('',*,*,#1592,.F.);
#1592 = EDGE_CURVE('',#1593,#1070,#1595,.T.);
#1593 = VERTEX_POINT('',#1594);
#1594 = CARTESIAN_POINT('',(192.43908556708,733.06187533538,
    3.552713678801E-15));
#1595 = SURFACE_CURVE('',#1596,(#1606,#1619),.PCURVE_S1.);
#1596 = B_SPLINE_CURVE_WITH_KNOTS('',8,(#1597,#1598,#1599,#1600,#1601,
    #1602,#1603,#1604,#1605),.UNSPECIFIED.,.F.,.F.,(9,9),(0.,1.),
  .PIECEWISE_BEZIER_KNOTS.);
#1597 = CARTESIAN_POINT('',(192.43908556708,733.06187533538,0.));
#1598 = CARTESIAN_POINT('',(193.5397455604,733.13784346131,0.));
#1599 = CARTESIAN_POINT('',(194.59266252986,733.30896058975,
    2.363124610037E-14));
#1600 = CARTESIAN_POINT('',(195.60020401674,733.54640770499,
    -6.152907157479E-14));
#1601 = CARTESIAN_POINT('',(196.56046398044,733.83483721765,
    7.404910160254E-14));
#1602 = CARTESIAN_POINT('',(197.47576448056,734.16063254944,
    -4.975991124642E-14));
#1603 = CARTESIAN_POINT('',(198.34956617072,734.51629943751,
    1.678032784633E-14));
#1604 = CARTESIAN_POINT('',(199.18822365599,734.89717975149,
    3.433122659522E-27));
#1605 = CARTESIAN_POINT('',(200.,735.30306792349,7.699282434957E-27));
#1606 = PCURVE('',#531,#1607);
#1607 = DEFINITIONAL_REPRESENTATION('',(#1608),#1618);
#1608 = B_SPLINE_CURVE_WITH_KNOTS('',8,(#1609,#1610,#1611,#1612,#1613,
    #1614,#1615,#1616,#1617),.UNSPECIFIED.,.F.,.F.,(9,9),(0.,1.),
  .PIECEWISE_BEZIER_KNOTS.);
#1609 = CARTESIAN_POINT('',(0.848781711342,0.661237506708));
#1610 = CARTESIAN_POINT('',(0.870794911208,0.662756869226));
#1611 = CARTESIAN_POINT('',(0.891853250597,0.666179211795));
#1612 = CARTESIAN_POINT('',(0.912004080335,0.6709281541));
#1613 = CARTESIAN_POINT('',(0.931209279609,0.676696744353));
#1614 = CARTESIAN_POINT('',(0.949515289611,0.683212650989));
#1615 = CARTESIAN_POINT('',(0.966991323414,0.69032598875));
#1616 = CARTESIAN_POINT('',(0.98376447312,0.69794359503));
#1617 = CARTESIAN_POINT('',(1.,0.70606135847));
#1618 = ( GEOMETRIC_REPRESENTATION_CONTEXT(2) 
PARAMETRIC_REPRESENTATION_CONTEXT() REPRESENTATION_CONTEXT('2D SPACE',''
  ) );
#1619 = PCURVE('',#1099,#1620);
#1620 = DEFINITIONAL_REPRESENTATION('',(#1621),#1631);
#1621 = B_SPLINE_CURVE_WITH_KNOTS('',8,(#1622,#1623,#1624,#1625,#1626,
    #1627,#1628,#1629,#1630),.UNSPECIFIED.,.F.,.F.,(9,9),(0.,1.),
  .PIECEWISE_BEZIER_KNOTS.);
#1622 = CARTESIAN_POINT('',(0.353014629443,0.836673072683));
#1623 = CARTESIAN_POINT('',(0.376074398076,0.844517260145));
#1624 = CARTESIAN_POINT('',(0.397184118209,0.852677487464));
#1625 = CARTESIAN_POINT('',(0.416856324351,0.860977411478));
#1626 = CARTESIAN_POINT('',(0.435256615685,0.869302007987));
#1627 = CARTESIAN_POINT('',(0.452601720012,0.8775759802));
#1628 = CARTESIAN_POINT('',(0.469043203295,0.885772437388));
#1629 = CARTESIAN_POINT('',(0.484773811788,0.893902689383));
#1630 = CARTESIAN_POINT('',(0.5,0.902020452823));
#1631 = ( GEOMETRIC_REPRESENTATION_CONTEXT(2) 
PARAMETRIC_REPRESENTATION_CONTEXT() REPRESENTATION_CONTEXT('2D SPACE',''
  ) );
#1632 = ORIENTED_EDGE('',*,*,#1633,.F.);
#1633 = EDGE_CURVE('',#1634,#1593,#1636,.T.);
#1634 = VERTEX_POINT('',#1635);
#1635 = CARTESIAN_POINT('',(184.48242719796,736.29111441709,0.));
#1636 = SURFACE_CURVE('',#1637,(#1647,#1660),.PCURVE_S1.);
#1637 = B_SPLINE_CURVE_WITH_KNOTS('',8,(#1638,#1639,#1640,#1641,#1642,
    #1643,#1644,#1645,#1646),.UNSPECIFIED.,.F.,.F.,(9,9),(0.,1.),
  .PIECEWISE_BEZIER_KNOTS.);
#1638 = CARTESIAN_POINT('',(184.48242719796,736.29111441709,0.));
#1639 = CARTESIAN_POINT('',(184.98747005999,735.55579135425,0.));
#1640 = CARTESIAN_POINT('',(185.66328640429,734.79600023921,
    1.917032297044E-14));
#1641 = CARTESIAN_POINT('',(186.52528058082,734.10581294176,
    -5.255674457005E-14));
#1642 = CARTESIAN_POINT('',(187.56766029806,733.55618254948,
    5.414988826911E-14));
#1643 = CARTESIAN_POINT('',(188.75294848347,733.18445175343,
    -2.580277342247E-14));
#1644 = CARTESIAN_POINT('',(190.02203978328,733.00277271422,
    9.875125103759E-16));
#1645 = CARTESIAN_POINT('',(191.28777259477,732.98241111446,
    -2.467556911531E-27));
#1646 = CARTESIAN_POINT('',(192.43908556708,733.06187533538,
    6.373996114186E-28));
#1647 = PCURVE('',#531,#1648);
#1648 = DEFINITIONAL_REPRESENTATION('',(#1649),#1659);
#1649 = B_SPLINE_CURVE_WITH_KNOTS('',8,(#1650,#1651,#1652,#1653,#1654,
    #1655,#1656,#1657,#1658),.UNSPECIFIED.,.F.,.F.,(9,9),(0.,1.),
  .PIECEWISE_BEZIER_KNOTS.);
#1650 = CARTESIAN_POINT('',(0.689648543959,0.725822288342));
#1651 = CARTESIAN_POINT('',(0.6997494012,0.711115827085));
#1652 = CARTESIAN_POINT('',(0.713265728086,0.695920004784));
#1653 = CARTESIAN_POINT('',(0.730505611616,0.682116258835));
#1654 = CARTESIAN_POINT('',(0.751353205961,0.67112365099));
#1655 = CARTESIAN_POINT('',(0.775058969669,0.663689035069));
#1656 = CARTESIAN_POINT('',(0.800440795666,0.660055454284));
#1657 = CARTESIAN_POINT('',(0.825755451895,0.659648222289));
#1658 = CARTESIAN_POINT('',(0.848781711342,0.661237506708));
#1659 = ( GEOMETRIC_REPRESENTATION_CONTEXT(2) 
PARAMETRIC_REPRESENTATION_CONTEXT() REPRESENTATION_CONTEXT('2D SPACE',''
  ) );
#1660 = PCURVE('',#1099,#1661);
#1661 = DEFINITIONAL_REPRESENTATION('',(#1662),#1672);
#1662 = B_SPLINE_CURVE_WITH_KNOTS('',8,(#1663,#1664,#1665,#1666,#1667,
    #1668,#1669,#1670,#1671),.UNSPECIFIED.,.F.,.F.,(9,9),(0.,1.),
  .PIECEWISE_BEZIER_KNOTS.);
#1663 = CARTESIAN_POINT('',(0.132677300341,0.8051569441));
#1664 = CARTESIAN_POINT('',(0.1560755994,0.803621742762));
#1665 = CARTESIAN_POINT('',(0.182946813223,0.803061910957));
#1666 = CARTESIAN_POINT('',(0.211885644562,0.804207290151));
#1667 = CARTESIAN_POINT('',(0.241835584134,0.80749228565));
#1668 = CARTESIAN_POINT('',(0.27194082261,0.812916001579));
#1669 = CARTESIAN_POINT('',(0.30133545516,0.82016541665));
#1670 = CARTESIAN_POINT('',(0.328893637559,0.828467891395));
#1671 = CARTESIAN_POINT('',(0.353014629443,0.836673072683));
#1672 = ( GEOMETRIC_REPRESENTATION_CONTEXT(2) 
PARAMETRIC_REPRESENTATION_CONTEXT() REPRESENTATION_CONTEXT('2D SPACE',''
  ) );
#1673 = ORIENTED_EDGE('',*,*,#1674,.F.);
#1674 = EDGE_CURVE('',#1675,#1634,#1677,.T.);
#1675 = VERTEX_POINT('',#1676);
#1676 = CARTESIAN_POINT('',(183.02943725152,741.51471862576,
    -1.184237892934E-15));
#1677 = SURFACE_CURVE('',#1678,(#1688,#1701),.PCURVE_S1.);
#1678 = B_SPLINE_CURVE_WITH_KNOTS('',8,(#1679,#1680,#1681,#1682,#1683,
    #1684,#1685,#1686,#1687),.UNSPECIFIED.,.F.,.F.,(9,9),(0.,1.),
  .PIECEWISE_BEZIER_KNOTS.);
#1679 = CARTESIAN_POINT('',(183.02943725152,741.51471862576,0.));
#1680 = CARTESIAN_POINT('',(183.02943725152,740.87165716039,0.));
#1681 = CARTESIAN_POINT('',(183.06657679527,740.22607161693,
    -6.421833899428E-16));
#1682 = CARTESIAN_POINT('',(183.14505507742,739.57490202825,
    1.806376176275E-14));
#1683 = CARTESIAN_POINT('',(183.27169053256,738.91740948418,
    -4.139129620015E-14));
#1684 = CARTESIAN_POINT('',(183.4547945179,738.25505027752,
    3.115878309023E-14));
#1685 = CARTESIAN_POINT('',(183.7067515286,737.59183463548,
    -8.75431094588E-15));
#1686 = CARTESIAN_POINT('',(184.04083348637,736.93405794714,
    5.869125134844E-28));
#1687 = CARTESIAN_POINT('',(184.48242719796,736.29111441709,
    -1.072850831101E-28));
#1688 = PCURVE('',#531,#1689);
#1689 = DEFINITIONAL_REPRESENTATION('',(#1690),#1700);
#1690 = B_SPLINE_CURVE_WITH_KNOTS('',8,(#1691,#1692,#1693,#1694,#1695,
    #1696,#1697,#1698,#1699),.UNSPECIFIED.,.F.,.F.,(9,9),(0.,1.),
  .PIECEWISE_BEZIER_KNOTS.);
#1691 = CARTESIAN_POINT('',(0.66058874503,0.830294372515));
#1692 = CARTESIAN_POINT('',(0.66058874503,0.817433143208));
#1693 = CARTESIAN_POINT('',(0.661331535906,0.804521432339));
#1694 = CARTESIAN_POINT('',(0.662901101549,0.791498040565));
#1695 = CARTESIAN_POINT('',(0.665433810651,0.778348189684));
#1696 = CARTESIAN_POINT('',(0.669095890358,0.765101005551));
#1697 = CARTESIAN_POINT('',(0.674135030572,0.75183669271));
#1698 = CARTESIAN_POINT('',(0.680816669728,0.738681158943));
#1699 = CARTESIAN_POINT('',(0.689648543959,0.725822288342));
#1700 = ( GEOMETRIC_REPRESENTATION_CONTEXT(2) 
PARAMETRIC_REPRESENTATION_CONTEXT() REPRESENTATION_CONTEXT('2D SPACE',''
  ) );
#1701 = PCURVE('',#1099,#1702);
#1702 = DEFINITIONAL_REPRESENTATION('',(#1703),#1713);
#1703 = B_SPLINE_CURVE_WITH_KNOTS('',8,(#1704,#1705,#1706,#1707,#1708,
    #1709,#1710,#1711,#1712),.UNSPECIFIED.,.F.,.F.,(9,9),(0.,1.),
  .PIECEWISE_BEZIER_KNOTS.);
#1704 = CARTESIAN_POINT('',(0.,0.830294372515));
#1705 = CARTESIAN_POINT('',(1.392758243187E-02,0.826007296079));
#1706 = CARTESIAN_POINT('',(2.831211731471E-02,0.821950989415));
#1707 = CARTESIAN_POINT('',(4.330524789221E-02,0.818133047371));
#1708 = CARTESIAN_POINT('',(5.905130988603E-02,0.814594000112));
#1709 = CARTESIAN_POINT('',(7.567623979853E-02,0.811398965303));
#1710 = CARTESIAN_POINT('',(9.334697700695E-02,0.808657241094));
#1711 = CARTESIAN_POINT('',(0.112218558116,0.806499276223));
#1712 = CARTESIAN_POINT('',(0.132677300341,0.8051569441));
#1713 = ( GEOMETRIC_REPRESENTATION_CONTEXT(2) 
PARAMETRIC_REPRESENTATION_CONTEXT() REPRESENTATION_CONTEXT('2D SPACE',''
  ) );
#1714 = ORIENTED_EDGE('',*,*,#1715,.F.);
#1715 = EDGE_CURVE('',#1716,#1675,#1718,.T.);
#1716 = VERTEX_POINT('',#1717);
#1717 = CARTESIAN_POINT('',(183.80720938353,746.30191609862,
    3.552713678801E-15));
#1718 = SURFACE_CURVE('',#1719,(#1729,#1742),.PCURVE_S1.);
#1719 = B_SPLINE_CURVE_WITH_KNOTS('',8,(#1720,#1721,#1722,#1723,#1724,
    #1725,#1726,#1727,#1728),.UNSPECIFIED.,.F.,.F.,(9,9),(0.,1.),
  .PIECEWISE_BEZIER_KNOTS.);
#1720 = CARTESIAN_POINT('',(183.80720938353,746.30191609862,
    3.5527136788E-15));
#1721 = CARTESIAN_POINT('',(183.65107512756,745.7927322112,
    3.5527136788E-15));
#1722 = CARTESIAN_POINT('',(183.50546011033,745.26481741215,
    -4.910778751486E-15));
#1723 = CARTESIAN_POINT('',(183.37070779735,744.71093691863,
    -2.492110328563E-14));
#1724 = CARTESIAN_POINT('',(183.24957492406,744.12662846702,
    6.660912646388E-14));
#1725 = CARTESIAN_POINT('',(183.14736515787,743.51042729068,
    -9.786349445824E-14));
#1726 = CARTESIAN_POINT('',(183.07096602931,742.86454511575,
    7.81692499225E-14));
#1727 = CARTESIAN_POINT('',(183.02943725152,742.19477027412,
    1.224312124903E-27));
#1728 = CARTESIAN_POINT('',(183.02943725152,741.51471862576,
    1.245769141525E-26));
#1729 = PCURVE('',#531,#1730);
#1730 = DEFINITIONAL_REPRESENTATION('',(#1731),#1741);
#1731 = B_SPLINE_CURVE_WITH_KNOTS('',8,(#1732,#1733,#1734,#1735,#1736,
    #1737,#1738,#1739,#1740),.UNSPECIFIED.,.F.,.F.,(9,9),(0.,1.),
  .PIECEWISE_BEZIER_KNOTS.);
#1732 = CARTESIAN_POINT('',(0.676144187671,0.926038321972));
#1733 = CARTESIAN_POINT('',(0.673021502551,0.915854644224));
#1734 = CARTESIAN_POINT('',(0.670109202207,0.905296348243));
#1735 = CARTESIAN_POINT('',(0.667414155947,0.894218738373));
#1736 = CARTESIAN_POINT('',(0.664991498481,0.882532569341));
#1737 = CARTESIAN_POINT('',(0.662947303157,0.870208545814));
#1738 = CARTESIAN_POINT('',(0.661419320586,0.857290902315));
#1739 = CARTESIAN_POINT('',(0.66058874503,0.843895405483));
#1740 = CARTESIAN_POINT('',(0.66058874503,0.830294372515));
#1741 = ( GEOMETRIC_REPRESENTATION_CONTEXT(2) 
PARAMETRIC_REPRESENTATION_CONTEXT() REPRESENTATION_CONTEXT('2D SPACE',''
  ) );
#1742 = PCURVE('',#1203,#1743);
#1743 = DEFINITIONAL_REPRESENTATION('',(#1744),#1754);
#1744 = B_SPLINE_CURVE_WITH_KNOTS('',8,(#1745,#1746,#1747,#1748,#1749,
    #1750,#1751,#1752,#1753),.UNSPECIFIED.,.F.,.F.,(9,9),(0.,1.),
  .PIECEWISE_BEZIER_KNOTS.);
#1745 = CARTESIAN_POINT('',(0.903257811347,0.867394169881));
#1746 = CARTESIAN_POINT('',(0.913043529465,0.862958715592));
#1747 = CARTESIAN_POINT('',(0.923265951951,0.858468516817));
#1748 = CARTESIAN_POINT('',(0.934090520127,0.85387763144));
#1749 = CARTESIAN_POINT('',(0.945641048274,0.849174689274));
#1750 = CARTESIAN_POINT('',(0.958005355018,0.84438528299));
#1751 = CARTESIAN_POINT('',(0.971214866331,0.8395700743));
#1752 = CARTESIAN_POINT('',(0.985271275142,0.834828050171));
#1753 = CARTESIAN_POINT('',(1.,0.830294372515));
#1754 = ( GEOMETRIC_REPRESENTATION_CONTEXT(2) 
PARAMETRIC_REPRESENTATION_CONTEXT() REPRESENTATION_CONTEXT('2D SPACE',''
  ) );
#1755 = ORIENTED_EDGE('',*,*,#1756,.F.);
#1756 = EDGE_CURVE('',#1408,#1716,#1757,.T.);
#1757 = SURFACE_CURVE('',#1758,(#1768,#1781),.PCURVE_S1.);
#1758 = B_SPLINE_CURVE_WITH_KNOTS('',8,(#1759,#1760,#1761,#1762,#1763,
    #1764,#1765,#1766,#1767),.UNSPECIFIED.,.F.,.F.,(9,9),(0.,1.),
  .PIECEWISE_BEZIER_KNOTS.);
#1759 = CARTESIAN_POINT('',(185.30306311856,750.,0.));
#1760 = CARTESIAN_POINT('',(185.09828955099,749.59045335178,0.));
#1761 = CARTESIAN_POINT('',(184.89730627461,749.16892626942,
    6.208477187609E-15));
#1762 = CARTESIAN_POINT('',(184.70044503572,748.73405943277,
    -1.003386395553E-14));
#1763 = CARTESIAN_POINT('',(184.50824517412,748.28446172838,
    -6.356051912574E-17));
#1764 = CARTESIAN_POINT('',(184.32151991657,747.81854743879,
    9.136625266428E-15));
#1765 = CARTESIAN_POINT('',(184.14135527456,747.33453724162,
    -6.955874848292E-15));
#1766 = CARTESIAN_POINT('',(183.96920054145,746.83020047163,
    3.5527136788E-15));
#1767 = CARTESIAN_POINT('',(183.80720938353,746.30191609862,
    3.5527136788E-15));
#1768 = PCURVE('',#531,#1769);
#1769 = DEFINITIONAL_REPRESENTATION('',(#1770),#1780);
#1770 = B_SPLINE_CURVE_WITH_KNOTS('',8,(#1771,#1772,#1773,#1774,#1775,
    #1776,#1777,#1778,#1779),.UNSPECIFIED.,.F.,.F.,(9,9),(0.,1.),
  .PIECEWISE_BEZIER_KNOTS.);
#1771 = CARTESIAN_POINT('',(0.706061262371,1.));
#1772 = CARTESIAN_POINT('',(0.70196579102,0.991809067036));
#1773 = CARTESIAN_POINT('',(0.697946125492,0.983378525388));
#1774 = CARTESIAN_POINT('',(0.694008900714,0.974681188655));
#1775 = CARTESIAN_POINT('',(0.690164903483,0.965689234568));
#1776 = CARTESIAN_POINT('',(0.686430398331,0.956370948776));
#1777 = CARTESIAN_POINT('',(0.682827105491,0.946690744832));
#1778 = CARTESIAN_POINT('',(0.679384010829,0.936604009433));
#1779 = CARTESIAN_POINT('',(0.676144187671,0.926038321972));
#1780 = ( GEOMETRIC_REPRESENTATION_CONTEXT(2) 
PARAMETRIC_REPRESENTATION_CONTEXT() REPRESENTATION_CONTEXT('2D SPACE',''
  ) );
#1781 = PCURVE('',#1203,#1782);
#1782 = DEFINITIONAL_REPRESENTATION('',(#1783),#1793);
#1783 = B_SPLINE_CURVE_WITH_KNOTS('',8,(#1784,#1785,#1786,#1787,#1788,
    #1789,#1790,#1791,#1792),.UNSPECIFIED.,.F.,.F.,(9,9),(0.,1.),
  .PIECEWISE_BEZIER_KNOTS.);
#1784 = CARTESIAN_POINT('',(0.833333348368,0.90202042079));
#1785 = CARTESIAN_POINT('',(0.841015044681,0.897924952685));
#1786 = CARTESIAN_POINT('',(0.848921439152,0.893774883627));
#1787 = CARTESIAN_POINT('',(0.857084928758,0.889563363123));
#1788 = CARTESIAN_POINT('',(0.865539886502,0.885284712683));
#1789 = CARTESIAN_POINT('',(0.874327299371,0.880933782369));
#1790 = CARTESIAN_POINT('',(0.883495061275,0.876505950108));
#1791 = CARTESIAN_POINT('',(0.893105011762,0.871996006754));
#1792 = CARTESIAN_POINT('',(0.903257811347,0.867394169881));
#1793 = ( GEOMETRIC_REPRESENTATION_CONTEXT(2) 
PARAMETRIC_REPRESENTATION_CONTEXT() REPRESENTATION_CONTEXT('2D SPACE',''
  ) );
#1794 = ORIENTED_EDGE('',*,*,#1407,.F.);
#1795 = ORIENTED_EDGE('',*,*,#517,.F.);
#1796 = ORIENTED_EDGE('',*,*,#718,.T.);
#1797 = ORIENTED_EDGE('',*,*,#1135,.T.);
#1798 = ADVANCED_FACE('',(#1799),#119,.F.);
#1799 = FACE_BOUND('',#1800,.F.);
#1800 = EDGE_LOOP('',(#1801,#1802,#1803,#1804,#1805,#1806,#1807,#1808,
    #1809,#1810,#1811,#1812,#1813));
#1801 = ORIENTED_EDGE('',*,*,#588,.T.);
#1802 = ORIENTED_EDGE('',*,*,#428,.F.);
#1803 = ORIENTED_EDGE('',*,*,#89,.T.);
#1804 = ORIENTED_EDGE('',*,*,#409,.T.);
#1805 = ORIENTED_EDGE('',*,*,#1025,.T.);
#1806 = ORIENTED_EDGE('',*,*,#984,.T.);
#1807 = ORIENTED_EDGE('',*,*,#630,.T.);
#1808 = ORIENTED_EDGE('',*,*,#901,.T.);
#1809 = ORIENTED_EDGE('',*,*,#860,.T.);
#1810 = ORIENTED_EDGE('',*,*,#819,.T.);
#1811 = ORIENTED_EDGE('',*,*,#778,.T.);
#1812 = ORIENTED_EDGE('',*,*,#737,.T.);
#1813 = ORIENTED_EDGE('',*,*,#449,.T.);
#1814 = ADVANCED_FACE('',(#1815),#1099,.F.);
#1815 = FACE_BOUND('',#1816,.F.);
#1816 = EDGE_LOOP('',(#1817,#1818,#1819,#1820,#1821,#1822,#1823,#1843,
    #1886));
#1817 = ORIENTED_EDGE('',*,*,#1674,.T.);
#1818 = ORIENTED_EDGE('',*,*,#1633,.T.);
#1819 = ORIENTED_EDGE('',*,*,#1592,.T.);
#1820 = ORIENTED_EDGE('',*,*,#1069,.T.);
#1821 = ORIENTED_EDGE('',*,*,#1321,.T.);
#1822 = ORIENTED_EDGE('',*,*,#1280,.T.);
#1823 = ORIENTED_EDGE('',*,*,#1824,.T.);
#1824 = EDGE_CURVE('',#1240,#1825,#1827,.T.);
#1825 = VERTEX_POINT('',#1826);
#1826 = CARTESIAN_POINT('',(208.48528137423,750.,8.485281374239));
#1827 = SURFACE_CURVE('',#1828,(#1831,#1837),.PCURVE_S1.);
#1828 = B_SPLINE_CURVE_WITH_KNOTS('',1,(#1829,#1830),.UNSPECIFIED.,.F.,
  .F.,(2,2),(0.,1.),.PIECEWISE_BEZIER_KNOTS.);
#1829 = CARTESIAN_POINT('',(200.,741.51471862576,16.970562748477));
#1830 = CARTESIAN_POINT('',(208.48528137423,750.,8.485281374239));
#1831 = PCURVE('',#1099,#1832);
#1832 = DEFINITIONAL_REPRESENTATION('',(#1833),#1836);
#1833 = B_SPLINE_CURVE_WITH_KNOTS('',1,(#1834,#1835),.UNSPECIFIED.,.F.,
  .F.,(2,2),(0.,1.),.PIECEWISE_BEZIER_KNOTS.);
#1834 = CARTESIAN_POINT('',(1.,0.830294372515));
#1835 = CARTESIAN_POINT('',(1.,1.));
#1836 = ( GEOMETRIC_REPRESENTATION_CONTEXT(2) 
PARAMETRIC_REPRESENTATION_CONTEXT() REPRESENTATION_CONTEXT('2D SPACE',''
  ) );
#1837 = PCURVE('',#1203,#1838);
#1838 = DEFINITIONAL_REPRESENTATION('',(#1839),#1842);
#1839 = B_SPLINE_CURVE_WITH_KNOTS('',1,(#1840,#1841),.UNSPECIFIED.,.F.,
  .F.,(2,2),(0.,1.),.PIECEWISE_BEZIER_KNOTS.);
#1840 = CARTESIAN_POINT('',(0.,0.830294372515));
#1841 = CARTESIAN_POINT('',(0.,1.));
#1842 = ( GEOMETRIC_REPRESENTATION_CONTEXT(2) 
PARAMETRIC_REPRESENTATION_CONTEXT() REPRESENTATION_CONTEXT('2D SPACE',''
  ) );
#1843 = ORIENTED_EDGE('',*,*,#1844,.F.);
#1844 = EDGE_CURVE('',#1845,#1825,#1847,.T.);
#1845 = VERTEX_POINT('',#1846);
#1846 = CARTESIAN_POINT('',(191.51471862576,750.,-8.485281374239));
#1847 = SURFACE_CURVE('',#1848,(#1860,#1866),.PCURVE_S1.);
#1848 = B_SPLINE_CURVE_WITH_KNOTS('',10,(#1849,#1850,#1851,#1852,#1853,
    #1854,#1855,#1856,#1857,#1858,#1859),.UNSPECIFIED.,.F.,.F.,(11,11),(
    0.,1.),.PIECEWISE_BEZIER_KNOTS.);
#1849 = CARTESIAN_POINT('',(191.51471862576,750.,-8.485281374239));
#1850 = CARTESIAN_POINT('',(193.05377842195,746.92188040761,
    -10.02434117043));
#1851 = CARTESIAN_POINT('',(195.52335344476,743.84376081522,-10.63288574
    ));
#1852 = CARTESIAN_POINT('',(198.71247270339,741.18758320444,
    -10.09994409215));
#1853 = CARTESIAN_POINT('',(202.24616847174,739.37528955689,
    -8.378541971363));
#1854 = CARTESIAN_POINT('',(205.6351652686,738.72966946278,
    -5.635165268607));
#1855 = CARTESIAN_POINT('',(208.37854197136,739.37528955689,
    -2.24616847174));
#1856 = CARTESIAN_POINT('',(210.09994409215,741.18758320444,
    1.287527296607));
#1857 = CARTESIAN_POINT('',(210.63288574,743.84376081522,4.476646555232)
  );
#1858 = CARTESIAN_POINT('',(210.02434117043,746.92188040761,
    6.946221578044));
#1859 = CARTESIAN_POINT('',(208.48528137423,750.,8.485281374239));
#1860 = PCURVE('',#1099,#1861);
#1861 = DEFINITIONAL_REPRESENTATION('',(#1862),#1865);
#1862 = B_SPLINE_CURVE_WITH_KNOTS('',1,(#1863,#1864),.UNSPECIFIED.,.F.,
  .F.,(2,2),(0.,1.),.PIECEWISE_BEZIER_KNOTS.);
#1863 = CARTESIAN_POINT('',(0.,1.));
#1864 = CARTESIAN_POINT('',(1.,1.));
#1865 = ( GEOMETRIC_REPRESENTATION_CONTEXT(2) 
PARAMETRIC_REPRESENTATION_CONTEXT() REPRESENTATION_CONTEXT('2D SPACE',''
  ) );
#1866 = PCURVE('',#1867,#1872);
#1867 = B_SPLINE_SURFACE_WITH_KNOTS('',1,1,(
    (#1868,#1869)
    ,(#1870,#1871
    )),.UNSPECIFIED.,.F.,.F.,.F.,(2,2),(2,2),(0.,1.),(0.,1.),
  .PIECEWISE_BEZIER_KNOTS.);
#1868 = CARTESIAN_POINT('',(185.87955335715,761.27033053721,
    -2.850116105643));
#1869 = CARTESIAN_POINT('',(197.14988389437,738.72966946277,
    -14.12044664284));
#1870 = CARTESIAN_POINT('',(202.85011610562,761.27033053722,
    14.120446642841));
#1871 = CARTESIAN_POINT('',(214.12044664284,738.72966946278,
    2.850116105643));
#1872 = DEFINITIONAL_REPRESENTATION('',(#1873),#1885);
#1873 = B_SPLINE_CURVE_WITH_KNOTS('',10,(#1874,#1875,#1876,#1877,#1878,
    #1879,#1880,#1881,#1882,#1883,#1884),.UNSPECIFIED.,.F.,.F.,(11,11),(
    0.,1.),.PIECEWISE_BEZIER_KNOTS.);
#1874 = CARTESIAN_POINT('',(9.485497852158E-14,0.5));
#1875 = CARTESIAN_POINT('',(-5.213190990006E-14,0.636558532255));
#1876 = CARTESIAN_POINT('',(5.48311355614E-02,0.77311706451));
#1877 = CARTESIAN_POINT('',(0.164493406684,0.89095644828));
#1878 = CARTESIAN_POINT('',(0.319323213068,0.971357535079));
#1879 = CARTESIAN_POINT('',(0.499999999999,1.));
#1880 = CARTESIAN_POINT('',(0.680676786931,0.971357535079));
#1881 = CARTESIAN_POINT('',(0.835506593315,0.890956448281));
#1882 = CARTESIAN_POINT('',(0.945168864438,0.773117064511));
#1883 = CARTESIAN_POINT('',(1.,0.636558532255));
#1884 = CARTESIAN_POINT('',(1.,0.5));
#1885 = ( GEOMETRIC_REPRESENTATION_CONTEXT(2) 
PARAMETRIC_REPRESENTATION_CONTEXT() REPRESENTATION_CONTEXT('2D SPACE',''
  ) );
#1886 = ORIENTED_EDGE('',*,*,#1887,.F.);
#1887 = EDGE_CURVE('',#1675,#1845,#1888,.T.);
#1888 = SURFACE_CURVE('',#1889,(#1892,#1898),.PCURVE_S1.);
#1889 = B_SPLINE_CURVE_WITH_KNOTS('',1,(#1890,#1891),.UNSPECIFIED.,.F.,
  .F.,(2,2),(0.,1.),.PIECEWISE_BEZIER_KNOTS.);
#1890 = CARTESIAN_POINT('',(183.02943725152,741.51471862576,
    -7.105427357601E-15));
#1891 = CARTESIAN_POINT('',(191.51471862576,750.,-8.485281374239));
#1892 = PCURVE('',#1099,#1893);
#1893 = DEFINITIONAL_REPRESENTATION('',(#1894),#1897);
#1894 = B_SPLINE_CURVE_WITH_KNOTS('',1,(#1895,#1896),.UNSPECIFIED.,.F.,
  .F.,(2,2),(0.,1.),.PIECEWISE_BEZIER_KNOTS.);
#1895 = CARTESIAN_POINT('',(0.,0.830294372515));
#1896 = CARTESIAN_POINT('',(0.,1.));
#1897 = ( GEOMETRIC_REPRESENTATION_CONTEXT(2) 
PARAMETRIC_REPRESENTATION_CONTEXT() REPRESENTATION_CONTEXT('2D SPACE',''
  ) );
#1898 = PCURVE('',#1203,#1899);
#1899 = DEFINITIONAL_REPRESENTATION('',(#1900),#1903);
#1900 = B_SPLINE_CURVE_WITH_KNOTS('',1,(#1901,#1902),.UNSPECIFIED.,.F.,
  .F.,(2,2),(0.,1.),.PIECEWISE_BEZIER_KNOTS.);
#1901 = CARTESIAN_POINT('',(1.,0.830294372515));
#1902 = CARTESIAN_POINT('',(1.,1.));
#1903 = ( GEOMETRIC_REPRESENTATION_CONTEXT(2) 
PARAMETRIC_REPRESENTATION_CONTEXT() REPRESENTATION_CONTEXT('2D SPACE',''
  ) );
#1904 = ADVANCED_FACE('',(#1905),#1203,.F.);
#1905 = FACE_BOUND('',#1906,.F.);
#1906 = EDGE_LOOP('',(#1907,#1908,#1909,#1910,#1911,#1912,#1913,#1914,
    #1915,#1916,#1917,#1953));
#1907 = ORIENTED_EDGE('',*,*,#1239,.T.);
#1908 = ORIENTED_EDGE('',*,*,#1175,.T.);
#1909 = ORIENTED_EDGE('',*,*,#1363,.T.);
#1910 = ORIENTED_EDGE('',*,*,#1550,.T.);
#1911 = ORIENTED_EDGE('',*,*,#1509,.T.);
#1912 = ORIENTED_EDGE('',*,*,#1468,.T.);
#1913 = ORIENTED_EDGE('',*,*,#1427,.T.);
#1914 = ORIENTED_EDGE('',*,*,#1756,.T.);
#1915 = ORIENTED_EDGE('',*,*,#1715,.T.);
#1916 = ORIENTED_EDGE('',*,*,#1887,.T.);
#1917 = ORIENTED_EDGE('',*,*,#1918,.F.);
#1918 = EDGE_CURVE('',#1825,#1845,#1919,.T.);
#1919 = SURFACE_CURVE('',#1920,(#1932,#1938),.PCURVE_S1.);
#1920 = B_SPLINE_CURVE_WITH_KNOTS('',10,(#1921,#1922,#1923,#1924,#1925,
    #1926,#1927,#1928,#1929,#1930,#1931),.UNSPECIFIED.,.F.,.F.,(11,11),(
    0.,1.),.PIECEWISE_BEZIER_KNOTS.);
#1921 = CARTESIAN_POINT('',(208.48528137423,750.,8.485281374239));
#1922 = CARTESIAN_POINT('',(206.94622157804,753.07811959238,
    10.024341170433));
#1923 = CARTESIAN_POINT('',(204.47664655523,756.15623918477,
    10.632885740009));
#1924 = CARTESIAN_POINT('',(201.2875272966,758.81241679555,
    10.099944092159));
#1925 = CARTESIAN_POINT('',(197.75383152826,760.6247104431,
    8.378541971363));
#1926 = CARTESIAN_POINT('',(194.36483473139,761.27033053721,
    5.635165268607));
#1927 = CARTESIAN_POINT('',(191.62145802863,760.6247104431,2.24616847174
    ));
#1928 = CARTESIAN_POINT('',(189.90005590784,758.81241679555,
    -1.287527296607));
#1929 = CARTESIAN_POINT('',(189.36711425999,756.15623918477,
    -4.476646555232));
#1930 = CARTESIAN_POINT('',(189.97565882956,753.07811959238,
    -6.946221578044));
#1931 = CARTESIAN_POINT('',(191.51471862576,750.,-8.485281374239));
#1932 = PCURVE('',#1203,#1933);
#1933 = DEFINITIONAL_REPRESENTATION('',(#1934),#1937);
#1934 = B_SPLINE_CURVE_WITH_KNOTS('',1,(#1935,#1936),.UNSPECIFIED.,.F.,
  .F.,(2,2),(0.,1.),.PIECEWISE_BEZIER_KNOTS.);
#1935 = CARTESIAN_POINT('',(0.,1.));
#1936 = CARTESIAN_POINT('',(1.,1.));
#1937 = ( GEOMETRIC_REPRESENTATION_CONTEXT(2) 
PARAMETRIC_REPRESENTATION_CONTEXT() REPRESENTATION_CONTEXT('2D SPACE',''
  ) );
#1938 = PCURVE('',#1867,#1939);
#1939 = DEFINITIONAL_REPRESENTATION('',(#1940),#1952);
#1940 = B_SPLINE_CURVE_WITH_KNOTS('',10,(#1941,#1942,#1943,#1944,#1945,
    #1946,#1947,#1948,#1949,#1950,#1951),.UNSPECIFIED.,.F.,.F.,(11,11),(
    0.,1.),.PIECEWISE_BEZIER_KNOTS.);
#1941 = CARTESIAN_POINT('',(1.,0.5));
#1942 = CARTESIAN_POINT('',(1.,0.363441467745));
#1943 = CARTESIAN_POINT('',(0.945168864439,0.22688293549));
#1944 = CARTESIAN_POINT('',(0.835506593316,0.10904355172));
#1945 = CARTESIAN_POINT('',(0.680676786932,2.864246492075E-02));
#1946 = CARTESIAN_POINT('',(0.500000000001,1.395689119832E-13));
#1947 = CARTESIAN_POINT('',(0.319323213069,2.864246492062E-02));
#1948 = CARTESIAN_POINT('',(0.164493406685,0.109043551719));
#1949 = CARTESIAN_POINT('',(5.483113556199E-02,0.226882935489));
#1950 = CARTESIAN_POINT('',(2.431249646051E-13,0.363441467745));
#1951 = CARTESIAN_POINT('',(9.479916851518E-14,0.5));
#1952 = ( GEOMETRIC_REPRESENTATION_CONTEXT(2) 
PARAMETRIC_REPRESENTATION_CONTEXT() REPRESENTATION_CONTEXT('2D SPACE',''
  ) );
#1953 = ORIENTED_EDGE('',*,*,#1824,.F.);
#1954 = ADVANCED_FACE('',(#1955),#1867,.T.);
#1955 = FACE_BOUND('',#1956,.F.);
#1956 = EDGE_LOOP('',(#1957,#1958));
#1957 = ORIENTED_EDGE('',*,*,#1918,.T.);
#1958 = ORIENTED_EDGE('',*,*,#1844,.T.);
#1959 = ( GEOMETRIC_REPRESENTATION_CONTEXT(3) 
GLOBAL_UNCERTAINTY_ASSIGNED_CONTEXT((#1963)) 
GLOBAL_UNIT_ASSIGNED_CONTEXT((#1960,#1961,#1962)) REPRESENTATION_CONTEXT
('Context #1','3D Context with UNIT and UNCERTAINTY') );
#1960 = ( LENGTH_UNIT() NAMED_UNIT(*) SI_UNIT(.MILLI.,.METRE.) );
#1961 = ( NAMED_UNIT(*) PLANE_ANGLE_UNIT() SI_UNIT($,.RADIAN.) );
#1962 = ( NAMED_UNIT(*) SI_UNIT($,.STERADIAN.) SOLID_ANGLE_UNIT() );
#1963 = UNCERTAINTY_MEASURE_WITH_UNIT(LENGTH_MEASURE(1.E-03),#1960,
  'distance_accuracy_value','confusion accuracy');
#1964 = PRODUCT_RELATED_PRODUCT_CATEGORY('part',$,(#7));
ENDSEC;
END-ISO-10303-21;
