ISO-10303-21;
HEADER;
FILE_DESCRIPTION(('Open CASCADE Model'),'2;1');
FILE_NAME('Open CASCADE Shape Model','2026-07-11T20:16:03',('Author'),(
    'Open CASCADE'),'Open CASCADE STEP processor 8.0','Open CASCADE 8.0'
  ,'Unknown');
FILE_SCHEMA(('AUTOMOTIVE_DESIGN { 1 0 10303 214 1 1 1 1 }'));
ENDSEC;
DATA;
#1 = APPLICATION_PROTOCOL_DEFINITION('international standard',
  'automotive_design',2000,#2);
#2 = APPLICATION_CONTEXT(
  'core data for automotive mechanical design processes');
#3 = SHAPE_DEFINITION_REPRESENTATION(#4,#10);
#4 = PRODUCT_DEFINITION_SHAPE('','',#5);
#5 = PRODUCT_DEFINITION('design','',#6,#9);
#6 = PRODUCT_DEFINITION_FORMATION('','',#7);
#7 = PRODUCT('Open CASCADE STEP translator 8.0 1',
  'Open CASCADE STEP translator 8.0 1','',(#8));
#8 = PRODUCT_CONTEXT('',#2,'mechanical');
#9 = PRODUCT_DEFINITION_CONTEXT('part definition',#2,'design');
#10 = MANIFOLD_SURFACE_SHAPE_REPRESENTATION('',(#11,#15),#1837);
#11 = AXIS2_PLACEMENT_3D('',#12,#13,#14);
#12 = CARTESIAN_POINT('',(0.,0.,0.));
#13 = DIRECTION('',(0.,0.,1.));
#14 = DIRECTION('',(1.,0.,-0.));
#15 = SHELL_BASED_SURFACE_MODEL('',(#16));
#16 = OPEN_SHELL('',(#17,#626,#897,#971,#1020,#1069,#1214,#1342,#1409,
    #1434,#1577,#1718,#1794));
#17 = ADVANCED_FACE('',(#18),#34,.T.);
#18 = FACE_BOUND('',#19,.T.);
#19 = EDGE_LOOP('',(#20,#92,#167,#261,#358,#457,#553));
#20 = ORIENTED_EDGE('',*,*,#21,.T.);
#21 = EDGE_CURVE('',#22,#24,#26,.T.);
#22 = VERTEX_POINT('',#23);
#23 = CARTESIAN_POINT('',(18.224518,69.575424,-17.560073));
#24 = VERTEX_POINT('',#25);
#25 = CARTESIAN_POINT('',(15.861786,84.853707,-21.823817));
#26 = SURFACE_CURVE('',#27,(#33),.PCURVE_S1.);
#27 = B_SPLINE_CURVE_WITH_KNOTS('',4,(#28,#29,#30,#31,#32),
  .UNSPECIFIED.,.F.,.F.,(5,5),(0.,1.),.PIECEWISE_BEZIER_KNOTS.);
#28 = CARTESIAN_POINT('',(18.224518,69.575424,-17.560073));
#29 = CARTESIAN_POINT('',(17.551449,73.395148,-18.626052));
#30 = CARTESIAN_POINT('',(16.934463,77.214519,-19.691935));
#31 = CARTESIAN_POINT('',(16.385896,81.033985,-20.757839));
#32 = CARTESIAN_POINT('',(15.861786,84.853707,-21.823817));
#33 = PCURVE('',#34,#84);
#34 = B_SPLINE_SURFACE_WITH_KNOTS('',6,6,(
    (#35,#36,#37,#38,#39,#40,#41)
    ,(#42,#43,#44,#45,#46,#47,#48)
    ,(#49,#50,#51,#52,#53,#54,#55)
    ,(#56,#57,#58,#59,#60,#61,#62)
    ,(#63,#64,#65,#66,#67,#68,#69)
    ,(#70,#71,#72,#73,#74,#75,#76)
    ,(#77,#78,#79,#80,#81,#82,#83
    )),.UNSPECIFIED.,.F.,.F.,.F.,(7,7),(7,7),(0.,1.),(0.,1.),
  .PIECEWISE_BEZIER_KNOTS.);
#35 = CARTESIAN_POINT('',(35.094488,84.75235,10.785436));
#36 = CARTESIAN_POINT('',(30.920809,84.787377,3.5564129));
#37 = CARTESIAN_POINT('',(26.747131,84.822404,-3.6726098));
#38 = CARTESIAN_POINT('',(20.758915,84.381415,-8.2955859));
#39 = CARTESIAN_POINT('',(18.399775,84.892459,-18.130655));
#40 = CARTESIAN_POINT('',(14.226096,84.927486,-25.359678));
#41 = CARTESIAN_POINT('',(10.052418,84.962513,-32.588701));
#42 = CARTESIAN_POINT('',(35.531412,82.364729,11.54221));
#43 = CARTESIAN_POINT('',(31.329567,82.364583,4.2644026));
#44 = CARTESIAN_POINT('',(27.127723,82.364437,-3.0134048));
#45 = CARTESIAN_POINT('',(20.884524,81.828772,-7.3594097));
#46 = CARTESIAN_POINT('',(18.724035,82.364145,-17.56902));
#47 = CARTESIAN_POINT('',(14.522191,82.363999,-24.846827));
#48 = CARTESIAN_POINT('',(10.320347,82.363853,-32.124635));
#49 = CARTESIAN_POINT('',(35.968335,79.977108,12.298984));
#50 = CARTESIAN_POINT('',(31.738325,79.941789,4.9723923));
#51 = CARTESIAN_POINT('',(27.508316,79.90647,-2.3541998));
#52 = CARTESIAN_POINT('',(21.072508,79.292493,-6.5128164));
#53 = CARTESIAN_POINT('',(19.048296,79.835832,-17.007384));
#54 = CARTESIAN_POINT('',(14.818286,79.800513,-24.333976));
#55 = CARTESIAN_POINT('',(10.588276,79.765194,-31.660568));
#56 = CARTESIAN_POINT('',(36.405259,77.589487,13.055759));
#57 = CARTESIAN_POINT('',(32.147084,77.518995,5.680382));
#58 = CARTESIAN_POINT('',(27.888908,77.448503,-1.6949948));
#59 = CARTESIAN_POINT('',(21.353345,76.780573,-5.7995793));
#60 = CARTESIAN_POINT('',(19.372556,77.307519,-16.445748));
#61 = CARTESIAN_POINT('',(15.11438,77.237027,-23.821125));
#62 = CARTESIAN_POINT('',(10.856205,77.166535,-31.196502));
#63 = CARTESIAN_POINT('',(36.842183,75.201866,13.812533));
#64 = CARTESIAN_POINT('',(32.555842,75.096201,6.3883717));
#65 = CARTESIAN_POINT('',(28.2695,74.990536,-1.0357897));
#66 = CARTESIAN_POINT('',(21.742895,74.297172,-5.242476));
#67 = CARTESIAN_POINT('',(19.696817,74.779206,-15.884113));
#68 = CARTESIAN_POINT('',(15.410475,74.67354,-23.308274));
#69 = CARTESIAN_POINT('',(11.124134,74.567875,-30.732435));
#70 = CARTESIAN_POINT('',(37.279107,72.814245,14.569307));
#71 = CARTESIAN_POINT('',(32.9646,72.673407,7.0963614));
#72 = CARTESIAN_POINT('',(28.650092,72.532569,-0.37658473));
#73 = CARTESIAN_POINT('',(22.229939,71.839346,-4.8253937));
#74 = CARTESIAN_POINT('',(20.021077,72.250892,-15.322477));
#75 = CARTESIAN_POINT('',(15.70657,72.110054,-22.795423));
#76 = CARTESIAN_POINT('',(11.392062,71.969216,-30.268369));
#77 = CARTESIAN_POINT('',(37.716031,70.426625,15.326082));
#78 = CARTESIAN_POINT('',(33.373358,70.250613,7.8043511));
#79 = CARTESIAN_POINT('',(29.030684,70.074602,0.28262029));
#80 = CARTESIAN_POINT('',(22.787081,69.39991,-4.5089867));
#81 = CARTESIAN_POINT('',(20.345338,69.722579,-14.760841));
#82 = CARTESIAN_POINT('',(16.002665,69.546568,-22.282572));
#83 = CARTESIAN_POINT('',(11.659991,69.370556,-29.804303));
#84 = DEFINITIONAL_REPRESENTATION('',(#85),#91);
#85 = B_SPLINE_CURVE_WITH_KNOTS('',4,(#86,#87,#88,#89,#90),
  .UNSPECIFIED.,.F.,.F.,(5,5),(0.,1.),.PIECEWISE_BEZIER_KNOTS.);
#86 = CARTESIAN_POINT('',(1.,0.73747232));
#87 = CARTESIAN_POINT('',(0.74868793,0.74402225));
#88 = CARTESIAN_POINT('',(0.49834748,0.74983927));
#89 = CARTESIAN_POINT('',(0.24894855,0.7546439));
#90 = CARTESIAN_POINT('',(9.9592556424E-13,0.75915801));
#91 = ( GEOMETRIC_REPRESENTATION_CONTEXT(2) 
PARAMETRIC_REPRESENTATION_CONTEXT() REPRESENTATION_CONTEXT('2D SPACE',''
  ) );
#92 = ORIENTED_EDGE('',*,*,#93,.F.);
#93 = EDGE_CURVE('',#94,#24,#96,.T.);
#94 = VERTEX_POINT('',#95);
#95 = CARTESIAN_POINT('',(24.329699,84.703813,-6.2344614));
#96 = SURFACE_CURVE('',#97,(#105,#111),.PCURVE_S1.);
#97 = B_SPLINE_CURVE_WITH_KNOTS('',6,(#98,#99,#100,#101,#102,#103,#104),
  .UNSPECIFIED.,.F.,.F.,(7,7),(0.,1.),.PIECEWISE_BEZIER_KNOTS.);
#98 = CARTESIAN_POINT('',(24.329699,84.703813,-6.2344614));
#99 = CARTESIAN_POINT('',(22.802607,84.698424,-8.6664123));
#100 = CARTESIAN_POINT('',(21.320375,84.704803,-11.162792));
#101 = CARTESIAN_POINT('',(19.902956,84.728186,-13.752258));
#102 = CARTESIAN_POINT('',(18.547606,84.767851,-16.430867));
#103 = CARTESIAN_POINT('',(17.211663,84.812606,-19.137346));
#104 = CARTESIAN_POINT('',(15.861786,84.853707,-21.823816));
#105 = PCURVE('',#34,#106);
#106 = DEFINITIONAL_REPRESENTATION('',(#107),#110);
#107 = B_SPLINE_CURVE_WITH_KNOTS('',1,(#108,#109),.UNSPECIFIED.,.F.,.F.,
  (2,2),(0.,1.),.PIECEWISE_BEZIER_KNOTS.);
#108 = CARTESIAN_POINT('',(0.,0.40938328));
#109 = CARTESIAN_POINT('',(0.,0.75915801));
#110 = ( GEOMETRIC_REPRESENTATION_CONTEXT(2) 
PARAMETRIC_REPRESENTATION_CONTEXT() REPRESENTATION_CONTEXT('2D SPACE',''
  ) );
#111 = PCURVE('',#112,#162);
#112 = B_SPLINE_SURFACE_WITH_KNOTS('',6,6,(
    (#113,#114,#115,#116,#117,#118,#119)
    ,(#120,#121,#122,#123,#124,#125,#126)
    ,(#127,#128,#129,#130,#131,#132,#133)
    ,(#134,#135,#136,#137,#138,#139,#140)
    ,(#141,#142,#143,#144,#145,#146,#147)
    ,(#148,#149,#150,#151,#152,#153,#154)
    ,(#155,#156,#157,#158,#159,#160,#161
    )),.UNSPECIFIED.,.F.,.F.,.F.,(7,7),(7,7),(0.,1.),(0.,1.),
  .PIECEWISE_BEZIER_KNOTS.);
#113 = CARTESIAN_POINT('',(30.900018,107.67351,3.5204019));
#114 = CARTESIAN_POINT('',(26.996732,108.0462,-3.2402881));
#115 = CARTESIAN_POINT('',(23.093446,108.41889,-10.000978));
#116 = CARTESIAN_POINT('',(19.19016,108.79158,-16.761668));
#117 = CARTESIAN_POINT('',(15.286874,109.16427,-23.522358));
#118 = CARTESIAN_POINT('',(11.383588,109.53695,-30.283048));
#119 = CARTESIAN_POINT('',(7.4803014,109.90964,-37.043738));
#120 = CARTESIAN_POINT('',(31.599097,103.85332,4.7312409));
#121 = CARTESIAN_POINT('',(27.650745,104.16973,-2.1075046));
#122 = CARTESIAN_POINT('',(23.702394,104.48614,-8.94625));
#123 = CARTESIAN_POINT('',(19.754042,104.80255,-15.784995));
#124 = CARTESIAN_POINT('',(15.805691,105.11896,-22.623741));
#125 = CARTESIAN_POINT('',(11.857339,105.43538,-29.462486));
#126 = CARTESIAN_POINT('',(7.9089876,105.75179,-36.301232));
#127 = CARTESIAN_POINT('',(32.298175,100.03312,5.9420798));
#128 = CARTESIAN_POINT('',(28.304758,100.29326,-0.97472107));
#129 = CARTESIAN_POINT('',(24.311341,100.55339,-7.891522));
#130 = CARTESIAN_POINT('',(20.317924,100.81353,-14.808323));
#131 = CARTESIAN_POINT('',(16.324507,101.07366,-21.725124));
#132 = CARTESIAN_POINT('',(12.331091,101.3338,-28.641925));
#133 = CARTESIAN_POINT('',(8.3376737,101.59393,-35.558726));
#134 = CARTESIAN_POINT('',(32.997253,96.21293,7.1529188));
#135 = CARTESIAN_POINT('',(28.958771,96.416788,0.15806243));
#136 = CARTESIAN_POINT('',(24.920289,96.620646,-6.8367939));
#137 = CARTESIAN_POINT('',(20.510189,96.727016,-13.297932));
#138 = CARTESIAN_POINT('',(16.843324,97.028362,-20.826507));
#139 = CARTESIAN_POINT('',(12.804842,97.23222,-27.821363));
#140 = CARTESIAN_POINT('',(8.7663598,97.436078,-34.816219));
#141 = CARTESIAN_POINT('',(33.696331,92.392736,8.3637578));
#142 = CARTESIAN_POINT('',(29.612784,92.540317,1.2908459));
#143 = CARTESIAN_POINT('',(25.529236,92.687899,-5.7820659));
#144 = CARTESIAN_POINT('',(20.516645,92.591759,-11.520682));
#145 = CARTESIAN_POINT('',(17.362141,92.983061,-19.92789));
#146 = CARTESIAN_POINT('',(13.278594,93.130642,-27.000801));
#147 = CARTESIAN_POINT('',(9.195046,93.278223,-34.073713));
#148 = CARTESIAN_POINT('',(34.395409,88.572543,9.5745967));
#149 = CARTESIAN_POINT('',(30.266797,88.663847,2.4236294));
#150 = CARTESIAN_POINT('',(26.138184,88.755151,-4.7273379));
#151 = CARTESIAN_POINT('',(20.557941,88.465642,-9.7934678));
#152 = CARTESIAN_POINT('',(17.880958,88.93776,-19.029272));
#153 = CARTESIAN_POINT('',(13.752345,89.029064,-26.18024));
#154 = CARTESIAN_POINT('',(9.6237321,89.120368,-33.331207));
#155 = CARTESIAN_POINT('',(35.094488,84.75235,10.785436));
#156 = CARTESIAN_POINT('',(30.920809,84.787377,3.5564129));
#157 = CARTESIAN_POINT('',(26.747131,84.822404,-3.6726098));
#158 = CARTESIAN_POINT('',(20.758915,84.381415,-8.2955859));
#159 = CARTESIAN_POINT('',(18.399775,84.892459,-18.130655));
#160 = CARTESIAN_POINT('',(14.226096,84.927486,-25.359678));
#161 = CARTESIAN_POINT('',(10.052418,84.962513,-32.588701));
#162 = DEFINITIONAL_REPRESENTATION('',(#163),#166);
#163 = B_SPLINE_CURVE_WITH_KNOTS('',1,(#164,#165),.UNSPECIFIED.,.F.,.F.,
  (2,2),(0.,1.),.PIECEWISE_BEZIER_KNOTS.);
#164 = CARTESIAN_POINT('',(1.,0.40938328));
#165 = CARTESIAN_POINT('',(1.,0.75915799));
#166 = ( GEOMETRIC_REPRESENTATION_CONTEXT(2) 
PARAMETRIC_REPRESENTATION_CONTEXT() REPRESENTATION_CONTEXT('2D SPACE',''
  ) );
#167 = ORIENTED_EDGE('',*,*,#168,.T.);
#168 = EDGE_CURVE('',#94,#169,#171,.T.);
#169 = VERTEX_POINT('',#170);
#170 = CARTESIAN_POINT('',(25.925539,81.772047,-3.491344));
#171 = SURFACE_CURVE('',#172,(#179,#188),.PCURVE_S1.);
#172 = B_SPLINE_CURVE_WITH_KNOTS('',5,(#173,#174,#175,#176,#177,#178),
  .UNSPECIFIED.,.F.,.F.,(6,6),(0.,1.),.PIECEWISE_BEZIER_KNOTS.);
#173 = CARTESIAN_POINT('',(24.329699,84.703813,-6.2344617));
#174 = CARTESIAN_POINT('',(24.590956,84.032667,-5.7521854));
#175 = CARTESIAN_POINT('',(24.883951,83.401752,-5.2310538));
#176 = CARTESIAN_POINT('',(25.207375,82.816127,-4.6751438));
#177 = CARTESIAN_POINT('',(25.556301,82.275086,-4.0929232));
#178 = CARTESIAN_POINT('',(25.925539,81.772047,-3.491344));
#179 = PCURVE('',#34,#180);
#180 = DEFINITIONAL_REPRESENTATION('',(#181),#187);
#181 = B_SPLINE_CURVE_WITH_KNOTS('',4,(#182,#183,#184,#185,#186),
  .UNSPECIFIED.,.F.,.F.,(5,5),(0.,1.),.PIECEWISE_BEZIER_KNOTS.);
#182 = CARTESIAN_POINT('',(4.1850204E-17,0.40938328));
#183 = CARTESIAN_POINT('',(5.6188618E-02,0.40082459));
#184 = CARTESIAN_POINT('',(0.10808727,0.39015375));
#185 = CARTESIAN_POINT('',(0.15491519,0.37757884));
#186 = CARTESIAN_POINT('',(0.19774451,0.36370993));
#187 = ( GEOMETRIC_REPRESENTATION_CONTEXT(2) 
PARAMETRIC_REPRESENTATION_CONTEXT() REPRESENTATION_CONTEXT('2D SPACE',''
  ) );
#188 = PCURVE('',#189,#253);
#189 = B_SPLINE_SURFACE_WITH_KNOTS('',8,6,(
    (#190,#191,#192,#193,#194,#195,#196)
    ,(#197,#198,#199,#200,#201,#202,#203)
    ,(#204,#205,#206,#207,#208,#209,#210)
    ,(#211,#212,#213,#214,#215,#216,#217)
    ,(#218,#219,#220,#221,#222,#223,#224)
    ,(#225,#226,#227,#228,#229,#230,#231)
    ,(#232,#233,#234,#235,#236,#237,#238)
    ,(#239,#240,#241,#242,#243,#244,#245)
    ,(#246,#247,#248,#249,#250,#251,#252
    )),.UNSPECIFIED.,.F.,.F.,.F.,(9,9),(7,7),(0.,1.),(0.,1.),
  .PIECEWISE_BEZIER_KNOTS.);
#190 = CARTESIAN_POINT('',(-9.7589184E-02,85.92596,-0.82455826));
#191 = CARTESIAN_POINT('',(4.9090055,85.92596,-0.81462262));
#192 = CARTESIAN_POINT('',(9.916814,85.92596,-1.4163579));
#193 = CARTESIAN_POINT('',(14.832432,85.92596,-2.6299518));
#194 = CARTESIAN_POINT('',(19.562366,85.92596,-4.4365574));
#195 = CARTESIAN_POINT('',(24.019073,85.92596,-6.7983356));
#196 = CARTESIAN_POINT('',(28.125934,85.92596,-9.6618615));
#197 = CARTESIAN_POINT('',(-0.1120594,85.270992,-0.39306652));
#198 = CARTESIAN_POINT('',(4.9384658,85.270992,-0.38165766));
#199 = CARTESIAN_POINT('',(9.9903849,85.270992,-0.98728685));
#200 = CARTESIAN_POINT('',(14.949473,85.270992,-2.2101693));
#201 = CARTESIAN_POINT('',(19.721414,85.270992,-4.0313186));
#202 = CARTESIAN_POINT('',(24.217883,85.270992,-6.4125877));
#203 = CARTESIAN_POINT('',(28.361574,85.270992,-9.3001044));
#204 = CARTESIAN_POINT('',(-0.12746109,84.659852,6.5633526E-02));
#205 = CARTESIAN_POINT('',(4.9697648,84.659852,7.8610451E-02));
#206 = CARTESIAN_POINT('',(10.068576,84.659852,-0.53115624));
#207 = CARTESIAN_POINT('',(15.073877,84.659852,-1.763911));
#208 = CARTESIAN_POINT('',(19.890473,84.659852,-3.6005192));
#209 = CARTESIAN_POINT('',(24.429211,84.659852,-6.0025067));
#210 = CARTESIAN_POINT('',(28.612058,84.659852,-8.9155253));
#211 = CARTESIAN_POINT('',(-0.14362391,84.090578,0.54920372));
#212 = CARTESIAN_POINT('',(5.0028347,84.090578,0.5638262));
#213 = CARTESIAN_POINT('',(10.15108,84.090578,-5.0309852E-02));
#214 = CARTESIAN_POINT('',(15.205097,84.090578,-1.2934796));
#215 = CARTESIAN_POINT('',(20.068766,84.090578,-3.146392));
#216 = CARTESIAN_POINT('',(24.652063,84.090578,-5.5702278));
#217 = CARTESIAN_POINT('',(28.876182,84.090578,-8.5101371));
#218 = CARTESIAN_POINT('',(-0.16035246,83.56068,1.0551028));
#219 = CARTESIAN_POINT('',(5.0376121,83.56068,1.0714284));
#220 = CARTESIAN_POINT('',(10.237571,83.56068,0.45270286));
#221 = CARTESIAN_POINT('',(15.34255,83.56068,-0.80138085));
#222 = CARTESIAN_POINT('',(20.25546,83.56068,-2.6713676));
#223 = CARTESIAN_POINT('',(24.885364,83.56068,-5.118077));
#224 = CARTESIAN_POINT('',(29.152651,83.56068,-8.0861338));
#225 = CARTESIAN_POINT('',(-0.17743562,83.06724,1.5806206));
#226 = CARTESIAN_POINT('',(5.0740324,83.06724,1.5986855));
#227 = CARTESIAN_POINT('',(10.327707,83.06724,0.97516251));
#228 = CARTESIAN_POINT('',(15.485616,83.06724,-0.29028778));
#229 = CARTESIAN_POINT('',(20.449665,83.06724,-2.1780393));
#230 = CARTESIAN_POINT('',(25.127969,83.06724,-4.6485359));
#231 = CARTESIAN_POINT('',(29.440082,83.06724,-7.6458563));
#232 = CARTESIAN_POINT('',(-0.19465487,82.607012,2.1229137));
#233 = CARTESIAN_POINT('',(5.1120245,82.607012,2.1427317));
#234 = CARTESIAN_POINT('',(10.421125,82.607012,1.5142165));
#235 = CARTESIAN_POINT('',(15.633644,82.607012,0.23699593));
#236 = CARTESIAN_POINT('',(20.650449,82.607012,-1.6691268));
#237 = CARTESIAN_POINT('',(25.378679,82.607012,-4.1642069));
#238 = CARTESIAN_POINT('',(29.737023,82.607012,-7.1917592));
#239 = CARTESIAN_POINT('',(-0.21179149,82.176502,2.6790411));
#240 = CARTESIAN_POINT('',(5.1515077,82.176502,2.7006038));
#241 = CARTESIAN_POINT('',(10.517441,82.176502,2.0669158));
#242 = CARTESIAN_POINT('',(15.78595,82.176502,0.77757255));
#243 = CARTESIAN_POINT('',(20.856838,82.176502,-1.1474403));
#244 = CARTESIAN_POINT('',(25.636242,82.176502,-3.6677783));
#245 = CARTESIAN_POINT('',(30.041967,82.176502,-6.7263772));
#246 = CARTESIAN_POINT('',(-0.22863274,81.772047,3.2459989));
#247 = CARTESIAN_POINT('',(5.1923889,81.772047,3.2692762));
#248 = CARTESIAN_POINT('',(10.616254,81.772047,2.6302507));
#249 = CARTESIAN_POINT('',(15.941827,81.772047,1.3284858));
#250 = CARTESIAN_POINT('',(21.067829,81.772047,-0.61584541));
#251 = CARTESIAN_POINT('',(25.899373,81.772047,-3.1619902));
#252 = CARTESIAN_POINT('',(30.353365,81.772047,-6.2522928));
#253 = DEFINITIONAL_REPRESENTATION('',(#254),#260);
#254 = B_SPLINE_CURVE_WITH_KNOTS('',4,(#255,#256,#257,#258,#259),
  .UNSPECIFIED.,.F.,.F.,(5,5),(0.,1.),.PIECEWISE_BEZIER_KNOTS.);
#255 = CARTESIAN_POINT('',(0.24721708,0.83474807));
#256 = CARTESIAN_POINT('',(0.42743419,0.83519358));
#257 = CARTESIAN_POINT('',(0.61436923,0.83618105));
#258 = CARTESIAN_POINT('',(0.80566444,0.83768311));
#259 = CARTESIAN_POINT('',(1.,0.83950953));
#260 = ( GEOMETRIC_REPRESENTATION_CONTEXT(2) 
PARAMETRIC_REPRESENTATION_CONTEXT() REPRESENTATION_CONTEXT('2D SPACE',''
  ) );
#261 = ORIENTED_EDGE('',*,*,#262,.T.);
#262 = EDGE_CURVE('',#169,#263,#265,.T.);
#263 = VERTEX_POINT('',#264);
#264 = CARTESIAN_POINT('',(29.575257,77.951509,2.1598283));
#265 = SURFACE_CURVE('',#266,(#274,#284),.PCURVE_S1.);
#266 = B_SPLINE_CURVE_WITH_KNOTS('',6,(#267,#268,#269,#270,#271,#272,
    #273),.UNSPECIFIED.,.F.,.F.,(7,7),(0.,1.),.PIECEWISE_BEZIER_KNOTS.);
#267 = CARTESIAN_POINT('',(25.925539,81.772047,-3.491344));
#268 = CARTESIAN_POINT('',(26.47525,81.023135,-2.5957287));
#269 = CARTESIAN_POINT('',(27.068192,80.355212,-1.6589254));
#270 = CARTESIAN_POINT('',(27.689391,79.749943,-0.70126061));
#271 = CARTESIAN_POINT('',(28.323172,79.173397,0.26152129));
#272 = CARTESIAN_POINT('',(28.958341,78.589133,1.2227964));
#273 = CARTESIAN_POINT('',(29.575257,77.951509,2.1598283));
#274 = PCURVE('',#34,#275);
#275 = DEFINITIONAL_REPRESENTATION('',(#276),#283);
#276 = B_SPLINE_CURVE_WITH_KNOTS('',5,(#277,#278,#279,#280,#281,#282),
  .UNSPECIFIED.,.F.,.F.,(6,6),(0.,1.),.PIECEWISE_BEZIER_KNOTS.);
#277 = CARTESIAN_POINT('',(0.19774451,0.36370993));
#278 = CARTESIAN_POINT('',(0.2589573,0.34388822));
#279 = CARTESIAN_POINT('',(0.31247485,0.32154945));
#280 = CARTESIAN_POINT('',(0.36089461,0.29806837));
#281 = CARTESIAN_POINT('',(0.40900825,0.27442425));
#282 = CARTESIAN_POINT('',(0.46271255,0.25233806));
#283 = ( GEOMETRIC_REPRESENTATION_CONTEXT(2) 
PARAMETRIC_REPRESENTATION_CONTEXT() REPRESENTATION_CONTEXT('2D SPACE',''
  ) );
#284 = PCURVE('',#285,#349);
#285 = B_SPLINE_SURFACE_WITH_KNOTS('',8,6,(
    (#286,#287,#288,#289,#290,#291,#292)
    ,(#293,#294,#295,#296,#297,#298,#299)
    ,(#300,#301,#302,#303,#304,#305,#306)
    ,(#307,#308,#309,#310,#311,#312,#313)
    ,(#314,#315,#316,#317,#318,#319,#320)
    ,(#321,#322,#323,#324,#325,#326,#327)
    ,(#328,#329,#330,#331,#332,#333,#334)
    ,(#335,#336,#337,#338,#339,#340,#341)
    ,(#342,#343,#344,#345,#346,#347,#348
    )),.UNSPECIFIED.,.F.,.F.,.F.,(9,9),(7,7),(0.,1.),(0.,1.),
  .PIECEWISE_BEZIER_KNOTS.);
#286 = CARTESIAN_POINT('',(-0.22863274,81.772047,3.2459989));
#287 = CARTESIAN_POINT('',(5.1923889,81.772047,3.2692762));
#288 = CARTESIAN_POINT('',(10.616254,81.772047,2.6302507));
#289 = CARTESIAN_POINT('',(15.941827,81.772047,1.3284858));
#290 = CARTESIAN_POINT('',(21.067829,81.772047,-0.61584541));
#291 = CARTESIAN_POINT('',(25.899373,81.772047,-3.1619902));
#292 = CARTESIAN_POINT('',(30.353365,81.772047,-6.2522928));
#293 = CARTESIAN_POINT('',(-0.25312911,81.183749,4.0706647));
#294 = CARTESIAN_POINT('',(5.2518525,81.183749,4.096436));
#295 = CARTESIAN_POINT('',(10.759983,81.183749,3.4496469));
#296 = CARTESIAN_POINT('',(16.168558,81.183749,2.1298141));
#297 = CARTESIAN_POINT('',(21.374725,81.183749,0.15738346));
#298 = CARTESIAN_POINT('',(26.282109,81.183749,-2.4262985));
#299 = CARTESIAN_POINT('',(30.806308,81.183749,-5.5627156));
#300 = CARTESIAN_POINT('',(-0.27700056,80.650578,4.9182444));
#301 = CARTESIAN_POINT('',(5.3142738,80.650578,4.9464461));
#302 = CARTESIAN_POINT('',(10.908994,80.650578,4.2915447));
#303 = CARTESIAN_POINT('',(16.402846,80.650578,2.9530116));
#304 = CARTESIAN_POINT('',(21.691357,80.650578,0.95157526));
#305 = CARTESIAN_POINT('',(26.676626,80.650578,-1.670805));
#306 = CARTESIAN_POINT('',(31.272905,80.650578,-4.8547268));
#307 = CARTESIAN_POINT('',(-0.29959245,80.161264,5.7794941));
#308 = CARTESIAN_POINT('',(5.3793665,80.161264,5.8099959));
#309 = CARTESIAN_POINT('',(11.062052,80.161264,5.1466819));
#310 = CARTESIAN_POINT('',(16.642515,80.161264,3.7889805));
#311 = CARTESIAN_POINT('',(22.014636,80.161264,1.7579107));
#312 = CARTESIAN_POINT('',(27.078966,80.161264,-0.90394275));
#313 = CARTESIAN_POINT('',(31.748392,80.161264,-4.1362742));
#314 = CARTESIAN_POINT('',(-0.32027688,79.703783,6.644889));
#315 = CARTESIAN_POINT('',(5.4467887,79.703783,6.6774966));
#316 = CARTESIAN_POINT('',(11.217838,79.703783,6.0055243));
#317 = CARTESIAN_POINT('',(16.885279,79.703783,4.628361));
#318 = CARTESIAN_POINT('',(22.341338,79.703783,2.5673213));
#319 = CARTESIAN_POINT('',(27.485012,79.703783,-0.13437784));
#320 = CARTESIAN_POINT('',(32.227818,79.703783,-3.4155201));
#321 = CARTESIAN_POINT('',(-0.33849293,79.265862,7.5048507));
#322 = CARTESIAN_POINT('',(5.5161261,79.265862,7.539313));
#323 = CARTESIAN_POINT('',(11.374956,79.265862,6.8584986));
#324 = CARTESIAN_POINT('',(17.12877,79.265862,5.4617619));
#325 = CARTESIAN_POINT('',(22.668153,79.265862,3.3707157));
#326 = CARTESIAN_POINT('',(27.89056,79.265862,0.62920931));
#327 = CARTESIAN_POINT('',(32.70615,79.265862,-2.7006324));
#328 = CARTESIAN_POINT('',(-0.35377675,78.835402,8.3499675));
#329 = CARTESIAN_POINT('',(5.5868844,78.835402,8.3859858));
#330 = CARTESIAN_POINT('',(11.531946,78.835402,7.6962155));
#331 = CARTESIAN_POINT('',(17.370577,78.835402,6.2799817));
#332 = CARTESIAN_POINT('',(22.991751,78.835402,4.1591954));
#333 = CARTESIAN_POINT('',(28.291406,78.835402,1.3783319));
#334 = CARTESIAN_POINT('',(33.178369,78.835402,-1.9995868));
#335 = CARTESIAN_POINT('',(-0.36578166,78.400851,9.1711933));
#336 = CARTESIAN_POINT('',(5.6584892,78.400851,9.2084338));
#337 = CARTESIAN_POINT('',(11.68731,78.400851,8.5096708));
#338 = CARTESIAN_POINT('',(17.608289,78.400851,7.0742068));
#339 = CARTESIAN_POINT('',(23.308836,78.400851,4.9242475));
#340 = CARTESIAN_POINT('',(28.683417,78.400851,2.1048818));
#341 = CARTESIAN_POINT('',(33.639571,78.400851,-1.3199923));
#342 = CARTESIAN_POINT('',(-0.37428821,77.951509,9.9600152));
#343 = CARTESIAN_POINT('',(5.7302933,77.951509,9.9981218));
#344 = CARTESIAN_POINT('',(11.83953,77.951509,9.2904131));
#345 = CARTESIAN_POINT('',(17.839534,77.951509,7.8361753));
#346 = CARTESIAN_POINT('',(23.61621,77.951509,5.6579034));
#347 = CARTESIAN_POINT('',(29.062615,77.951509,2.8012809));
#348 = CARTESIAN_POINT('',(34.085053,77.951509,-0.66894805));
#349 = DEFINITIONAL_REPRESENTATION('',(#350),#357);
#350 = B_SPLINE_CURVE_WITH_KNOTS('',5,(#351,#352,#353,#354,#355,#356),
  .UNSPECIFIED.,.F.,.F.,(6,6),(0.,1.),.PIECEWISE_BEZIER_KNOTS.);
#351 = CARTESIAN_POINT('',(0.,0.83950953));
#352 = CARTESIAN_POINT('',(0.19095229,0.84211989));
#353 = CARTESIAN_POINT('',(0.38605891,0.84535895));
#354 = CARTESIAN_POINT('',(0.58353897,0.84881591));
#355 = CARTESIAN_POINT('',(0.78714741,0.85200562));
#356 = CARTESIAN_POINT('',(1.,0.85461191));
#357 = ( GEOMETRIC_REPRESENTATION_CONTEXT(2) 
PARAMETRIC_REPRESENTATION_CONTEXT() REPRESENTATION_CONTEXT('2D SPACE',''
  ) );
#358 = ORIENTED_EDGE('',*,*,#359,.T.);
#359 = EDGE_CURVE('',#263,#360,#362,.T.);
#360 = VERTEX_POINT('',#361);
#361 = CARTESIAN_POINT('',(32.272874,73.419288,6.3451656));
#362 = SURFACE_CURVE('',#363,(#371,#382),.PCURVE_S1.);
#363 = B_SPLINE_CURVE_WITH_KNOTS('',6,(#364,#365,#366,#367,#368,#369,
    #370),.UNSPECIFIED.,.F.,.F.,(7,7),(0.,1.),.PIECEWISE_BEZIER_KNOTS.);
#364 = CARTESIAN_POINT('',(29.575257,77.951509,2.1598283));
#365 = CARTESIAN_POINT('',(30.118996,77.389519,2.9857123));
#366 = CARTESIAN_POINT('',(30.648585,76.785452,3.7928585));
#367 = CARTESIAN_POINT('',(31.150309,76.113071,4.5648996));
#368 = CARTESIAN_POINT('',(31.608002,75.325795,5.2813894));
#369 = CARTESIAN_POINT('',(31.983306,74.415093,5.8781631));
#370 = CARTESIAN_POINT('',(32.272874,73.419288,6.3451656));
#371 = PCURVE('',#34,#372);
#372 = DEFINITIONAL_REPRESENTATION('',(#373),#381);
#373 = B_SPLINE_CURVE_WITH_KNOTS('',6,(#374,#375,#376,#377,#378,#379,
    #380),.UNSPECIFIED.,.F.,.F.,(7,7),(0.,1.),.PIECEWISE_BEZIER_KNOTS.);
#374 = CARTESIAN_POINT('',(0.46271255,0.25233806));
#375 = CARTESIAN_POINT('',(0.50215761,0.23611606));
#376 = CARTESIAN_POINT('',(0.54455619,0.22071287));
#377 = CARTESIAN_POINT('',(0.59163968,0.20673395));
#378 = CARTESIAN_POINT('',(0.6465592,0.19502774));
#379 = CARTESIAN_POINT('',(0.7097855,0.18708551));
#380 = CARTESIAN_POINT('',(0.77861745,0.18278935));
#381 = ( GEOMETRIC_REPRESENTATION_CONTEXT(2) 
PARAMETRIC_REPRESENTATION_CONTEXT() REPRESENTATION_CONTEXT('2D SPACE',''
  ) );
#382 = PCURVE('',#383,#447);
#383 = B_SPLINE_SURFACE_WITH_KNOTS('',8,6,(
    (#384,#385,#386,#387,#388,#389,#390)
    ,(#391,#392,#393,#394,#395,#396,#397)
    ,(#398,#399,#400,#401,#402,#403,#404)
    ,(#405,#406,#407,#408,#409,#410,#411)
    ,(#412,#413,#414,#415,#416,#417,#418)
    ,(#419,#420,#421,#422,#423,#424,#425)
    ,(#426,#427,#428,#429,#430,#431,#432)
    ,(#433,#434,#435,#436,#437,#438,#439)
    ,(#440,#441,#442,#443,#444,#445,#446
    )),.UNSPECIFIED.,.F.,.F.,.F.,(9,9),(7,7),(0.,1.),(0.,1.),
  .PIECEWISE_BEZIER_KNOTS.);
#384 = CARTESIAN_POINT('',(-0.37428821,77.951509,9.9600152));
#385 = CARTESIAN_POINT('',(5.7302933,77.951509,9.9981218));
#386 = CARTESIAN_POINT('',(11.83953,77.951509,9.2904131));
#387 = CARTESIAN_POINT('',(17.839534,77.951509,7.8361753));
#388 = CARTESIAN_POINT('',(23.61621,77.951509,5.6579034));
#389 = CARTESIAN_POINT('',(29.062615,77.951509,2.8012809));
#390 = CARTESIAN_POINT('',(34.085053,77.951509,-0.66894805));
#391 = CARTESIAN_POINT('',(-0.38279476,77.502168,10.748837));
#392 = CARTESIAN_POINT('',(5.8020974,77.502168,10.78781));
#393 = CARTESIAN_POINT('',(11.991751,77.502168,10.071155));
#394 = CARTESIAN_POINT('',(18.070778,77.502168,8.5981439));
#395 = CARTESIAN_POINT('',(23.923583,77.502168,6.3915594));
#396 = CARTESIAN_POINT('',(29.441814,77.502168,3.4976801));
#397 = CARTESIAN_POINT('',(34.530534,77.502168,-1.7903758E-02));
#398 = CARTESIAN_POINT('',(-0.38780295,77.038036,11.505255));
#399 = CARTESIAN_POINT('',(5.8741008,77.038036,11.544738));
#400 = CARTESIAN_POINT('',(12.140828,77.038036,10.819185));
#401 = CARTESIAN_POINT('',(18.295555,77.038036,9.327856));
#402 = CARTESIAN_POINT('',(24.221245,77.038036,7.0938193));
#403 = CARTESIAN_POINT('',(29.808198,77.038036,4.1639285));
#404 = CARTESIAN_POINT('',(34.960296,77.038036,0.60459032));
#405 = CARTESIAN_POINT('',(-0.38909331,76.548414,12.220757));
#406 = CARTESIAN_POINT('',(5.9456563,76.548414,12.260371));
#407 = CARTESIAN_POINT('',(12.285246,76.548414,11.526049));
#408 = CARTESIAN_POINT('',(18.511491,76.548414,10.01705));
#409 = CARTESIAN_POINT('',(24.505997,76.548414,7.7567146));
#410 = CARTESIAN_POINT('',(30.157789,76.548414,4.7924483));
#411 = CARTESIAN_POINT('',(35.369633,76.548414,1.191435));
#412 = CARTESIAN_POINT('',(-0.38657359,76.023459,12.887362));
#413 = CARTESIAN_POINT('',(6.0160437,76.023459,12.92672));
#414 = CARTESIAN_POINT('',(12.423469,76.023459,12.18385));
#415 = CARTESIAN_POINT('',(18.716254,76.023459,10.658016));
#416 = CARTESIAN_POINT('',(24.774735,76.023459,8.3728214));
#417 = CARTESIAN_POINT('',(30.486755,76.023459,5.3761917));
#418 = CARTESIAN_POINT('',(35.754047,76.023459,1.736041));
#419 = CARTESIAN_POINT('',(-0.38028881,75.454492,13.497793));
#420 = CARTESIAN_POINT('',(6.0844769,75.454492,13.53651));
#421 = CARTESIAN_POINT('',(12.553973,75.454492,12.785408));
#422 = CARTESIAN_POINT('',(18.90759,75.454492,11.24376));
#423 = CARTESIAN_POINT('',(25.024509,75.454492,8.9354189));
#424 = CARTESIAN_POINT('',(30.79149,75.454492,5.9087931));
#425 = CARTESIAN_POINT('',(36.109323,75.454492,2.2324714));
#426 = CARTESIAN_POINT('',(-0.37042123,74.834257,14.045604));
#427 = CARTESIAN_POINT('',(6.1501177,74.834257,14.083317));
#428 = CARTESIAN_POINT('',(12.675264,74.834257,13.324396));
#429 = CARTESIAN_POINT('',(19.083368,74.834257,11.768134));
#430 = CARTESIAN_POINT('',(25.252574,74.834257,9.438615));
#431 = CARTESIAN_POINT('',(31.068674,74.834257,6.3846874));
#432 = CARTESIAN_POINT('',(36.431618,74.834257,2.6755526));
#433 = CARTESIAN_POINT('',(-0.35728032,74.157132,14.525281));
#434 = CARTESIAN_POINT('',(6.2120948,74.157132,14.561656));
#435 = CARTESIAN_POINT('',(12.785914,74.157132,13.79543));
#436 = CARTESIAN_POINT('',(19.241617,74.157132,12.225922));
#437 = CARTESIAN_POINT('',(25.456439,74.157132,9.8774265));
#438 = CARTESIAN_POINT('',(31.315333,74.157132,6.7991853));
#439 = CARTESIAN_POINT('',(36.717514,74.157132,3.0609432));
#440 = CARTESIAN_POINT('',(-0.34128269,73.419288,14.932269));
#441 = CARTESIAN_POINT('',(6.2695283,73.419288,14.967016));
#442 = CARTESIAN_POINT('',(12.884584,73.419288,14.194099));
#443 = CARTESIAN_POINT('',(19.380552,73.419288,12.612868));
#444 = CARTESIAN_POINT('',(25.6339,73.419288,10.247805));
#445 = CARTESIAN_POINT('',(31.528868,73.419288,7.1484959));
#446 = CARTESIAN_POINT('',(36.964057,73.419288,3.385153));
#447 = DEFINITIONAL_REPRESENTATION('',(#448),#456);
#448 = B_SPLINE_CURVE_WITH_KNOTS('',6,(#449,#450,#451,#452,#453,#454,
    #455),.UNSPECIFIED.,.F.,.F.,(7,7),(0.,1.),.PIECEWISE_BEZIER_KNOTS.);
#449 = CARTESIAN_POINT('',(0.,0.85461191));
#450 = CARTESIAN_POINT('',(0.15633721,0.85652619));
#451 = CARTESIAN_POINT('',(0.31751225,0.85813625));
#452 = CARTESIAN_POINT('',(0.48382597,0.85934122));
#453 = CARTESIAN_POINT('',(0.6574379,0.86003482));
#454 = CARTESIAN_POINT('',(0.83129806,0.86024746));
#455 = CARTESIAN_POINT('',(1.,0.86011345));
#456 = ( GEOMETRIC_REPRESENTATION_CONTEXT(2) 
PARAMETRIC_REPRESENTATION_CONTEXT() REPRESENTATION_CONTEXT('2D SPACE',''
  ) );
#457 = ORIENTED_EDGE('',*,*,#458,.T.);
#458 = EDGE_CURVE('',#360,#459,#461,.T.);
#459 = VERTEX_POINT('',#460);
#460 = CARTESIAN_POINT('',(32.825219,70.200272,7.2566786));
#461 = SURFACE_CURVE('',#462,(#469,#478),.PCURVE_S1.);
#462 = B_SPLINE_CURVE_WITH_KNOTS('',5,(#463,#464,#465,#466,#467,#468),
  .UNSPECIFIED.,.F.,.F.,(6,6),(0.,1.),.PIECEWISE_BEZIER_KNOTS.);
#463 = CARTESIAN_POINT('',(32.272874,73.419288,6.3451656));
#464 = CARTESIAN_POINT('',(32.446441,72.8224,6.6250876));
#465 = CARTESIAN_POINT('',(32.587848,72.193248,6.8563466));
#466 = CARTESIAN_POINT('',(32.695619,71.540269,7.0354295));
#467 = CARTESIAN_POINT('',(32.773459,70.874106,7.1670957));
#468 = CARTESIAN_POINT('',(32.825219,70.200272,7.2566786));
#469 = PCURVE('',#34,#470);
#470 = DEFINITIONAL_REPRESENTATION('',(#471),#477);
#471 = B_SPLINE_CURVE_WITH_KNOTS('',4,(#472,#473,#474,#475,#476),
  .UNSPECIFIED.,.F.,.F.,(5,5),(0.,1.),.PIECEWISE_BEZIER_KNOTS.);
#472 = CARTESIAN_POINT('',(0.77861745,0.18278935));
#473 = CARTESIAN_POINT('',(0.83018991,0.17957045));
#474 = CARTESIAN_POINT('',(0.88534826,0.17865458));
#475 = CARTESIAN_POINT('',(0.94234976,0.17992916));
#476 = CARTESIAN_POINT('',(1.,0.18283718));
#477 = ( GEOMETRIC_REPRESENTATION_CONTEXT(2) 
PARAMETRIC_REPRESENTATION_CONTEXT() REPRESENTATION_CONTEXT('2D SPACE',''
  ) );
#478 = PCURVE('',#479,#543);
#479 = B_SPLINE_SURFACE_WITH_KNOTS('',8,6,(
    (#480,#481,#482,#483,#484,#485,#486)
    ,(#487,#488,#489,#490,#491,#492,#493)
    ,(#494,#495,#496,#497,#498,#499,#500)
    ,(#501,#502,#503,#504,#505,#506,#507)
    ,(#508,#509,#510,#511,#512,#513,#514)
    ,(#515,#516,#517,#518,#519,#520,#521)
    ,(#522,#523,#524,#525,#526,#527,#528)
    ,(#529,#530,#531,#532,#533,#534,#535)
    ,(#536,#537,#538,#539,#540,#541,#542
    )),.UNSPECIFIED.,.F.,.F.,.F.,(9,9),(7,7),(0.,1.),(0.,1.),
  .PIECEWISE_BEZIER_KNOTS.);
#480 = CARTESIAN_POINT('',(-0.34128269,73.419288,14.932269));
#481 = CARTESIAN_POINT('',(6.2695283,73.419288,14.967016));
#482 = CARTESIAN_POINT('',(12.884584,73.419288,14.194099));
#483 = CARTESIAN_POINT('',(19.380552,73.419288,12.612868));
#484 = CARTESIAN_POINT('',(25.6339,73.419288,10.247805));
#485 = CARTESIAN_POINT('',(31.528868,73.419288,7.1484959));
#486 = CARTESIAN_POINT('',(36.964057,73.419288,3.385153));
#487 = CARTESIAN_POINT('',(-0.32528507,72.681443,15.339258));
#488 = CARTESIAN_POINT('',(6.3269619,72.681443,15.372376));
#489 = CARTESIAN_POINT('',(12.983255,72.681443,14.592768));
#490 = CARTESIAN_POINT('',(19.519487,72.681443,12.999814));
#491 = CARTESIAN_POINT('',(25.811361,72.681443,10.618184));
#492 = CARTESIAN_POINT('',(31.742404,72.681443,7.4978065));
#493 = CARTESIAN_POINT('',(37.210601,72.681443,3.7093628));
#494 = CARTESIAN_POINT('',(-0.30643072,71.882881,15.673559));
#495 = CARTESIAN_POINT('',(6.3798517,71.882881,15.704757));
#496 = CARTESIAN_POINT('',(13.069946,71.882881,14.919072));
#497 = CARTESIAN_POINT('',(19.63911,71.882881,13.315918));
#498 = CARTESIAN_POINT('',(25.962417,71.882881,10.92013));
#499 = CARTESIAN_POINT('',(31.922816,71.882881,7.78193));
#500 = CARTESIAN_POINT('',(37.417793,71.882881,3.9723918));
#501 = CARTESIAN_POINT('',(-0.28513626,71.019772,15.93062));
#502 = CARTESIAN_POINT('',(6.4273177,71.019772,15.95965));
#503 = CARTESIAN_POINT('',(13.143318,71.019772,15.168599));
#504 = CARTESIAN_POINT('',(19.737636,71.019772,13.556923));
#505 = CARTESIAN_POINT('',(26.084864,71.019772,11.149595));
#506 = CARTESIAN_POINT('',(32.067509,71.019772,7.9970753));
#507 = CARTESIAN_POINT('',(37.58268,71.019772,4.1707498));
#508 = CARTESIAN_POINT('',(-0.26192542,70.090085,16.106853));
#509 = CARTESIAN_POINT('',(6.468471,70.090085,16.133519));
#510 = CARTESIAN_POINT('',(13.202125,70.090085,15.337913));
#511 = CARTESIAN_POINT('',(19.813473,70.090085,13.719533));
#512 = CARTESIAN_POINT('',(26.176782,70.090085,11.303467));
#513 = CARTESIAN_POINT('',(32.174263,70.090085,8.1403503));
#514 = CARTESIAN_POINT('',(37.702776,70.090085,4.3017977));
#515 = CARTESIAN_POINT('',(-0.23740897,69.093749,16.199669));
#516 = CARTESIAN_POINT('',(6.5024371,69.093749,16.22384));
#517 = CARTESIAN_POINT('',(13.245236,69.093749,15.424583));
#518 = CARTESIAN_POINT('',(19.865247,69.093749,13.801445));
#519 = CARTESIAN_POINT('',(26.236572,69.093749,11.379595));
#520 = CARTESIAN_POINT('',(32.241274,69.093749,8.2097838));
#521 = CARTESIAN_POINT('',(37.776096,69.093749,4.3637664));
#522 = CARTESIAN_POINT('',(-0.21225459,68.032771,16.207466));
#523 = CARTESIAN_POINT('',(6.5283854,68.032771,16.229076));
#524 = CARTESIAN_POINT('',(13.271665,68.032771,15.427162));
#525 = CARTESIAN_POINT('',(19.89183,68.032771,13.801316));
#526 = CARTESIAN_POINT('',(26.262975,68.032771,11.376761));
#527 = CARTESIAN_POINT('',(32.26717,68.032771,8.2042963));
#528 = CARTESIAN_POINT('',(37.801174,68.032771,4.3557257));
#529 = CARTESIAN_POINT('',(-0.18714671,66.91131,16.129545));
#530 = CARTESIAN_POINT('',(6.54556,66.91131,16.148598));
#531 = CARTESIAN_POINT('',(13.280594,66.91131,15.345096));
#532 = CARTESIAN_POINT('',(19.892349,66.91131,13.718681));
#533 = CARTESIAN_POINT('',(26.255077,66.91131,11.29459));
#534 = CARTESIAN_POINT('',(32.251008,66.91131,8.1236087));
#535 = CARTESIAN_POINT('',(37.777047,66.91131,4.2774946));
#536 = CARTESIAN_POINT('',(-0.16273627,65.735705,15.965951));
#537 = CARTESIAN_POINT('',(6.5533148,65.735705,15.98252));
#538 = CARTESIAN_POINT('',(13.27139,65.735705,15.178567));
#539 = CARTESIAN_POINT('',(19.866193,65.735705,13.553783));
#540 = CARTESIAN_POINT('',(26.212296,65.735705,11.133387));
#541 = CARTESIAN_POINT('',(32.192239,65.735705,7.9680822));
#542 = CARTESIAN_POINT('',(37.70321,65.735705,4.1294855));
#543 = DEFINITIONAL_REPRESENTATION('',(#544),#552);
#544 = B_SPLINE_CURVE_WITH_KNOTS('',6,(#545,#546,#547,#548,#549,#550,
    #551),.UNSPECIFIED.,.F.,.F.,(7,7),(0.,1.),.PIECEWISE_BEZIER_KNOTS.);
#545 = CARTESIAN_POINT('',(0.,0.86011345));
#546 = CARTESIAN_POINT('',(8.4267484E-02,0.86004652));
#547 = CARTESIAN_POINT('',(0.1672949,0.85989213));
#548 = CARTESIAN_POINT('',(0.24834242,0.85966696));
#549 = CARTESIAN_POINT('',(0.32703751,0.85938859));
#550 = CARTESIAN_POINT('',(0.4032521,0.85907253));
#551 = CARTESIAN_POINT('',(0.47700427,0.85873185));
#552 = ( GEOMETRIC_REPRESENTATION_CONTEXT(2) 
PARAMETRIC_REPRESENTATION_CONTEXT() REPRESENTATION_CONTEXT('2D SPACE',''
  ) );
#553 = ORIENTED_EDGE('',*,*,#554,.T.);
#554 = EDGE_CURVE('',#459,#22,#555,.T.);
#555 = SURFACE_CURVE('',#556,(#564,#570),.PCURVE_S1.);
#556 = B_SPLINE_CURVE_WITH_KNOTS('',6,(#557,#558,#559,#560,#561,#562,
    #563),.UNSPECIFIED.,.F.,.F.,(7,7),(0.,1.),.PIECEWISE_BEZIER_KNOTS.);
#557 = CARTESIAN_POINT('',(37.716031,70.426625,15.326082));
#558 = CARTESIAN_POINT('',(33.373358,70.250613,7.8043511));
#559 = CARTESIAN_POINT('',(29.030684,70.074602,0.28262029));
#560 = CARTESIAN_POINT('',(22.787081,69.39991,-4.5089867));
#561 = CARTESIAN_POINT('',(20.345338,69.722579,-14.760841));
#562 = CARTESIAN_POINT('',(16.002665,69.546568,-22.282572));
#563 = CARTESIAN_POINT('',(11.659991,69.370556,-29.804303));
#564 = PCURVE('',#34,#565);
#565 = DEFINITIONAL_REPRESENTATION('',(#566),#569);
#566 = B_SPLINE_CURVE_WITH_KNOTS('',1,(#567,#568),.UNSPECIFIED.,.F.,.F.,
  (2,2),(0.,1.),.PIECEWISE_BEZIER_KNOTS.);
#567 = CARTESIAN_POINT('',(1.,0.18283718));
#568 = CARTESIAN_POINT('',(1.,0.73747232));
#569 = ( GEOMETRIC_REPRESENTATION_CONTEXT(2) 
PARAMETRIC_REPRESENTATION_CONTEXT() REPRESENTATION_CONTEXT('2D SPACE',''
  ) );
#570 = PCURVE('',#571,#621);
#571 = B_SPLINE_SURFACE_WITH_KNOTS('',6,6,(
    (#572,#573,#574,#575,#576,#577,#578)
    ,(#579,#580,#581,#582,#583,#584,#585)
    ,(#586,#587,#588,#589,#590,#591,#592)
    ,(#593,#594,#595,#596,#597,#598,#599)
    ,(#600,#601,#602,#603,#604,#605,#606)
    ,(#607,#608,#609,#610,#611,#612,#613)
    ,(#614,#615,#616,#617,#618,#619,#620
    )),.UNSPECIFIED.,.F.,.F.,.F.,(7,7),(7,7),(0.,1.),(0.,1.),
  .PIECEWISE_BEZIER_KNOTS.);
#572 = CARTESIAN_POINT('',(37.716031,70.426625,15.326082));
#573 = CARTESIAN_POINT('',(33.373358,70.250613,7.8043511));
#574 = CARTESIAN_POINT('',(29.030684,70.074602,0.28262029));
#575 = CARTESIAN_POINT('',(22.787081,69.39991,-4.5089867));
#576 = CARTESIAN_POINT('',(20.345338,69.722579,-14.760841));
#577 = CARTESIAN_POINT('',(16.002665,69.546568,-22.282572));
#578 = CARTESIAN_POINT('',(11.659991,69.370556,-29.804303));
#579 = CARTESIAN_POINT('',(37.978185,68.994052,15.780146));
#580 = CARTESIAN_POINT('',(33.618612,68.796937,8.2291449));
#581 = CARTESIAN_POINT('',(29.25904,68.599822,0.6781433));
#582 = CARTESIAN_POINT('',(23.121366,67.936248,-4.3191424));
#583 = CARTESIAN_POINT('',(20.539894,68.205591,-14.42386));
#584 = CARTESIAN_POINT('',(16.180321,68.008476,-21.974861));
#585 = CARTESIAN_POINT('',(11.820749,67.811361,-29.525863));
#586 = CARTESIAN_POINT('',(38.24034,67.56148,16.234211));
#587 = CARTESIAN_POINT('',(33.863867,67.343261,8.6539387));
#588 = CARTESIAN_POINT('',(29.487395,67.125041,1.0736663));
#589 = CARTESIAN_POINT('',(23.480887,66.479207,-4.1655414));
#590 = CARTESIAN_POINT('',(20.73445,66.688603,-14.086878));
#591 = CARTESIAN_POINT('',(16.357978,66.470384,-21.667151));
#592 = CARTESIAN_POINT('',(11.981506,66.252165,-29.247423));
#593 = CARTESIAN_POINT('',(38.502494,66.128907,16.688276));
#594 = CARTESIAN_POINT('',(34.109122,65.889584,9.0787325));
#595 = CARTESIAN_POINT('',(29.71575,65.650261,1.4691893));
#596 = CARTESIAN_POINT('',(23.859725,65.027233,-4.0396847));
#597 = CARTESIAN_POINT('',(20.929007,65.171615,-13.749897));
#598 = CARTESIAN_POINT('',(16.535635,64.932292,-21.35944));
#599 = CARTESIAN_POINT('',(12.142263,64.692969,-28.968983));
#600 = CARTESIAN_POINT('',(38.764648,64.696335,17.14234));
#601 = CARTESIAN_POINT('',(34.354377,64.435908,9.5035263));
#602 = CARTESIAN_POINT('',(29.944106,64.175481,1.8647123));
#603 = CARTESIAN_POINT('',(24.249867,63.578225,-3.930063));
#604 = CARTESIAN_POINT('',(21.123563,63.654627,-13.412916));
#605 = CARTESIAN_POINT('',(16.713292,63.3942,-21.05173));
#606 = CARTESIAN_POINT('',(12.30302,63.133774,-28.690544));
#607 = CARTESIAN_POINT('',(39.026803,63.263762,17.596405));
#608 = CARTESIAN_POINT('',(34.599632,62.982231,9.9283201));
#609 = CARTESIAN_POINT('',(30.172461,62.700701,2.2602354));
#610 = CARTESIAN_POINT('',(24.642051,62.129752,-3.823373));
#611 = CARTESIAN_POINT('',(21.318119,62.137639,-13.075934));
#612 = CARTESIAN_POINT('',(16.890949,61.856109,-20.744019));
#613 = CARTESIAN_POINT('',(12.463778,61.574578,-28.412104));
#614 = CARTESIAN_POINT('',(39.288957,61.83119,18.05047));
#615 = CARTESIAN_POINT('',(34.844887,61.528555,10.353114));
#616 = CARTESIAN_POINT('',(30.400816,61.225921,2.6557584));
#617 = CARTESIAN_POINT('',(25.027703,60.679565,-3.7073013));
#618 = CARTESIAN_POINT('',(21.512676,60.620651,-12.738953));
#619 = CARTESIAN_POINT('',(17.068605,60.318017,-20.436308));
#620 = CARTESIAN_POINT('',(12.624535,60.015382,-28.133664));
#621 = DEFINITIONAL_REPRESENTATION('',(#622),#625);
#622 = B_SPLINE_CURVE_WITH_KNOTS('',1,(#623,#624),.UNSPECIFIED.,.F.,.F.,
  (2,2),(0.,1.),.PIECEWISE_BEZIER_KNOTS.);
#623 = CARTESIAN_POINT('',(0.,0.18283718));
#624 = CARTESIAN_POINT('',(0.,0.73747232));
#625 = ( GEOMETRIC_REPRESENTATION_CONTEXT(2) 
PARAMETRIC_REPRESENTATION_CONTEXT() REPRESENTATION_CONTEXT('2D SPACE',''
  ) );
#626 = ADVANCED_FACE('',(#627),#112,.T.);
#627 = FACE_BOUND('',#628,.T.);
#628 = EDGE_LOOP('',(#629,#651,#676,#774,#868,#896));
#629 = ORIENTED_EDGE('',*,*,#630,.T.);
#630 = EDGE_CURVE('',#24,#631,#633,.T.);
#631 = VERTEX_POINT('',#632);
#632 = CARTESIAN_POINT('',(13.665694,100.75437,-26.261248));
#633 = SURFACE_CURVE('',#634,(#641),.PCURVE_S1.);
#634 = B_SPLINE_CURVE_WITH_KNOTS('',5,(#635,#636,#637,#638,#639,#640),
  .UNSPECIFIED.,.F.,.F.,(6,6),(0.,1.),.PIECEWISE_BEZIER_KNOTS.);
#635 = CARTESIAN_POINT('',(15.861786,84.853707,-21.823816));
#636 = CARTESIAN_POINT('',(15.425437,88.033827,-22.711299));
#637 = CARTESIAN_POINT('',(15.005484,91.213984,-23.598792));
#638 = CARTESIAN_POINT('',(14.585665,94.394107,-24.486276));
#639 = CARTESIAN_POINT('',(14.139118,97.574228,-25.373759));
#640 = CARTESIAN_POINT('',(13.665694,100.75437,-26.261248));
#641 = PCURVE('',#112,#642);
#642 = DEFINITIONAL_REPRESENTATION('',(#643),#650);
#643 = B_SPLINE_CURVE_WITH_KNOTS('',5,(#644,#645,#646,#647,#648,#649),
  .UNSPECIFIED.,.F.,.F.,(6,6),(0.,1.),.PIECEWISE_BEZIER_KNOTS.);
#644 = CARTESIAN_POINT('',(1.,0.75915799));
#645 = CARTESIAN_POINT('',(0.87046078,0.76291623));
#646 = CARTESIAN_POINT('',(0.74111619,0.76648033));
#647 = CARTESIAN_POINT('',(0.61185994,0.77011924));
#648 = CARTESIAN_POINT('',(0.48257468,0.77433449));
#649 = CARTESIAN_POINT('',(0.35329945,0.77916512));
#650 = ( GEOMETRIC_REPRESENTATION_CONTEXT(2) 
PARAMETRIC_REPRESENTATION_CONTEXT() REPRESENTATION_CONTEXT('2D SPACE',''
  ) );
#651 = ORIENTED_EDGE('',*,*,#652,.T.);
#652 = EDGE_CURVE('',#631,#653,#655,.T.);
#653 = VERTEX_POINT('',#654);
#654 = CARTESIAN_POINT('',(22.948408,100.51025,-10.089394));
#655 = SURFACE_CURVE('',#656,(#670),.PCURVE_S1.);
#656 = B_SPLINE_CURVE_WITH_KNOTS('',12,(#657,#658,#659,#660,#661,#662,
    #663,#664,#665,#666,#667,#668,#669),.UNSPECIFIED.,.F.,.F.,(13,13),(
    0.,1.),.PIECEWISE_BEZIER_KNOTS.);
#657 = CARTESIAN_POINT('',(13.665694,100.75437,-26.261248));
#658 = CARTESIAN_POINT('',(14.435807,100.7339,-24.906124));
#659 = CARTESIAN_POINT('',(15.205197,100.71311,-23.550421));
#660 = CARTESIAN_POINT('',(15.974353,100.69211,-22.19484));
#661 = CARTESIAN_POINT('',(16.743824,100.67105,-20.840168));
#662 = CARTESIAN_POINT('',(17.514133,100.65007,-19.487158));
#663 = CARTESIAN_POINT('',(18.285713,100.62928,-18.136432));
#664 = CARTESIAN_POINT('',(19.058869,100.60876,-16.788427));
#665 = CARTESIAN_POINT('',(19.833751,100.58855,-15.443358));
#666 = CARTESIAN_POINT('',(20.610353,100.56865,-14.101219));
#667 = CARTESIAN_POINT('',(21.388526,100.54902,-12.761793));
#668 = CARTESIAN_POINT('',(22.167996,100.52958,-11.424689));
#669 = CARTESIAN_POINT('',(22.948408,100.51025,-10.089394));
#670 = PCURVE('',#112,#671);
#671 = DEFINITIONAL_REPRESENTATION('',(#672),#675);
#672 = B_SPLINE_CURVE_WITH_KNOTS('',1,(#673,#674),.UNSPECIFIED.,.F.,.F.,
  (2,2),(0.,1.),.PIECEWISE_BEZIER_KNOTS.);
#673 = CARTESIAN_POINT('',(0.35329945,0.77916512));
#674 = CARTESIAN_POINT('',(0.33823594,0.38880049));
#675 = ( GEOMETRIC_REPRESENTATION_CONTEXT(2) 
PARAMETRIC_REPRESENTATION_CONTEXT() REPRESENTATION_CONTEXT('2D SPACE',''
  ) );
#676 = ORIENTED_EDGE('',*,*,#677,.T.);
#677 = EDGE_CURVE('',#653,#678,#680,.T.);
#678 = VERTEX_POINT('',#679);
#679 = CARTESIAN_POINT('',(23.313508,88.569825,-8.2989765));
#680 = SURFACE_CURVE('',#681,(#689,#699),.PCURVE_S1.);
#681 = B_SPLINE_CURVE_WITH_KNOTS('',6,(#682,#683,#684,#685,#686,#687,
    #688),.UNSPECIFIED.,.F.,.F.,(7,7),(0.,1.),.PIECEWISE_BEZIER_KNOTS.);
#682 = CARTESIAN_POINT('',(22.948408,100.51025,-10.089394));
#683 = CARTESIAN_POINT('',(22.860239,98.483809,-10.129046));
#684 = CARTESIAN_POINT('',(22.804777,96.45366,-10.059477));
#685 = CARTESIAN_POINT('',(22.791751,94.428013,-9.8651875));
#686 = CARTESIAN_POINT('',(22.843392,92.415883,-9.5355788));
#687 = CARTESIAN_POINT('',(23.004985,90.439449,-9.0236396));
#688 = CARTESIAN_POINT('',(23.313508,88.569825,-8.2989765));
#689 = PCURVE('',#112,#690);
#690 = DEFINITIONAL_REPRESENTATION('',(#691),#698);
#691 = B_SPLINE_CURVE_WITH_KNOTS('',5,(#692,#693,#694,#695,#696,#697),
  .UNSPECIFIED.,.F.,.F.,(6,6),(0.,1.),.PIECEWISE_BEZIER_KNOTS.);
#692 = CARTESIAN_POINT('',(0.33823595,0.38880049));
#693 = CARTESIAN_POINT('',(0.44150472,0.40678239));
#694 = CARTESIAN_POINT('',(0.54412717,0.42122412));
#695 = CARTESIAN_POINT('',(0.6454063,0.43165987));
#696 = CARTESIAN_POINT('',(0.74539447,0.43597922));
#697 = CARTESIAN_POINT('',(0.83878105,0.43130065));
#698 = ( GEOMETRIC_REPRESENTATION_CONTEXT(2) 
PARAMETRIC_REPRESENTATION_CONTEXT() REPRESENTATION_CONTEXT('2D SPACE',''
  ) );
#699 = PCURVE('',#700,#764);
#700 = B_SPLINE_SURFACE_WITH_KNOTS('',8,6,(
    (#701,#702,#703,#704,#705,#706,#707)
    ,(#708,#709,#710,#711,#712,#713,#714)
    ,(#715,#716,#717,#718,#719,#720,#721)
    ,(#722,#723,#724,#725,#726,#727,#728)
    ,(#729,#730,#731,#732,#733,#734,#735)
    ,(#736,#737,#738,#739,#740,#741,#742)
    ,(#743,#744,#745,#746,#747,#748,#749)
    ,(#750,#751,#752,#753,#754,#755,#756)
    ,(#757,#758,#759,#760,#761,#762,#763
    )),.UNSPECIFIED.,.F.,.F.,.F.,(9,9),(7,7),(0.,1.),(0.,1.),
  .PIECEWISE_BEZIER_KNOTS.);
#701 = CARTESIAN_POINT('',(27.360949,88.569825,-10.835303));
#702 = CARTESIAN_POINT('',(23.373557,88.569825,-8.0496611));
#703 = CARTESIAN_POINT('',(19.045835,88.569825,-5.7511708));
#704 = CARTESIAN_POINT('',(14.452171,88.569825,-3.9918041));
#705 = CARTESIAN_POINT('',(9.6775849,88.569825,-2.8084004));
#706 = CARTESIAN_POINT('',(4.8128895,88.569825,-2.2193531));
#707 = CARTESIAN_POINT('',(-5.1169491E-02,88.569825,-2.2245628));
#708 = CARTESIAN_POINT('',(27.093994,89.734956,-11.244105));
#709 = CARTESIAN_POINT('',(23.148223,89.734956,-8.4856421));
#710 = CARTESIAN_POINT('',(18.865441,89.734956,-6.2092459));
#711 = CARTESIAN_POINT('',(14.319263,89.734956,-4.4663812));
#712 = CARTESIAN_POINT('',(9.5938253,89.734956,-3.2935385));
#713 = CARTESIAN_POINT('',(4.7790091,89.734956,-2.7089522));
#714 = CARTESIAN_POINT('',(-3.5367148E-02,89.734956,-2.712553));
#715 = CARTESIAN_POINT('',(26.864701,91.000227,-11.594325));
#716 = CARTESIAN_POINT('',(22.954586,91.000227,-8.8592063));
#717 = CARTESIAN_POINT('',(18.710313,91.000227,-6.6017984));
#718 = CARTESIAN_POINT('',(14.204829,91.000227,-4.8731303));
#719 = CARTESIAN_POINT('',(9.5215192,91.000227,-3.7093922));
#720 = CARTESIAN_POINT('',(4.749463,91.000227,-3.1286814));
#721 = CARTESIAN_POINT('',(-2.2315513E-02,91.000227,-3.1309534));
#722 = CARTESIAN_POINT('',(26.676024,92.367274,-11.881243));
#723 = CARTESIAN_POINT('',(22.79512,92.367274,-9.1653334));
#724 = CARTESIAN_POINT('',(18.582406,92.367274,-6.9235659));
#725 = CARTESIAN_POINT('',(14.110282,92.367274,-5.2066111));
#726 = CARTESIAN_POINT('',(9.461516,92.367274,-4.0504115));
#727 = CARTESIAN_POINT('',(4.724531,92.367274,-3.4729507));
#728 = CARTESIAN_POINT('',(-1.2301002E-02,92.367274,-3.474203));
#729 = CARTESIAN_POINT('',(26.530402,93.834454,-12.101217));
#730 = CARTESIAN_POINT('',(22.671894,93.834454,-9.4001335));
#731 = CARTESIAN_POINT('',(18.483386,93.834454,-7.1704558));
#732 = CARTESIAN_POINT('',(14.036863,93.834454,-5.462578));
#733 = CARTESIAN_POINT('',(9.4146168,93.834454,-4.312251));
#734 = CARTESIAN_POINT('',(4.7045668,93.834454,-3.7373695));
#735 = CARTESIAN_POINT('',(-5.415863E-03,93.834454,-3.7379209));
#736 = CARTESIAN_POINT('',(26.429692,95.396069,-12.251895));
#737 = CARTESIAN_POINT('',(22.586524,95.396069,-9.5610647));
#738 = CARTESIAN_POINT('',(18.41461,95.396069,-7.3397663));
#739 = CARTESIAN_POINT('',(13.985646,95.396069,-5.6382021));
#740 = CARTESIAN_POINT('',(9.3816011,95.396069,-4.4919903));
#741 = CARTESIAN_POINT('',(4.6900473,95.396069,-3.9189626));
#742 = CARTESIAN_POINT('',(-1.4878745E-03,95.396069,-3.9191141));
#743 = CARTESIAN_POINT('',(26.375129,97.041481,-12.332412));
#744 = CARTESIAN_POINT('',(22.540159,97.041481,-9.6471373));
#745 = CARTESIAN_POINT('',(18.377121,97.041481,-7.4303924));
#746 = CARTESIAN_POINT('',(13.95756,97.041481,-5.7322766));
#747 = CARTESIAN_POINT('',(9.3632678,97.041481,-4.5883355));
#748 = CARTESIAN_POINT('',(4.6816339,97.041481,-4.016366));
#749 = CARTESIAN_POINT('',(-7.1054274E-15,97.041481,-4.016366));
#750 = CARTESIAN_POINT('',(26.367315,98.754106,-12.343571));
#751 = CARTESIAN_POINT('',(22.533481,98.754106,-9.659092));
#752 = CARTESIAN_POINT('',(18.371676,98.754106,-7.4430037));
#753 = CARTESIAN_POINT('',(13.953425,98.754106,-5.7453911));
#754 = CARTESIAN_POINT('',(9.360494,98.754106,-4.6017888));
#755 = CARTESIAN_POINT('',(4.680247,98.754106,-4.0299888));
#756 = CARTESIAN_POINT('',(-5.3290705E-15,98.754106,-4.0299888));
#757 = CARTESIAN_POINT('',(26.40624,100.51025,-12.287981));
#758 = CARTESIAN_POINT('',(22.566746,100.51025,-9.5995387));
#759 = CARTESIAN_POINT('',(18.398798,100.51025,-7.380179));
#760 = CARTESIAN_POINT('',(13.974023,100.51025,-5.6800602));
#761 = CARTESIAN_POINT('',(9.3743124,100.51025,-4.5347697));
#762 = CARTESIAN_POINT('',(4.6871562,100.51025,-3.9621256));
#763 = CARTESIAN_POINT('',(-7.1054274E-15,100.51025,-3.9621256));
#764 = DEFINITIONAL_REPRESENTATION('',(#765),#773);
#765 = B_SPLINE_CURVE_WITH_KNOTS('',6,(#766,#767,#768,#769,#770,#771,
    #772),.UNSPECIFIED.,.F.,.F.,(7,7),(0.,1.),.PIECEWISE_BEZIER_KNOTS.);
#766 = CARTESIAN_POINT('',(1.,0.14575152));
#767 = CARTESIAN_POINT('',(0.85575705,0.14777111));
#768 = CARTESIAN_POINT('',(0.7069732,0.15070893));
#769 = CARTESIAN_POINT('',(0.55036569,0.15447386));
#770 = CARTESIAN_POINT('',(0.38350663,0.15839148));
#771 = CARTESIAN_POINT('',(0.20058094,0.1616845));
#772 = CARTESIAN_POINT('',(-1.110223024625E-16,0.16373383));
#773 = ( GEOMETRIC_REPRESENTATION_CONTEXT(2) 
PARAMETRIC_REPRESENTATION_CONTEXT() REPRESENTATION_CONTEXT('2D SPACE',''
  ) );
#774 = ORIENTED_EDGE('',*,*,#775,.T.);
#775 = EDGE_CURVE('',#678,#776,#778,.T.);
#776 = VERTEX_POINT('',#777);
#777 = CARTESIAN_POINT('',(23.91172,85.925936,-7.0294891));
#778 = SURFACE_CURVE('',#779,(#786,#795),.PCURVE_S1.);
#779 = B_SPLINE_CURVE_WITH_KNOTS('',5,(#780,#781,#782,#783,#784,#785),
  .UNSPECIFIED.,.F.,.F.,(6,6),(0.,1.),.PIECEWISE_BEZIER_KNOTS.);
#780 = CARTESIAN_POINT('',(23.313508,88.569825,-8.2989765));
#781 = CARTESIAN_POINT('',(23.404681,88.017321,-8.0848269));
#782 = CARTESIAN_POINT('',(23.50919,87.474518,-7.8513819));
#783 = CARTESIAN_POINT('',(23.628088,86.943384,-7.5977956));
#784 = CARTESIAN_POINT('',(23.762197,86.426463,-7.3236713));
#785 = CARTESIAN_POINT('',(23.91172,85.925936,-7.0294891));
#786 = PCURVE('',#112,#787);
#787 = DEFINITIONAL_REPRESENTATION('',(#788),#794);
#788 = B_SPLINE_CURVE_WITH_KNOTS('',4,(#789,#790,#791,#792,#793),
  .UNSPECIFIED.,.F.,.F.,(5,5),(0.,1.),.PIECEWISE_BEZIER_KNOTS.);
#789 = CARTESIAN_POINT('',(0.83878105,0.43130065));
#790 = CARTESIAN_POINT('',(0.86752816,0.42986045));
#791 = CARTESIAN_POINT('',(0.89561757,0.42752181));
#792 = CARTESIAN_POINT('',(0.92281907,0.42417392));
#793 = CARTESIAN_POINT('',(0.94892644,0.41980376));
#794 = ( GEOMETRIC_REPRESENTATION_CONTEXT(2) 
PARAMETRIC_REPRESENTATION_CONTEXT() REPRESENTATION_CONTEXT('2D SPACE',''
  ) );
#795 = PCURVE('',#796,#860);
#796 = B_SPLINE_SURFACE_WITH_KNOTS('',8,6,(
    (#797,#798,#799,#800,#801,#802,#803)
    ,(#804,#805,#806,#807,#808,#809,#810)
    ,(#811,#812,#813,#814,#815,#816,#817)
    ,(#818,#819,#820,#821,#822,#823,#824)
    ,(#825,#826,#827,#828,#829,#830,#831)
    ,(#832,#833,#834,#835,#836,#837,#838)
    ,(#839,#840,#841,#842,#843,#844,#845)
    ,(#846,#847,#848,#849,#850,#851,#852)
    ,(#853,#854,#855,#856,#857,#858,#859
    )),.UNSPECIFIED.,.F.,.F.,.F.,(9,9),(7,7),(0.,1.),(0.,1.),
  .PIECEWISE_BEZIER_KNOTS.);
#797 = CARTESIAN_POINT('',(-5.1169491E-02,88.569825,-2.2245628));
#798 = CARTESIAN_POINT('',(4.8128895,88.569825,-2.2193531));
#799 = CARTESIAN_POINT('',(9.6775849,88.569825,-2.8084004));
#800 = CARTESIAN_POINT('',(14.452171,88.569825,-3.9918041));
#801 = CARTESIAN_POINT('',(19.045835,88.569825,-5.7511708));
#802 = CARTESIAN_POINT('',(23.373557,88.569825,-8.0496611));
#803 = CARTESIAN_POINT('',(27.360949,88.569825,-10.835303));
#804 = CARTESIAN_POINT('',(-5.6107723E-02,88.205721,-2.0720658));
#805 = CARTESIAN_POINT('',(4.8234771,88.205721,-2.0663534));
#806 = CARTESIAN_POINT('',(9.7037598,88.205721,-2.6567948));
#807 = CARTESIAN_POINT('',(14.493705,88.205721,-3.8434988));
#808 = CARTESIAN_POINT('',(19.102208,88.205721,-5.6080224));
#809 = CARTESIAN_POINT('',(23.443975,88.205721,-7.9134171));
#810 = CARTESIAN_POINT('',(27.444373,88.205721,-10.707553));
#811 = CARTESIAN_POINT('',(-6.1314579E-02,87.851397,-1.912773));
#812 = CARTESIAN_POINT('',(4.834488,87.851397,-1.9065305));
#813 = CARTESIAN_POINT('',(9.7310532,87.851397,-2.4984231));
#814 = CARTESIAN_POINT('',(14.537043,87.851397,-3.6885696));
#815 = CARTESIAN_POINT('',(19.161048,87.851397,-5.4584752));
#816 = CARTESIAN_POINT('',(23.517487,87.851397,-7.7710776));
#817 = CARTESIAN_POINT('',(27.531474,87.851397,-10.574081));
#818 = CARTESIAN_POINT('',(-6.6781318E-02,87.506803,-1.746854));
#819 = CARTESIAN_POINT('',(4.8459136,87.506803,-1.7400549));
#820 = CARTESIAN_POINT('',(9.7594392,87.506803,-2.3334547));
#821 = CARTESIAN_POINT('',(14.582142,87.506803,-3.5271826));
#822 = CARTESIAN_POINT('',(19.222296,87.506803,-5.30269));
#823 = CARTESIAN_POINT('',(23.59402,87.506803,-7.622796));
#824 = CARTESIAN_POINT('',(27.622163,87.506803,-10.435033));
#825 = CARTESIAN_POINT('',(-7.2497347E-02,87.171856,-1.5744897));
#826 = CARTESIAN_POINT('',(4.8577461,87.171856,-1.5671087));
#827 = CARTESIAN_POINT('',(9.7888914,87.171856,-2.1620706));
#828 = CARTESIAN_POINT('',(14.628958,87.171856,-3.3595153));
#829 = CARTESIAN_POINT('',(19.285889,87.171856,-5.1408385));
#830 = CARTESIAN_POINT('',(23.673493,87.171856,-7.4687362));
#831 = CARTESIAN_POINT('',(27.716345,87.171856,-10.290561));
#832 = CARTESIAN_POINT('',(-7.8450433E-02,86.846448,-1.3958719));
#833 = CARTESIAN_POINT('',(4.8699783,86.846448,-1.3878847));
#834 = CARTESIAN_POINT('',(9.8193828,86.846448,-1.9844623));
#835 = CARTESIAN_POINT('',(14.677444,86.846448,-3.1857557));
#836 = CARTESIAN_POINT('',(19.351762,86.846448,-4.9731029));
#837 = CARTESIAN_POINT('',(23.755823,86.846448,-7.3090723));
#838 = CARTESIAN_POINT('',(27.81392,86.846448,-10.140832));
#839 = CARTESIAN_POINT('',(-8.4626898E-02,86.53044,-1.2112019));
#840 = CARTESIAN_POINT('',(4.8826032,86.53044,-1.202586));
#841 = CARTESIAN_POINT('',(9.850886,86.53044,-1.8008317));
#842 = CARTESIAN_POINT('',(14.727551,86.53044,-3.0061021));
#843 = CARTESIAN_POINT('',(19.419846,86.53044,-4.7996753));
#844 = CARTESIAN_POINT('',(23.840924,86.53044,-7.1439879));
#845 = CARTESIAN_POINT('',(27.914783,86.53044,-9.9860163));
#846 = CARTESIAN_POINT('',(-9.1011814E-02,86.223672,-1.0206909));
#847 = CARTESIAN_POINT('',(4.8956144,86.223672,-1.0114249));
#848 = CARTESIAN_POINT('',(9.8833727,86.223672,-1.6113902));
#849 = CARTESIAN_POINT('',(14.779231,86.223672,-2.820762));
#850 = CARTESIAN_POINT('',(19.490072,86.223672,-4.6207569));
#851 = CARTESIAN_POINT('',(23.928705,86.223672,-6.9736755));
#852 = CARTESIAN_POINT('',(28.018825,86.223672,-9.8262966));
#853 = CARTESIAN_POINT('',(-9.7589184E-02,85.92596,-0.82455826));
#854 = CARTESIAN_POINT('',(4.9090055,85.92596,-0.81462262));
#855 = CARTESIAN_POINT('',(9.916814,85.92596,-1.4163579));
#856 = CARTESIAN_POINT('',(14.832432,85.92596,-2.6299518));
#857 = CARTESIAN_POINT('',(19.562366,85.92596,-4.4365574));
#858 = CARTESIAN_POINT('',(24.019073,85.92596,-6.7983356));
#859 = CARTESIAN_POINT('',(28.125934,85.92596,-9.6618615));
#860 = DEFINITIONAL_REPRESENTATION('',(#861),#867);
#861 = B_SPLINE_CURVE_WITH_KNOTS('',4,(#862,#863,#864,#865,#866),
  .UNSPECIFIED.,.F.,.F.,(5,5),(0.,1.),.PIECEWISE_BEZIER_KNOTS.);
#862 = CARTESIAN_POINT('',(5.5727992E-17,0.83626617));
#863 = CARTESIAN_POINT('',(0.23709709,0.83550918));
#864 = CARTESIAN_POINT('',(0.48273663,0.83493967));
#865 = CARTESIAN_POINT('',(0.73730653,0.83460407));
#866 = CARTESIAN_POINT('',(1.,0.83452139));
#867 = ( GEOMETRIC_REPRESENTATION_CONTEXT(2) 
PARAMETRIC_REPRESENTATION_CONTEXT() REPRESENTATION_CONTEXT('2D SPACE',''
  ) );
#868 = ORIENTED_EDGE('',*,*,#869,.T.);
#869 = EDGE_CURVE('',#776,#94,#870,.T.);
#870 = SURFACE_CURVE('',#871,(#878,#887),.PCURVE_S1.);
#871 = B_SPLINE_CURVE_WITH_KNOTS('',5,(#872,#873,#874,#875,#876,#877),
  .UNSPECIFIED.,.F.,.F.,(6,6),(0.,1.),.PIECEWISE_BEZIER_KNOTS.);
#872 = CARTESIAN_POINT('',(23.91172,85.925936,-7.0294891));
#873 = CARTESIAN_POINT('',(23.987407,85.672574,-6.8805773));
#874 = CARTESIAN_POINT('',(24.067044,85.423414,-6.7265262));
#875 = CARTESIAN_POINT('',(24.150657,85.178736,-6.567398));
#876 = CARTESIAN_POINT('',(24.238231,84.938801,-6.4033125));
#877 = CARTESIAN_POINT('',(24.329699,84.703813,-6.2344614));
#878 = PCURVE('',#112,#879);
#879 = DEFINITIONAL_REPRESENTATION('',(#880),#886);
#880 = B_SPLINE_CURVE_WITH_KNOTS('',4,(#881,#882,#883,#884,#885),
  .UNSPECIFIED.,.F.,.F.,(5,5),(0.,1.),.PIECEWISE_BEZIER_KNOTS.);
#881 = CARTESIAN_POINT('',(0.94892644,0.41980376));
#882 = CARTESIAN_POINT('',(0.9621417,0.41759163));
#883 = CARTESIAN_POINT('',(0.97507662,0.41511756));
#884 = CARTESIAN_POINT('',(0.98770444,0.41237987));
#885 = CARTESIAN_POINT('',(1.,0.40938328));
#886 = ( GEOMETRIC_REPRESENTATION_CONTEXT(2) 
PARAMETRIC_REPRESENTATION_CONTEXT() REPRESENTATION_CONTEXT('2D SPACE',''
  ) );
#887 = PCURVE('',#189,#888);
#888 = DEFINITIONAL_REPRESENTATION('',(#889),#895);
#889 = B_SPLINE_CURVE_WITH_KNOTS('',4,(#890,#891,#892,#893,#894),
  .UNSPECIFIED.,.F.,.F.,(5,5),(0.,1.),.PIECEWISE_BEZIER_KNOTS.);
#890 = CARTESIAN_POINT('',(0.,0.83452139));
#891 = CARTESIAN_POINT('',(6.0428606E-02,0.83447844));
#892 = CARTESIAN_POINT('',(0.12185594,0.83450425));
#893 = CARTESIAN_POINT('',(0.18410646,0.83459096));
#894 = CARTESIAN_POINT('',(0.24721708,0.83474807));
#895 = ( GEOMETRIC_REPRESENTATION_CONTEXT(2) 
PARAMETRIC_REPRESENTATION_CONTEXT() REPRESENTATION_CONTEXT('2D SPACE',''
  ) );
#896 = ORIENTED_EDGE('',*,*,#93,.T.);
#897 = ADVANCED_FACE('',(#898),#189,.T.);
#898 = FACE_BOUND('',#899,.T.);
#899 = EDGE_LOOP('',(#900,#901,#902,#927,#948));
#900 = ORIENTED_EDGE('',*,*,#168,.F.);
#901 = ORIENTED_EDGE('',*,*,#869,.F.);
#902 = ORIENTED_EDGE('',*,*,#903,.F.);
#903 = EDGE_CURVE('',#904,#776,#906,.T.);
#904 = VERTEX_POINT('',#905);
#905 = CARTESIAN_POINT('',(-9.7589184E-02,85.92596,-0.82455826));
#906 = SURFACE_CURVE('',#907,(#915,#921),.PCURVE_S1.);
#907 = B_SPLINE_CURVE_WITH_KNOTS('',6,(#908,#909,#910,#911,#912,#913,
    #914),.UNSPECIFIED.,.F.,.F.,(7,7),(0.,1.),.PIECEWISE_BEZIER_KNOTS.);
#908 = CARTESIAN_POINT('',(-9.7589184E-02,85.92596,-0.82455826));
#909 = CARTESIAN_POINT('',(4.9090055,85.92596,-0.81462262));
#910 = CARTESIAN_POINT('',(9.916814,85.92596,-1.4163579));
#911 = CARTESIAN_POINT('',(14.832432,85.92596,-2.6299518));
#912 = CARTESIAN_POINT('',(19.562366,85.92596,-4.4365574));
#913 = CARTESIAN_POINT('',(24.019073,85.92596,-6.7983356));
#914 = CARTESIAN_POINT('',(28.125934,85.92596,-9.6618615));
#915 = PCURVE('',#189,#916);
#916 = DEFINITIONAL_REPRESENTATION('',(#917),#920);
#917 = B_SPLINE_CURVE_WITH_KNOTS('',1,(#918,#919),.UNSPECIFIED.,.F.,.F.,
  (2,2),(0.,1.),.PIECEWISE_BEZIER_KNOTS.);
#918 = CARTESIAN_POINT('',(0.,0.));
#919 = CARTESIAN_POINT('',(0.,0.83452139));
#920 = ( GEOMETRIC_REPRESENTATION_CONTEXT(2) 
PARAMETRIC_REPRESENTATION_CONTEXT() REPRESENTATION_CONTEXT('2D SPACE',''
  ) );
#921 = PCURVE('',#796,#922);
#922 = DEFINITIONAL_REPRESENTATION('',(#923),#926);
#923 = B_SPLINE_CURVE_WITH_KNOTS('',1,(#924,#925),.UNSPECIFIED.,.F.,.F.,
  (2,2),(0.,1.),.PIECEWISE_BEZIER_KNOTS.);
#924 = CARTESIAN_POINT('',(1.,0.));
#925 = CARTESIAN_POINT('',(1.,0.83452139));
#926 = ( GEOMETRIC_REPRESENTATION_CONTEXT(2) 
PARAMETRIC_REPRESENTATION_CONTEXT() REPRESENTATION_CONTEXT('2D SPACE',''
  ) );
#927 = ORIENTED_EDGE('',*,*,#928,.F.);
#928 = EDGE_CURVE('',#929,#904,#931,.T.);
#929 = VERTEX_POINT('',#930);
#930 = CARTESIAN_POINT('',(-0.22863274,81.772047,3.2459989));
#931 = SURFACE_CURVE('',#932,(#942),.PCURVE_S1.);
#932 = B_SPLINE_CURVE_WITH_KNOTS('',8,(#933,#934,#935,#936,#937,#938,
    #939,#940,#941),.UNSPECIFIED.,.F.,.F.,(9,9),(0.,1.),
  .PIECEWISE_BEZIER_KNOTS.);
#933 = CARTESIAN_POINT('',(-0.22863274,81.772047,3.2459989));
#934 = CARTESIAN_POINT('',(-0.21179149,82.176502,2.6790411));
#935 = CARTESIAN_POINT('',(-0.19465487,82.607012,2.1229137));
#936 = CARTESIAN_POINT('',(-0.17743562,83.06724,1.5806206));
#937 = CARTESIAN_POINT('',(-0.16035246,83.56068,1.0551028));
#938 = CARTESIAN_POINT('',(-0.14362391,84.090578,0.54920372));
#939 = CARTESIAN_POINT('',(-0.12746109,84.659852,6.5633526E-02));
#940 = CARTESIAN_POINT('',(-0.1120594,85.270992,-0.39306652));
#941 = CARTESIAN_POINT('',(-9.7589184E-02,85.92596,-0.82455826));
#942 = PCURVE('',#189,#943);
#943 = DEFINITIONAL_REPRESENTATION('',(#944),#947);
#944 = B_SPLINE_CURVE_WITH_KNOTS('',1,(#945,#946),.UNSPECIFIED.,.F.,.F.,
  (2,2),(0.,1.),.PIECEWISE_BEZIER_KNOTS.);
#945 = CARTESIAN_POINT('',(1.,0.));
#946 = CARTESIAN_POINT('',(0.,0.));
#947 = ( GEOMETRIC_REPRESENTATION_CONTEXT(2) 
PARAMETRIC_REPRESENTATION_CONTEXT() REPRESENTATION_CONTEXT('2D SPACE',''
  ) );
#948 = ORIENTED_EDGE('',*,*,#949,.T.);
#949 = EDGE_CURVE('',#929,#169,#950,.T.);
#950 = SURFACE_CURVE('',#951,(#959,#965),.PCURVE_S1.);
#951 = B_SPLINE_CURVE_WITH_KNOTS('',6,(#952,#953,#954,#955,#956,#957,
    #958),.UNSPECIFIED.,.F.,.F.,(7,7),(0.,1.),.PIECEWISE_BEZIER_KNOTS.);
#952 = CARTESIAN_POINT('',(-0.22863274,81.772047,3.2459989));
#953 = CARTESIAN_POINT('',(5.1923889,81.772047,3.2692762));
#954 = CARTESIAN_POINT('',(10.616254,81.772047,2.6302507));
#955 = CARTESIAN_POINT('',(15.941827,81.772047,1.3284858));
#956 = CARTESIAN_POINT('',(21.067829,81.772047,-0.61584541));
#957 = CARTESIAN_POINT('',(25.899373,81.772047,-3.1619902));
#958 = CARTESIAN_POINT('',(30.353365,81.772047,-6.2522928));
#959 = PCURVE('',#189,#960);
#960 = DEFINITIONAL_REPRESENTATION('',(#961),#964);
#961 = B_SPLINE_CURVE_WITH_KNOTS('',1,(#962,#963),.UNSPECIFIED.,.F.,.F.,
  (2,2),(0.,1.),.PIECEWISE_BEZIER_KNOTS.);
#962 = CARTESIAN_POINT('',(1.,0.));
#963 = CARTESIAN_POINT('',(1.,0.83950953));
#964 = ( GEOMETRIC_REPRESENTATION_CONTEXT(2) 
PARAMETRIC_REPRESENTATION_CONTEXT() REPRESENTATION_CONTEXT('2D SPACE',''
  ) );
#965 = PCURVE('',#285,#966);
#966 = DEFINITIONAL_REPRESENTATION('',(#967),#970);
#967 = B_SPLINE_CURVE_WITH_KNOTS('',1,(#968,#969),.UNSPECIFIED.,.F.,.F.,
  (2,2),(0.,1.),.PIECEWISE_BEZIER_KNOTS.);
#968 = CARTESIAN_POINT('',(0.,0.));
#969 = CARTESIAN_POINT('',(0.,0.83950953));
#970 = ( GEOMETRIC_REPRESENTATION_CONTEXT(2) 
PARAMETRIC_REPRESENTATION_CONTEXT() REPRESENTATION_CONTEXT('2D SPACE',''
  ) );
#971 = ADVANCED_FACE('',(#972),#285,.T.);
#972 = FACE_BOUND('',#973,.T.);
#973 = EDGE_LOOP('',(#974,#975,#976,#997));
#974 = ORIENTED_EDGE('',*,*,#262,.F.);
#975 = ORIENTED_EDGE('',*,*,#949,.F.);
#976 = ORIENTED_EDGE('',*,*,#977,.F.);
#977 = EDGE_CURVE('',#978,#929,#980,.T.);
#978 = VERTEX_POINT('',#979);
#979 = CARTESIAN_POINT('',(-0.37428821,77.951509,9.9600152));
#980 = SURFACE_CURVE('',#981,(#991),.PCURVE_S1.);
#981 = B_SPLINE_CURVE_WITH_KNOTS('',8,(#982,#983,#984,#985,#986,#987,
    #988,#989,#990),.UNSPECIFIED.,.F.,.F.,(9,9),(0.,1.),
  .PIECEWISE_BEZIER_KNOTS.);
#982 = CARTESIAN_POINT('',(-0.37428821,77.951509,9.9600152));
#983 = CARTESIAN_POINT('',(-0.36578166,78.400851,9.1711933));
#984 = CARTESIAN_POINT('',(-0.35377675,78.835402,8.3499675));
#985 = CARTESIAN_POINT('',(-0.33849293,79.265862,7.5048507));
#986 = CARTESIAN_POINT('',(-0.32027688,79.703783,6.644889));
#987 = CARTESIAN_POINT('',(-0.29959245,80.161264,5.7794941));
#988 = CARTESIAN_POINT('',(-0.27700056,80.650578,4.9182444));
#989 = CARTESIAN_POINT('',(-0.25312911,81.183749,4.0706647));
#990 = CARTESIAN_POINT('',(-0.22863274,81.772047,3.2459989));
#991 = PCURVE('',#285,#992);
#992 = DEFINITIONAL_REPRESENTATION('',(#993),#996);
#993 = B_SPLINE_CURVE_WITH_KNOTS('',1,(#994,#995),.UNSPECIFIED.,.F.,.F.,
  (2,2),(0.,1.),.PIECEWISE_BEZIER_KNOTS.);
#994 = CARTESIAN_POINT('',(1.,0.));
#995 = CARTESIAN_POINT('',(0.,0.));
#996 = ( GEOMETRIC_REPRESENTATION_CONTEXT(2) 
PARAMETRIC_REPRESENTATION_CONTEXT() REPRESENTATION_CONTEXT('2D SPACE',''
  ) );
#997 = ORIENTED_EDGE('',*,*,#998,.T.);
#998 = EDGE_CURVE('',#978,#263,#999,.T.);
#999 = SURFACE_CURVE('',#1000,(#1008,#1014),.PCURVE_S1.);
#1000 = B_SPLINE_CURVE_WITH_KNOTS('',6,(#1001,#1002,#1003,#1004,#1005,
    #1006,#1007),.UNSPECIFIED.,.F.,.F.,(7,7),(0.,1.),
  .PIECEWISE_BEZIER_KNOTS.);
#1001 = CARTESIAN_POINT('',(-0.37428821,77.951509,9.9600152));
#1002 = CARTESIAN_POINT('',(5.7302933,77.951509,9.9981218));
#1003 = CARTESIAN_POINT('',(11.83953,77.951509,9.2904131));
#1004 = CARTESIAN_POINT('',(17.839534,77.951509,7.8361753));
#1005 = CARTESIAN_POINT('',(23.61621,77.951509,5.6579034));
#1006 = CARTESIAN_POINT('',(29.062615,77.951509,2.8012809));
#1007 = CARTESIAN_POINT('',(34.085053,77.951509,-0.66894805));
#1008 = PCURVE('',#285,#1009);
#1009 = DEFINITIONAL_REPRESENTATION('',(#1010),#1013);
#1010 = B_SPLINE_CURVE_WITH_KNOTS('',1,(#1011,#1012),.UNSPECIFIED.,.F.,
  .F.,(2,2),(0.,1.),.PIECEWISE_BEZIER_KNOTS.);
#1011 = CARTESIAN_POINT('',(1.,0.));
#1012 = CARTESIAN_POINT('',(1.,0.85461191));
#1013 = ( GEOMETRIC_REPRESENTATION_CONTEXT(2) 
PARAMETRIC_REPRESENTATION_CONTEXT() REPRESENTATION_CONTEXT('2D SPACE',''
  ) );
#1014 = PCURVE('',#383,#1015);
#1015 = DEFINITIONAL_REPRESENTATION('',(#1016),#1019);
#1016 = B_SPLINE_CURVE_WITH_KNOTS('',1,(#1017,#1018),.UNSPECIFIED.,.F.,
  .F.,(2,2),(0.,1.),.PIECEWISE_BEZIER_KNOTS.);
#1017 = CARTESIAN_POINT('',(0.,0.));
#1018 = CARTESIAN_POINT('',(0.,0.85461191));
#1019 = ( GEOMETRIC_REPRESENTATION_CONTEXT(2) 
PARAMETRIC_REPRESENTATION_CONTEXT() REPRESENTATION_CONTEXT('2D SPACE',''
  ) );
#1020 = ADVANCED_FACE('',(#1021),#383,.T.);
#1021 = FACE_BOUND('',#1022,.T.);
#1022 = EDGE_LOOP('',(#1023,#1024,#1025,#1046));
#1023 = ORIENTED_EDGE('',*,*,#359,.F.);
#1024 = ORIENTED_EDGE('',*,*,#998,.F.);
#1025 = ORIENTED_EDGE('',*,*,#1026,.F.);
#1026 = EDGE_CURVE('',#1027,#978,#1029,.T.);
#1027 = VERTEX_POINT('',#1028);
#1028 = CARTESIAN_POINT('',(-0.34128269,73.419288,14.932269));
#1029 = SURFACE_CURVE('',#1030,(#1040),.PCURVE_S1.);
#1030 = B_SPLINE_CURVE_WITH_KNOTS('',8,(#1031,#1032,#1033,#1034,#1035,
    #1036,#1037,#1038,#1039),.UNSPECIFIED.,.F.,.F.,(9,9),(0.,1.),
  .PIECEWISE_BEZIER_KNOTS.);
#1031 = CARTESIAN_POINT('',(-0.34128269,73.419288,14.932269));
#1032 = CARTESIAN_POINT('',(-0.35728032,74.157132,14.525281));
#1033 = CARTESIAN_POINT('',(-0.37042123,74.834257,14.045604));
#1034 = CARTESIAN_POINT('',(-0.38028881,75.454492,13.497793));
#1035 = CARTESIAN_POINT('',(-0.38657359,76.023459,12.887362));
#1036 = CARTESIAN_POINT('',(-0.38909331,76.548414,12.220757));
#1037 = CARTESIAN_POINT('',(-0.38780295,77.038036,11.505255));
#1038 = CARTESIAN_POINT('',(-0.38279476,77.502168,10.748837));
#1039 = CARTESIAN_POINT('',(-0.37428821,77.951509,9.9600152));
#1040 = PCURVE('',#383,#1041);
#1041 = DEFINITIONAL_REPRESENTATION('',(#1042),#1045);
#1042 = B_SPLINE_CURVE_WITH_KNOTS('',1,(#1043,#1044),.UNSPECIFIED.,.F.,
  .F.,(2,2),(0.,1.),.PIECEWISE_BEZIER_KNOTS.);
#1043 = CARTESIAN_POINT('',(1.,0.));
#1044 = CARTESIAN_POINT('',(0.,0.));
#1045 = ( GEOMETRIC_REPRESENTATION_CONTEXT(2) 
PARAMETRIC_REPRESENTATION_CONTEXT() REPRESENTATION_CONTEXT('2D SPACE',''
  ) );
#1046 = ORIENTED_EDGE('',*,*,#1047,.T.);
#1047 = EDGE_CURVE('',#1027,#360,#1048,.T.);
#1048 = SURFACE_CURVE('',#1049,(#1057,#1063),.PCURVE_S1.);
#1049 = B_SPLINE_CURVE_WITH_KNOTS('',6,(#1050,#1051,#1052,#1053,#1054,
    #1055,#1056),.UNSPECIFIED.,.F.,.F.,(7,7),(0.,1.),
  .PIECEWISE_BEZIER_KNOTS.);
#1050 = CARTESIAN_POINT('',(-0.34128269,73.419288,14.932269));
#1051 = CARTESIAN_POINT('',(6.2695283,73.419288,14.967016));
#1052 = CARTESIAN_POINT('',(12.884584,73.419288,14.194099));
#1053 = CARTESIAN_POINT('',(19.380552,73.419288,12.612868));
#1054 = CARTESIAN_POINT('',(25.6339,73.419288,10.247805));
#1055 = CARTESIAN_POINT('',(31.528868,73.419288,7.1484959));
#1056 = CARTESIAN_POINT('',(36.964057,73.419288,3.385153));
#1057 = PCURVE('',#383,#1058);
#1058 = DEFINITIONAL_REPRESENTATION('',(#1059),#1062);
#1059 = B_SPLINE_CURVE_WITH_KNOTS('',1,(#1060,#1061),.UNSPECIFIED.,.F.,
  .F.,(2,2),(0.,1.),.PIECEWISE_BEZIER_KNOTS.);
#1060 = CARTESIAN_POINT('',(1.,0.));
#1061 = CARTESIAN_POINT('',(1.,0.86011345));
#1062 = ( GEOMETRIC_REPRESENTATION_CONTEXT(2) 
PARAMETRIC_REPRESENTATION_CONTEXT() REPRESENTATION_CONTEXT('2D SPACE',''
  ) );
#1063 = PCURVE('',#479,#1064);
#1064 = DEFINITIONAL_REPRESENTATION('',(#1065),#1068);
#1065 = B_SPLINE_CURVE_WITH_KNOTS('',1,(#1066,#1067),.UNSPECIFIED.,.F.,
  .F.,(2,2),(0.,1.),.PIECEWISE_BEZIER_KNOTS.);
#1066 = CARTESIAN_POINT('',(0.,0.));
#1067 = CARTESIAN_POINT('',(0.,0.86011345));
#1068 = ( GEOMETRIC_REPRESENTATION_CONTEXT(2) 
PARAMETRIC_REPRESENTATION_CONTEXT() REPRESENTATION_CONTEXT('2D SPACE',''
  ) );
#1069 = ADVANCED_FACE('',(#1070),#479,.T.);
#1070 = FACE_BOUND('',#1071,.T.);
#1071 = EDGE_LOOP('',(#1072,#1104,#1105,#1106,#1127));
#1072 = ORIENTED_EDGE('',*,*,#1073,.F.);
#1073 = EDGE_CURVE('',#459,#1074,#1076,.T.);
#1074 = VERTEX_POINT('',#1075);
#1075 = CARTESIAN_POINT('',(32.798374,65.735705,7.2346035));
#1076 = SURFACE_CURVE('',#1077,(#1084,#1095),.PCURVE_S1.);
#1077 = B_SPLINE_CURVE_WITH_KNOTS('',5,(#1078,#1079,#1080,#1081,#1082,
    #1083),.UNSPECIFIED.,.F.,.F.,(6,6),(0.,1.),
  .PIECEWISE_BEZIER_KNOTS.);
#1078 = CARTESIAN_POINT('',(32.825219,70.200272,7.2566786));
#1079 = CARTESIAN_POINT('',(32.893252,69.314585,7.3744263));
#1080 = CARTESIAN_POINT('',(32.916184,68.415775,7.41938));
#1081 = CARTESIAN_POINT('',(32.903101,67.517392,7.4041611));
#1082 = CARTESIAN_POINT('',(32.862249,66.623203,7.3404389));
#1083 = CARTESIAN_POINT('',(32.798374,65.735705,7.2346035));
#1084 = PCURVE('',#479,#1085);
#1085 = DEFINITIONAL_REPRESENTATION('',(#1086),#1094);
#1086 = B_SPLINE_CURVE_WITH_KNOTS('',6,(#1087,#1088,#1089,#1090,#1091,
    #1092,#1093),.UNSPECIFIED.,.F.,.F.,(7,7),(0.,1.),
  .PIECEWISE_BEZIER_KNOTS.);
#1087 = CARTESIAN_POINT('',(0.47700427,0.85873185));
#1088 = CARTESIAN_POINT('',(0.57394273,0.85828408));
#1089 = CARTESIAN_POINT('',(0.66662713,0.85779378));
#1090 = CARTESIAN_POINT('',(0.7550985,0.85729065));
#1091 = CARTESIAN_POINT('',(0.83983407,0.85679703));
#1092 = CARTESIAN_POINT('',(0.92136155,0.85632624));
#1093 = CARTESIAN_POINT('',(1.,0.8558936));
#1094 = ( GEOMETRIC_REPRESENTATION_CONTEXT(2) 
PARAMETRIC_REPRESENTATION_CONTEXT() REPRESENTATION_CONTEXT('2D SPACE',''
  ) );
#1095 = PCURVE('',#571,#1096);
#1096 = DEFINITIONAL_REPRESENTATION('',(#1097),#1103);
#1097 = B_SPLINE_CURVE_WITH_KNOTS('',4,(#1098,#1099,#1100,#1101,#1102),
  .UNSPECIFIED.,.F.,.F.,(5,5),(0.,1.),.PIECEWISE_BEZIER_KNOTS.);
#1098 = CARTESIAN_POINT('',(5.5511151E-17,0.18283718));
#1099 = CARTESIAN_POINT('',(0.12629241,0.18665949));
#1100 = CARTESIAN_POINT('',(0.25446347,0.1933422));
#1101 = CARTESIAN_POINT('',(0.38114542,0.20182117));
#1102 = CARTESIAN_POINT('',(0.50617089,0.21162654));
#1103 = ( GEOMETRIC_REPRESENTATION_CONTEXT(2) 
PARAMETRIC_REPRESENTATION_CONTEXT() REPRESENTATION_CONTEXT('2D SPACE',''
  ) );
#1104 = ORIENTED_EDGE('',*,*,#458,.F.);
#1105 = ORIENTED_EDGE('',*,*,#1047,.F.);
#1106 = ORIENTED_EDGE('',*,*,#1107,.F.);
#1107 = EDGE_CURVE('',#1108,#1027,#1110,.T.);
#1108 = VERTEX_POINT('',#1109);
#1109 = CARTESIAN_POINT('',(-0.16273627,65.735705,15.965951));
#1110 = SURFACE_CURVE('',#1111,(#1121),.PCURVE_S1.);
#1111 = B_SPLINE_CURVE_WITH_KNOTS('',8,(#1112,#1113,#1114,#1115,#1116,
    #1117,#1118,#1119,#1120),.UNSPECIFIED.,.F.,.F.,(9,9),(0.,1.),
  .PIECEWISE_BEZIER_KNOTS.);
#1112 = CARTESIAN_POINT('',(-0.16273627,65.735705,15.965951));
#1113 = CARTESIAN_POINT('',(-0.18714671,66.91131,16.129545));
#1114 = CARTESIAN_POINT('',(-0.21225459,68.032771,16.207466));
#1115 = CARTESIAN_POINT('',(-0.23740897,69.093749,16.199669));
#1116 = CARTESIAN_POINT('',(-0.26192542,70.090085,16.106853));
#1117 = CARTESIAN_POINT('',(-0.28513626,71.019772,15.93062));
#1118 = CARTESIAN_POINT('',(-0.30643072,71.882881,15.673559));
#1119 = CARTESIAN_POINT('',(-0.32528507,72.681443,15.339258));
#1120 = CARTESIAN_POINT('',(-0.34128269,73.419288,14.932269));
#1121 = PCURVE('',#479,#1122);
#1122 = DEFINITIONAL_REPRESENTATION('',(#1123),#1126);
#1123 = B_SPLINE_CURVE_WITH_KNOTS('',1,(#1124,#1125),.UNSPECIFIED.,.F.,
  .F.,(2,2),(0.,1.),.PIECEWISE_BEZIER_KNOTS.);
#1124 = CARTESIAN_POINT('',(1.,0.));
#1125 = CARTESIAN_POINT('',(0.,0.));
#1126 = ( GEOMETRIC_REPRESENTATION_CONTEXT(2) 
PARAMETRIC_REPRESENTATION_CONTEXT() REPRESENTATION_CONTEXT('2D SPACE',''
  ) );
#1127 = ORIENTED_EDGE('',*,*,#1128,.T.);
#1128 = EDGE_CURVE('',#1108,#1074,#1129,.T.);
#1129 = SURFACE_CURVE('',#1130,(#1138,#1144),.PCURVE_S1.);
#1130 = B_SPLINE_CURVE_WITH_KNOTS('',6,(#1131,#1132,#1133,#1134,#1135,
    #1136,#1137),.UNSPECIFIED.,.F.,.F.,(7,7),(0.,1.),
  .PIECEWISE_BEZIER_KNOTS.);
#1131 = CARTESIAN_POINT('',(-0.16273627,65.735705,15.965951));
#1132 = CARTESIAN_POINT('',(6.5533148,65.735705,15.98252));
#1133 = CARTESIAN_POINT('',(13.27139,65.735705,15.178567));
#1134 = CARTESIAN_POINT('',(19.866193,65.735705,13.553783));
#1135 = CARTESIAN_POINT('',(26.212296,65.735705,11.133387));
#1136 = CARTESIAN_POINT('',(32.192239,65.735705,7.9680822));
#1137 = CARTESIAN_POINT('',(37.70321,65.735705,4.1294855));
#1138 = PCURVE('',#479,#1139);
#1139 = DEFINITIONAL_REPRESENTATION('',(#1140),#1143);
#1140 = B_SPLINE_CURVE_WITH_KNOTS('',1,(#1141,#1142),.UNSPECIFIED.,.F.,
  .F.,(2,2),(0.,1.),.PIECEWISE_BEZIER_KNOTS.);
#1141 = CARTESIAN_POINT('',(1.,0.));
#1142 = CARTESIAN_POINT('',(1.,0.8558936));
#1143 = ( GEOMETRIC_REPRESENTATION_CONTEXT(2) 
PARAMETRIC_REPRESENTATION_CONTEXT() REPRESENTATION_CONTEXT('2D SPACE',''
  ) );
#1144 = PCURVE('',#1145,#1209);
#1145 = B_SPLINE_SURFACE_WITH_KNOTS('',8,6,(
    (#1146,#1147,#1148,#1149,#1150,#1151,#1152)
    ,(#1153,#1154,#1155,#1156,#1157,#1158,#1159)
    ,(#1160,#1161,#1162,#1163,#1164,#1165,#1166)
    ,(#1167,#1168,#1169,#1170,#1171,#1172,#1173)
    ,(#1174,#1175,#1176,#1177,#1178,#1179,#1180)
    ,(#1181,#1182,#1183,#1184,#1185,#1186,#1187)
    ,(#1188,#1189,#1190,#1191,#1192,#1193,#1194)
    ,(#1195,#1196,#1197,#1198,#1199,#1200,#1201)
    ,(#1202,#1203,#1204,#1205,#1206,#1207,#1208
  )),.UNSPECIFIED.,.F.,.F.,.F.,(9,9),(7,7),(0.,1.),(0.,1.),
  .PIECEWISE_BEZIER_KNOTS.);
#1146 = CARTESIAN_POINT('',(-0.16273627,65.735705,15.965951));
#1147 = CARTESIAN_POINT('',(6.5533148,65.735705,15.98252));
#1148 = CARTESIAN_POINT('',(13.27139,65.735705,15.178567));
#1149 = CARTESIAN_POINT('',(19.866193,65.735705,13.553783));
#1150 = CARTESIAN_POINT('',(26.212296,65.735705,11.133387));
#1151 = CARTESIAN_POINT('',(32.192239,65.735705,7.9680822));
#1152 = CARTESIAN_POINT('',(37.70321,65.735705,4.1294855));
#1153 = CARTESIAN_POINT('',(-0.1490054,65.074427,15.87393));
#1154 = CARTESIAN_POINT('',(6.5576769,65.074427,15.8891));
#1155 = CARTESIAN_POINT('',(13.266213,65.074427,15.084895));
#1156 = CARTESIAN_POINT('',(19.85148,65.074427,13.461028));
#1157 = CARTESIAN_POINT('',(26.188232,65.074427,11.04271));
#1158 = CARTESIAN_POINT('',(32.159182,65.074427,7.8805986));
#1159 = CARTESIAN_POINT('',(37.661676,65.074427,4.0462305));
#1160 = CARTESIAN_POINT('',(-0.1354952,64.396019,15.754802));
#1161 = CARTESIAN_POINT('',(6.5590586,64.396019,15.768597));
#1162 = CARTESIAN_POINT('',(13.255298,64.396019,14.964498));
#1163 = CARTESIAN_POINT('',(19.828326,64.396019,13.342244));
#1164 = CARTESIAN_POINT('',(26.15313,64.396019,10.927027));
#1165 = CARTESIAN_POINT('',(32.112644,64.396019,7.7694355));
#1166 = CARTESIAN_POINT('',(37.604414,64.396019,3.9408973));
#1167 = CARTESIAN_POINT('',(-0.12232153,63.701607,15.608575));
#1168 = CARTESIAN_POINT('',(6.5573448,63.701607,15.621029));
#1169 = CARTESIAN_POINT('',(13.238533,63.701607,14.817407));
#1170 = CARTESIAN_POINT('',(19.796624,63.701607,13.197475));
#1171 = CARTESIAN_POINT('',(26.106887,63.701607,10.786393));
#1172 = CARTESIAN_POINT('',(32.052527,63.701607,7.6346571));
#1173 = CARTESIAN_POINT('',(37.531333,63.701607,3.8135594));
#1174 = CARTESIAN_POINT('',(-0.10959689,62.992539,15.435334));
#1175 = CARTESIAN_POINT('',(6.5524316,62.992539,15.446492));
#1176 = CARTESIAN_POINT('',(13.215823,62.992539,14.64373));
#1177 = CARTESIAN_POINT('',(19.756289,62.992539,13.026836));
#1178 = CARTESIAN_POINT('',(26.049432,62.992539,10.620928));
#1179 = CARTESIAN_POINT('',(31.978775,62.992539,7.476392));
#1180 = CARTESIAN_POINT('',(37.442389,62.992539,3.6643496));
#1181 = CARTESIAN_POINT('',(-9.742761E-02,62.27038,15.235227));
#1182 = CARTESIAN_POINT('',(6.5442278,62.27038,15.245146));
#1183 = CARTESIAN_POINT('',(13.187095,62.27038,14.443634));
#1184 = CARTESIAN_POINT('',(19.707265,62.27038,12.830503));
#1185 = CARTESIAN_POINT('',(25.980726,62.27038,10.430814));
#1186 = CARTESIAN_POINT('',(31.891366,62.27038,7.2948234));
#1187 = CARTESIAN_POINT('',(37.337581,62.27038,3.4934517));
#1188 = CARTESIAN_POINT('',(-8.5910681E-02,61.536918,15.00846));
#1189 = CARTESIAN_POINT('',(6.5326574,61.536918,15.017206));
#1190 = CARTESIAN_POINT('',(13.152294,61.536918,14.217342));
#1191 = CARTESIAN_POINT('',(19.649521,61.536918,12.608701));
#1192 = CARTESIAN_POINT('',(25.900761,61.536918,10.216281));
#1193 = CARTESIAN_POINT('',(31.790316,61.536918,7.0901788));
#1194 = CARTESIAN_POINT('',(37.216947,61.536918,3.301089));
#1195 = CARTESIAN_POINT('',(-7.5130314E-02,60.794155,14.755279));
#1196 = CARTESIAN_POINT('',(6.5176611,60.794155,14.762928));
#1197 = CARTESIAN_POINT('',(13.111387,60.794155,13.965115));
#1198 = CARTESIAN_POINT('',(19.58305,60.794155,12.361696));
#1199 = CARTESIAN_POINT('',(25.809559,60.794155,9.9775885));
#1200 = CARTESIAN_POINT('',(31.675673,60.794155,6.8627158));
#1201 = CARTESIAN_POINT('',(37.080559,60.794155,3.0875118));
#1202 = CARTESIAN_POINT('',(-6.5154147E-02,60.044311,14.475956));
#1203 = CARTESIAN_POINT('',(6.4991992,60.044311,14.482589));
#1204 = CARTESIAN_POINT('',(13.064363,60.044311,13.687235));
#1205 = CARTESIAN_POINT('',(19.50787,60.044311,12.089768));
#1206 = CARTESIAN_POINT('',(25.707164,60.044311,9.7150169));
#1207 = CARTESIAN_POINT('',(31.54751,60.044311,6.6127064));
#1208 = CARTESIAN_POINT('',(36.928518,60.044311,2.8529818));
#1209 = DEFINITIONAL_REPRESENTATION('',(#1210),#1213);
#1210 = B_SPLINE_CURVE_WITH_KNOTS('',1,(#1211,#1212),.UNSPECIFIED.,.F.,
  .F.,(2,2),(0.,1.),.PIECEWISE_BEZIER_KNOTS.);
#1211 = CARTESIAN_POINT('',(0.,0.));
#1212 = CARTESIAN_POINT('',(0.,0.8558936));
#1213 = ( GEOMETRIC_REPRESENTATION_CONTEXT(2) 
PARAMETRIC_REPRESENTATION_CONTEXT() REPRESENTATION_CONTEXT('2D SPACE',''
  ) );
#1214 = ADVANCED_FACE('',(#1215),#571,.T.);
#1215 = FACE_BOUND('',#1216,.T.);
#1216 = EDGE_LOOP('',(#1217,#1218,#1248,#1323,#1341));
#1217 = ORIENTED_EDGE('',*,*,#1073,.T.);
#1218 = ORIENTED_EDGE('',*,*,#1219,.T.);
#1219 = EDGE_CURVE('',#1074,#1220,#1222,.T.);
#1220 = VERTEX_POINT('',#1221);
#1221 = CARTESIAN_POINT('',(32.283268,61.328821,6.3288033));
#1222 = SURFACE_CURVE('',#1223,(#1230,#1239),.PCURVE_S1.);
#1223 = B_SPLINE_CURVE_WITH_KNOTS('',5,(#1224,#1225,#1226,#1227,#1228,
    #1229),.UNSPECIFIED.,.F.,.F.,(6,6),(0.,1.),
  .PIECEWISE_BEZIER_KNOTS.);
#1224 = CARTESIAN_POINT('',(32.798374,65.735705,7.2346035));
#1225 = CARTESIAN_POINT('',(32.733757,64.837529,7.1275365));
#1226 = CARTESIAN_POINT('',(32.645631,63.946197,6.9774558));
#1227 = CARTESIAN_POINT('',(32.539505,63.06388,6.7919442));
#1228 = CARTESIAN_POINT('',(32.418051,62.191252,6.5745777));
#1229 = CARTESIAN_POINT('',(32.283268,61.328821,6.3288033));
#1230 = PCURVE('',#571,#1231);
#1231 = DEFINITIONAL_REPRESENTATION('',(#1232),#1238);
#1232 = B_SPLINE_CURVE_WITH_KNOTS('',4,(#1233,#1234,#1235,#1236,#1237),
  .UNSPECIFIED.,.F.,.F.,(5,5),(0.,1.),.PIECEWISE_BEZIER_KNOTS.);
#1233 = CARTESIAN_POINT('',(0.50617089,0.21162654));
#1234 = CARTESIAN_POINT('',(0.6327009,0.22154871));
#1235 = CARTESIAN_POINT('',(0.75743767,0.23282007));
#1236 = CARTESIAN_POINT('',(0.87988994,0.24497267));
#1237 = CARTESIAN_POINT('',(1.,0.25785212));
#1238 = ( GEOMETRIC_REPRESENTATION_CONTEXT(2) 
PARAMETRIC_REPRESENTATION_CONTEXT() REPRESENTATION_CONTEXT('2D SPACE',''
  ) );
#1239 = PCURVE('',#1145,#1240);
#1240 = DEFINITIONAL_REPRESENTATION('',(#1241),#1247);
#1241 = B_SPLINE_CURVE_WITH_KNOTS('',4,(#1242,#1243,#1244,#1245,#1246),
  .UNSPECIFIED.,.F.,.F.,(5,5),(0.,1.),.PIECEWISE_BEZIER_KNOTS.);
#1242 = CARTESIAN_POINT('',(0.,0.8558936));
#1243 = CARTESIAN_POINT('',(0.21222529,0.85523685));
#1244 = CARTESIAN_POINT('',(0.41143077,0.85467586));
#1245 = CARTESIAN_POINT('',(0.60128477,0.85427718));
#1246 = CARTESIAN_POINT('',(0.78412733,0.85404451));
#1247 = ( GEOMETRIC_REPRESENTATION_CONTEXT(2) 
PARAMETRIC_REPRESENTATION_CONTEXT() REPRESENTATION_CONTEXT('2D SPACE',''
  ) );
#1248 = ORIENTED_EDGE('',*,*,#1249,.F.);
#1249 = EDGE_CURVE('',#1250,#1220,#1252,.T.);
#1250 = VERTEX_POINT('',#1251);
#1251 = CARTESIAN_POINT('',(19.917273,60.482595,-15.022518));
#1252 = SURFACE_CURVE('',#1253,(#1261,#1267),.PCURVE_S1.);
#1253 = B_SPLINE_CURVE_WITH_KNOTS('',6,(#1254,#1255,#1256,#1257,#1258,
    #1259,#1260),.UNSPECIFIED.,.F.,.F.,(7,7),(0.,1.),
  .PIECEWISE_BEZIER_KNOTS.);
#1254 = CARTESIAN_POINT('',(19.917273,60.482595,-15.022518));
#1255 = CARTESIAN_POINT('',(21.897809,60.602524,-11.348404));
#1256 = CARTESIAN_POINT('',(23.879338,60.722714,-7.6757157));
#1257 = CARTESIAN_POINT('',(25.90308,60.853978,-4.0636524));
#1258 = CARTESIAN_POINT('',(28.009195,61.006851,-0.56989575));
#1259 = CARTESIAN_POINT('',(30.149522,61.168699,2.8747272));
#1260 = CARTESIAN_POINT('',(32.283267,61.328821,6.3288025));
#1261 = PCURVE('',#571,#1262);
#1262 = DEFINITIONAL_REPRESENTATION('',(#1263),#1266);
#1263 = B_SPLINE_CURVE_WITH_KNOTS('',1,(#1264,#1265),.UNSPECIFIED.,.F.,
  .F.,(2,2),(0.,1.),.PIECEWISE_BEZIER_KNOTS.);
#1264 = CARTESIAN_POINT('',(1.,0.72082039));
#1265 = CARTESIAN_POINT('',(1.,0.25785212));
#1266 = ( GEOMETRIC_REPRESENTATION_CONTEXT(2) 
PARAMETRIC_REPRESENTATION_CONTEXT() REPRESENTATION_CONTEXT('2D SPACE',''
  ) );
#1267 = PCURVE('',#1268,#1318);
#1268 = B_SPLINE_SURFACE_WITH_KNOTS('',6,6,(
    (#1269,#1270,#1271,#1272,#1273,#1274,#1275)
    ,(#1276,#1277,#1278,#1279,#1280,#1281,#1282)
    ,(#1283,#1284,#1285,#1286,#1287,#1288,#1289)
    ,(#1290,#1291,#1292,#1293,#1294,#1295,#1296)
    ,(#1297,#1298,#1299,#1300,#1301,#1302,#1303)
    ,(#1304,#1305,#1306,#1307,#1308,#1309,#1310)
    ,(#1311,#1312,#1313,#1314,#1315,#1316,#1317
  )),.UNSPECIFIED.,.F.,.F.,.F.,(7,7),(7,7),(0.,1.),(0.,1.),
  .PIECEWISE_BEZIER_KNOTS.);
#1269 = CARTESIAN_POINT('',(39.288957,61.83119,18.05047));
#1270 = CARTESIAN_POINT('',(34.844887,61.528555,10.353114));
#1271 = CARTESIAN_POINT('',(30.400816,61.225921,2.6557584));
#1272 = CARTESIAN_POINT('',(25.027703,60.679565,-3.7073013));
#1273 = CARTESIAN_POINT('',(21.512676,60.620651,-12.738953));
#1274 = CARTESIAN_POINT('',(17.068605,60.318017,-20.436308));
#1275 = CARTESIAN_POINT('',(12.624535,60.015382,-28.133664));
#1276 = CARTESIAN_POINT('',(39.755009,59.284394,18.857695));
#1277 = CARTESIAN_POINT('',(35.280895,58.944242,11.108303));
#1278 = CARTESIAN_POINT('',(30.806781,58.604089,3.3589104));
#1279 = CARTESIAN_POINT('',(25.713305,58.101456,-3.5009515));
#1280 = CARTESIAN_POINT('',(21.858554,57.923784,-12.139875));
#1281 = CARTESIAN_POINT('',(17.38444,57.583631,-19.889267));
#1282 = CARTESIAN_POINT('',(12.910326,57.243479,-27.63866));
#1283 = CARTESIAN_POINT('',(40.221061,56.737599,19.664921));
#1284 = CARTESIAN_POINT('',(35.716904,56.359928,11.863492));
#1285 = CARTESIAN_POINT('',(31.212746,55.982258,4.0620624));
#1286 = CARTESIAN_POINT('',(26.378262,55.517931,-3.2649508));
#1287 = CARTESIAN_POINT('',(22.204431,55.226917,-11.540797));
#1288 = CARTESIAN_POINT('',(17.700274,54.849246,-19.342226));
#1289 = CARTESIAN_POINT('',(13.196117,54.471575,-27.143656));
#1290 = CARTESIAN_POINT('',(40.687113,54.190803,20.472147));
#1291 = CARTESIAN_POINT('',(36.152912,53.775615,12.618681));
#1292 = CARTESIAN_POINT('',(31.618711,53.360426,4.7652144));
#1293 = CARTESIAN_POINT('',(26.974401,52.916352,-2.9301133));
#1294 = CARTESIAN_POINT('',(22.550309,52.530049,-10.941719));
#1295 = CARTESIAN_POINT('',(18.016108,52.114861,-18.795185));
#1296 = CARTESIAN_POINT('',(13.481907,51.699672,-26.648652));
#1297 = CARTESIAN_POINT('',(41.153165,51.644007,21.279373));
#1298 = CARTESIAN_POINT('',(36.588921,51.191301,13.37387));
#1299 = CARTESIAN_POINT('',(32.024676,50.738595,5.4683665));
#1300 = CARTESIAN_POINT('',(27.460432,50.285888,-2.437137));
#1301 = CARTESIAN_POINT('',(22.896187,49.833182,-10.342641));
#1302 = CARTESIAN_POINT('',(18.331943,49.380475,-18.248144));
#1303 = CARTESIAN_POINT('',(13.767698,48.927769,-26.153647));
#1304 = CARTESIAN_POINT('',(41.619218,49.097212,22.086599));
#1305 = CARTESIAN_POINT('',(37.024929,48.606987,14.129059));
#1306 = CARTESIAN_POINT('',(32.430641,48.116763,6.1715185));
#1307 = CARTESIAN_POINT('',(27.836353,47.626539,-1.786022));
#1308 = CARTESIAN_POINT('',(23.242065,47.136314,-9.7435624));
#1309 = CARTESIAN_POINT('',(18.647777,46.64609,-17.701103));
#1310 = CARTESIAN_POINT('',(14.053489,46.155865,-25.658643));
#1311 = CARTESIAN_POINT('',(42.08527,46.550416,22.893825));
#1312 = CARTESIAN_POINT('',(37.460938,46.022674,14.884248));
#1313 = CARTESIAN_POINT('',(32.836606,45.494932,6.8746705));
#1314 = CARTESIAN_POINT('',(28.212275,44.967189,-1.1349069));
#1315 = CARTESIAN_POINT('',(23.587943,44.439447,-9.1444844));
#1316 = CARTESIAN_POINT('',(18.963611,43.911704,-17.154062));
#1317 = CARTESIAN_POINT('',(14.33928,43.383962,-25.163639));
#1318 = DEFINITIONAL_REPRESENTATION('',(#1319),#1322);
#1319 = B_SPLINE_CURVE_WITH_KNOTS('',1,(#1320,#1321),.UNSPECIFIED.,.F.,
  .F.,(2,2),(0.,1.),.PIECEWISE_BEZIER_KNOTS.);
#1320 = CARTESIAN_POINT('',(0.,0.72082039));
#1321 = CARTESIAN_POINT('',(0.,0.25785213));
#1322 = ( GEOMETRIC_REPRESENTATION_CONTEXT(2) 
PARAMETRIC_REPRESENTATION_CONTEXT() REPRESENTATION_CONTEXT('2D SPACE',''
  ) );
#1323 = ORIENTED_EDGE('',*,*,#1324,.T.);
#1324 = EDGE_CURVE('',#1250,#22,#1325,.T.);
#1325 = SURFACE_CURVE('',#1326,(#1332),.PCURVE_S1.);
#1326 = B_SPLINE_CURVE_WITH_KNOTS('',4,(#1327,#1328,#1329,#1330,#1331),
  .UNSPECIFIED.,.F.,.F.,(5,5),(0.,1.),.PIECEWISE_BEZIER_KNOTS.);
#1327 = CARTESIAN_POINT('',(19.917273,60.482595,-15.022518));
#1328 = CARTESIAN_POINT('',(19.480733,62.755705,-15.65688));
#1329 = CARTESIAN_POINT('',(19.045192,65.028974,-16.291285));
#1330 = CARTESIAN_POINT('',(18.625079,67.302211,-16.925682));
#1331 = CARTESIAN_POINT('',(18.224518,69.575424,-17.560073));
#1332 = PCURVE('',#571,#1333);
#1333 = DEFINITIONAL_REPRESENTATION('',(#1334),#1340);
#1334 = B_SPLINE_CURVE_WITH_KNOTS('',4,(#1335,#1336,#1337,#1338,#1339),
  .UNSPECIFIED.,.F.,.F.,(5,5),(0.,1.),.PIECEWISE_BEZIER_KNOTS.);
#1335 = CARTESIAN_POINT('',(1.,0.72082039));
#1336 = CARTESIAN_POINT('',(0.74943362,0.72509096));
#1337 = CARTESIAN_POINT('',(0.4990926,0.72942004));
#1338 = CARTESIAN_POINT('',(0.24927013,0.7335743));
#1339 = CARTESIAN_POINT('',(9.971468095671E-13,0.73747232));
#1340 = ( GEOMETRIC_REPRESENTATION_CONTEXT(2) 
PARAMETRIC_REPRESENTATION_CONTEXT() REPRESENTATION_CONTEXT('2D SPACE',''
  ) );
#1341 = ORIENTED_EDGE('',*,*,#554,.F.);
#1342 = ADVANCED_FACE('',(#1343),#700,.T.);
#1343 = FACE_BOUND('',#1344,.T.);
#1344 = EDGE_LOOP('',(#1345,#1346,#1365,#1386));
#1345 = ORIENTED_EDGE('',*,*,#677,.F.);
#1346 = ORIENTED_EDGE('',*,*,#1347,.T.);
#1347 = EDGE_CURVE('',#653,#1348,#1350,.T.);
#1348 = VERTEX_POINT('',#1349);
#1349 = CARTESIAN_POINT('',(3.469446951954E-15,100.51025,-3.9621256));
#1350 = SURFACE_CURVE('',#1351,(#1359),.PCURVE_S1.);
#1351 = B_SPLINE_CURVE_WITH_KNOTS('',6,(#1352,#1353,#1354,#1355,#1356,
    #1357,#1358),.UNSPECIFIED.,.F.,.F.,(7,7),(0.,1.),
  .PIECEWISE_BEZIER_KNOTS.);
#1352 = CARTESIAN_POINT('',(22.948407,100.51025,-10.089394));
#1353 = CARTESIAN_POINT('',(19.477311,100.51025,-8.09353));
#1354 = CARTESIAN_POINT('',(15.797913,100.51025,-6.4599309));
#1355 = CARTESIAN_POINT('',(11.957476,100.51025,-5.2157717));
#1356 = CARTESIAN_POINT('',(8.0079919,100.51025,-4.3800071));
#1357 = CARTESIAN_POINT('',(4.0039959,100.51025,-3.9621256));
#1358 = CARTESIAN_POINT('',(3.5527137E-15,100.51025,-3.9621256));
#1359 = PCURVE('',#700,#1360);
#1360 = DEFINITIONAL_REPRESENTATION('',(#1361),#1364);
#1361 = B_SPLINE_CURVE_WITH_KNOTS('',1,(#1362,#1363),.UNSPECIFIED.,.F.,
  .F.,(2,2),(0.,1.),.PIECEWISE_BEZIER_KNOTS.);
#1362 = CARTESIAN_POINT('',(1.,0.14575154));
#1363 = CARTESIAN_POINT('',(1.,1.));
#1364 = ( GEOMETRIC_REPRESENTATION_CONTEXT(2) 
PARAMETRIC_REPRESENTATION_CONTEXT() REPRESENTATION_CONTEXT('2D SPACE',''
  ) );
#1365 = ORIENTED_EDGE('',*,*,#1366,.T.);
#1366 = EDGE_CURVE('',#1348,#1367,#1369,.T.);
#1367 = VERTEX_POINT('',#1368);
#1368 = CARTESIAN_POINT('',(-5.1169491E-02,88.569825,-2.2245628));
#1369 = SURFACE_CURVE('',#1370,(#1380),.PCURVE_S1.);
#1370 = B_SPLINE_CURVE_WITH_KNOTS('',8,(#1371,#1372,#1373,#1374,#1375,
    #1376,#1377,#1378,#1379),.UNSPECIFIED.,.F.,.F.,(9,9),(0.,1.),
  .PIECEWISE_BEZIER_KNOTS.);
#1371 = CARTESIAN_POINT('',(0.,100.51025,-3.9621256));
#1372 = CARTESIAN_POINT('',(-5.3290705E-16,98.754106,-4.0299888));
#1373 = CARTESIAN_POINT('',(-1.0152036E-15,97.041481,-4.016366));
#1374 = CARTESIAN_POINT('',(-1.4878745E-03,95.396069,-3.9191141));
#1375 = CARTESIAN_POINT('',(-5.415863E-03,93.834454,-3.7379209));
#1376 = CARTESIAN_POINT('',(-1.2301002E-02,92.367274,-3.474203));
#1377 = CARTESIAN_POINT('',(-2.2315513E-02,91.000227,-3.1309534));
#1378 = CARTESIAN_POINT('',(-3.5367148E-02,89.734956,-2.712553));
#1379 = CARTESIAN_POINT('',(-5.1169491E-02,88.569825,-2.2245628));
#1380 = PCURVE('',#700,#1381);
#1381 = DEFINITIONAL_REPRESENTATION('',(#1382),#1385);
#1382 = B_SPLINE_CURVE_WITH_KNOTS('',1,(#1383,#1384),.UNSPECIFIED.,.F.,
  .F.,(2,2),(0.,1.),.PIECEWISE_BEZIER_KNOTS.);
#1383 = CARTESIAN_POINT('',(1.,1.));
#1384 = CARTESIAN_POINT('',(0.,1.));
#1385 = ( GEOMETRIC_REPRESENTATION_CONTEXT(2) 
PARAMETRIC_REPRESENTATION_CONTEXT() REPRESENTATION_CONTEXT('2D SPACE',''
  ) );
#1386 = ORIENTED_EDGE('',*,*,#1387,.T.);
#1387 = EDGE_CURVE('',#1367,#678,#1388,.T.);
#1388 = SURFACE_CURVE('',#1389,(#1397,#1403),.PCURVE_S1.);
#1389 = B_SPLINE_CURVE_WITH_KNOTS('',6,(#1390,#1391,#1392,#1393,#1394,
    #1395,#1396),.UNSPECIFIED.,.F.,.F.,(7,7),(0.,1.),
  .PIECEWISE_BEZIER_KNOTS.);
#1390 = CARTESIAN_POINT('',(-5.1169491E-02,88.569825,-2.2245628));
#1391 = CARTESIAN_POINT('',(4.0164785,88.569825,-2.2202061));
#1392 = CARTESIAN_POINT('',(8.0845716,88.569825,-2.6314378));
#1393 = CARTESIAN_POINT('',(12.100039,88.569825,-3.4583159));
#1394 = CARTESIAN_POINT('',(16.009775,88.569825,-4.6918542));
#1395 = CARTESIAN_POINT('',(19.763041,88.569825,-6.3140412));
#1396 = CARTESIAN_POINT('',(23.313508,88.569825,-8.2989764));
#1397 = PCURVE('',#700,#1398);
#1398 = DEFINITIONAL_REPRESENTATION('',(#1399),#1402);
#1399 = B_SPLINE_CURVE_WITH_KNOTS('',1,(#1400,#1401),.UNSPECIFIED.,.F.,
  .F.,(2,2),(0.,1.),.PIECEWISE_BEZIER_KNOTS.);
#1400 = CARTESIAN_POINT('',(0.,1.));
#1401 = CARTESIAN_POINT('',(0.,0.16373383));
#1402 = ( GEOMETRIC_REPRESENTATION_CONTEXT(2) 
PARAMETRIC_REPRESENTATION_CONTEXT() REPRESENTATION_CONTEXT('2D SPACE',''
  ) );
#1403 = PCURVE('',#796,#1404);
#1404 = DEFINITIONAL_REPRESENTATION('',(#1405),#1408);
#1405 = B_SPLINE_CURVE_WITH_KNOTS('',1,(#1406,#1407),.UNSPECIFIED.,.F.,
  .F.,(2,2),(0.,1.),.PIECEWISE_BEZIER_KNOTS.);
#1406 = CARTESIAN_POINT('',(0.,0.));
#1407 = CARTESIAN_POINT('',(0.,0.83626617));
#1408 = ( GEOMETRIC_REPRESENTATION_CONTEXT(2) 
PARAMETRIC_REPRESENTATION_CONTEXT() REPRESENTATION_CONTEXT('2D SPACE',''
  ) );
#1409 = ADVANCED_FACE('',(#1410),#796,.T.);
#1410 = FACE_BOUND('',#1411,.T.);
#1411 = EDGE_LOOP('',(#1412,#1413,#1414,#1433));
#1412 = ORIENTED_EDGE('',*,*,#775,.F.);
#1413 = ORIENTED_EDGE('',*,*,#1387,.F.);
#1414 = ORIENTED_EDGE('',*,*,#1415,.F.);
#1415 = EDGE_CURVE('',#904,#1367,#1416,.T.);
#1416 = SURFACE_CURVE('',#1417,(#1427),.PCURVE_S1.);
#1417 = B_SPLINE_CURVE_WITH_KNOTS('',8,(#1418,#1419,#1420,#1421,#1422,
    #1423,#1424,#1425,#1426),.UNSPECIFIED.,.F.,.F.,(9,9),(0.,1.),
  .PIECEWISE_BEZIER_KNOTS.);
#1418 = CARTESIAN_POINT('',(-9.7589184E-02,85.92596,-0.82455826));
#1419 = CARTESIAN_POINT('',(-9.1011814E-02,86.223672,-1.0206909));
#1420 = CARTESIAN_POINT('',(-8.4626898E-02,86.53044,-1.2112019));
#1421 = CARTESIAN_POINT('',(-7.8450433E-02,86.846448,-1.3958719));
#1422 = CARTESIAN_POINT('',(-7.2497347E-02,87.171856,-1.5744897));
#1423 = CARTESIAN_POINT('',(-6.6781318E-02,87.506803,-1.746854));
#1424 = CARTESIAN_POINT('',(-6.1314579E-02,87.851397,-1.912773));
#1425 = CARTESIAN_POINT('',(-5.6107723E-02,88.205721,-2.0720658));
#1426 = CARTESIAN_POINT('',(-5.1169491E-02,88.569825,-2.2245628));
#1427 = PCURVE('',#796,#1428);
#1428 = DEFINITIONAL_REPRESENTATION('',(#1429),#1432);
#1429 = B_SPLINE_CURVE_WITH_KNOTS('',1,(#1430,#1431),.UNSPECIFIED.,.F.,
  .F.,(2,2),(0.,1.),.PIECEWISE_BEZIER_KNOTS.);
#1430 = CARTESIAN_POINT('',(1.,0.));
#1431 = CARTESIAN_POINT('',(0.,0.));
#1432 = ( GEOMETRIC_REPRESENTATION_CONTEXT(2) 
PARAMETRIC_REPRESENTATION_CONTEXT() REPRESENTATION_CONTEXT('2D SPACE',''
  ) );
#1433 = ORIENTED_EDGE('',*,*,#903,.T.);
#1434 = ADVANCED_FACE('',(#1435),#1145,.T.);
#1435 = FACE_BOUND('',#1436,.T.);
#1436 = EDGE_LOOP('',(#1437,#1467,#1468,#1469,#1490));
#1437 = ORIENTED_EDGE('',*,*,#1438,.F.);
#1438 = EDGE_CURVE('',#1220,#1439,#1441,.T.);
#1439 = VERTEX_POINT('',#1440);
#1440 = CARTESIAN_POINT('',(32.069291,60.0443,5.9349311));
#1441 = SURFACE_CURVE('',#1442,(#1448,#1458),.PCURVE_S1.);
#1442 = B_SPLINE_CURVE_WITH_KNOTS('',4,(#1443,#1444,#1445,#1446,#1447),
  .UNSPECIFIED.,.F.,.F.,(5,5),(0.,1.),.PIECEWISE_BEZIER_KNOTS.);
#1443 = CARTESIAN_POINT('',(32.283267,61.328821,6.3288025));
#1444 = CARTESIAN_POINT('',(32.232696,61.005333,6.2365906));
#1445 = CARTESIAN_POINT('',(32.180121,60.683396,6.1400933));
#1446 = CARTESIAN_POINT('',(32.125633,60.363038,6.0394912));
#1447 = CARTESIAN_POINT('',(32.069291,60.0443,5.9349311));
#1448 = PCURVE('',#1145,#1449);
#1449 = DEFINITIONAL_REPRESENTATION('',(#1450),#1457);
#1450 = B_SPLINE_CURVE_WITH_KNOTS('',5,(#1451,#1452,#1453,#1454,#1455,
    #1456),.UNSPECIFIED.,.F.,.F.,(6,6),(0.,1.),
  .PIECEWISE_BEZIER_KNOTS.);
#1451 = CARTESIAN_POINT('',(0.78412733,0.85404451));
#1452 = CARTESIAN_POINT('',(0.8280022,0.8539887));
#1453 = CARTESIAN_POINT('',(0.87155688,0.85394126));
#1454 = CARTESIAN_POINT('',(0.91463861,0.85390474));
#1455 = CARTESIAN_POINT('',(0.95751093,0.85387431));
#1456 = CARTESIAN_POINT('',(1.,0.85385463));
#1457 = ( GEOMETRIC_REPRESENTATION_CONTEXT(2) 
PARAMETRIC_REPRESENTATION_CONTEXT() REPRESENTATION_CONTEXT('2D SPACE',''
  ) );
#1458 = PCURVE('',#1268,#1459);
#1459 = DEFINITIONAL_REPRESENTATION('',(#1460),#1466);
#1460 = B_SPLINE_CURVE_WITH_KNOTS('',4,(#1461,#1462,#1463,#1464,#1465),
  .UNSPECIFIED.,.F.,.F.,(5,5),(0.,1.),.PIECEWISE_BEZIER_KNOTS.);
#1461 = CARTESIAN_POINT('',(1.7347235E-18,0.25785213));
#1462 = CARTESIAN_POINT('',(2.0273294E-02,0.26171743));
#1463 = CARTESIAN_POINT('',(4.0426005E-02,0.26564765));
#1464 = CARTESIAN_POINT('',(6.04563E-02,0.26963873));
#1465 = CARTESIAN_POINT('',(8.0361411E-02,0.27368755));
#1466 = ( GEOMETRIC_REPRESENTATION_CONTEXT(2) 
PARAMETRIC_REPRESENTATION_CONTEXT() REPRESENTATION_CONTEXT('2D SPACE',''
  ) );
#1467 = ORIENTED_EDGE('',*,*,#1219,.F.);
#1468 = ORIENTED_EDGE('',*,*,#1128,.F.);
#1469 = ORIENTED_EDGE('',*,*,#1470,.F.);
#1470 = EDGE_CURVE('',#1471,#1108,#1473,.T.);
#1471 = VERTEX_POINT('',#1472);
#1472 = CARTESIAN_POINT('',(-6.5154147E-02,60.044311,14.475956));
#1473 = SURFACE_CURVE('',#1474,(#1484),.PCURVE_S1.);
#1474 = B_SPLINE_CURVE_WITH_KNOTS('',8,(#1475,#1476,#1477,#1478,#1479,
    #1480,#1481,#1482,#1483),.UNSPECIFIED.,.F.,.F.,(9,9),(0.,1.),
  .PIECEWISE_BEZIER_KNOTS.);
#1475 = CARTESIAN_POINT('',(-6.5154147E-02,60.044311,14.475956));
#1476 = CARTESIAN_POINT('',(-7.5130314E-02,60.794155,14.755279));
#1477 = CARTESIAN_POINT('',(-8.5910681E-02,61.536918,15.00846));
#1478 = CARTESIAN_POINT('',(-9.742761E-02,62.27038,15.235227));
#1479 = CARTESIAN_POINT('',(-0.10959689,62.992539,15.435334));
#1480 = CARTESIAN_POINT('',(-0.12232153,63.701607,15.608575));
#1481 = CARTESIAN_POINT('',(-0.1354952,64.396019,15.754802));
#1482 = CARTESIAN_POINT('',(-0.1490054,65.074427,15.87393));
#1483 = CARTESIAN_POINT('',(-0.16273627,65.735705,15.965951));
#1484 = PCURVE('',#1145,#1485);
#1485 = DEFINITIONAL_REPRESENTATION('',(#1486),#1489);
#1486 = B_SPLINE_CURVE_WITH_KNOTS('',1,(#1487,#1488),.UNSPECIFIED.,.F.,
  .F.,(2,2),(0.,1.),.PIECEWISE_BEZIER_KNOTS.);
#1487 = CARTESIAN_POINT('',(1.,0.));
#1488 = CARTESIAN_POINT('',(0.,0.));
#1489 = ( GEOMETRIC_REPRESENTATION_CONTEXT(2) 
PARAMETRIC_REPRESENTATION_CONTEXT() REPRESENTATION_CONTEXT('2D SPACE',''
  ) );
#1490 = ORIENTED_EDGE('',*,*,#1491,.T.);
#1491 = EDGE_CURVE('',#1471,#1439,#1492,.T.);
#1492 = SURFACE_CURVE('',#1493,(#1501,#1507),.PCURVE_S1.);
#1493 = B_SPLINE_CURVE_WITH_KNOTS('',6,(#1494,#1495,#1496,#1497,#1498,
    #1499,#1500),.UNSPECIFIED.,.F.,.F.,(7,7),(0.,1.),
  .PIECEWISE_BEZIER_KNOTS.);
#1494 = CARTESIAN_POINT('',(-6.5154147E-02,60.044311,14.475956));
#1495 = CARTESIAN_POINT('',(6.4991992,60.044311,14.482589));
#1496 = CARTESIAN_POINT('',(13.064363,60.044311,13.687235));
#1497 = CARTESIAN_POINT('',(19.50787,60.044311,12.089768));
#1498 = CARTESIAN_POINT('',(25.707164,60.044311,9.7150169));
#1499 = CARTESIAN_POINT('',(31.54751,60.044311,6.6127064));
#1500 = CARTESIAN_POINT('',(36.928518,60.044311,2.8529818));
#1501 = PCURVE('',#1145,#1502);
#1502 = DEFINITIONAL_REPRESENTATION('',(#1503),#1506);
#1503 = B_SPLINE_CURVE_WITH_KNOTS('',1,(#1504,#1505),.UNSPECIFIED.,.F.,
  .F.,(2,2),(0.,1.),.PIECEWISE_BEZIER_KNOTS.);
#1504 = CARTESIAN_POINT('',(1.,0.));
#1505 = CARTESIAN_POINT('',(1.,0.85385463));
#1506 = ( GEOMETRIC_REPRESENTATION_CONTEXT(2) 
PARAMETRIC_REPRESENTATION_CONTEXT() REPRESENTATION_CONTEXT('2D SPACE',''
  ) );
#1507 = PCURVE('',#1508,#1572);
#1508 = B_SPLINE_SURFACE_WITH_KNOTS('',8,6,(
    (#1509,#1510,#1511,#1512,#1513,#1514,#1515)
    ,(#1516,#1517,#1518,#1519,#1520,#1521,#1522)
    ,(#1523,#1524,#1525,#1526,#1527,#1528,#1529)
    ,(#1530,#1531,#1532,#1533,#1534,#1535,#1536)
    ,(#1537,#1538,#1539,#1540,#1541,#1542,#1543)
    ,(#1544,#1545,#1546,#1547,#1548,#1549,#1550)
    ,(#1551,#1552,#1553,#1554,#1555,#1556,#1557)
    ,(#1558,#1559,#1560,#1561,#1562,#1563,#1564)
    ,(#1565,#1566,#1567,#1568,#1569,#1570,#1571
  )),.UNSPECIFIED.,.F.,.F.,.F.,(9,9),(7,7),(0.,1.),(0.,1.),
  .PIECEWISE_BEZIER_KNOTS.);
#1509 = CARTESIAN_POINT('',(-6.5154147E-02,60.044311,14.475956));
#1510 = CARTESIAN_POINT('',(6.4991992,60.044311,14.482589));
#1511 = CARTESIAN_POINT('',(13.064363,60.044311,13.687235));
#1512 = CARTESIAN_POINT('',(19.50787,60.044311,12.089768));
#1513 = CARTESIAN_POINT('',(25.707164,60.044311,9.7150169));
#1514 = CARTESIAN_POINT('',(31.54751,60.044311,6.6127064));
#1515 = CARTESIAN_POINT('',(36.928518,60.044311,2.8529818));
#1516 = CARTESIAN_POINT('',(-5.7394905E-02,59.4611,14.258705));
#1517 = CARTESIAN_POINT('',(6.4848399,59.4611,14.264548));
#1518 = CARTESIAN_POINT('',(13.027789,59.4611,13.471107));
#1519 = CARTESIAN_POINT('',(19.449397,59.4611,11.878268));
#1520 = CARTESIAN_POINT('',(25.627524,59.4611,9.5107945));
#1521 = CARTESIAN_POINT('',(31.447827,59.4611,6.4182546));
#1522 = CARTESIAN_POINT('',(36.810264,59.4611,2.6705696));
#1523 = CARTESIAN_POINT('',(-5.0122155E-02,58.873604,14.025639));
#1524 = CARTESIAN_POINT('',(6.4683841,58.873604,14.030742));
#1525 = CARTESIAN_POINT('',(12.987514,58.873604,13.239459));
#1526 = CARTESIAN_POINT('',(19.385655,58.873604,11.651693));
#1527 = CARTESIAN_POINT('',(25.541114,58.873604,9.2921265));
#1528 = CARTESIAN_POINT('',(31.339966,58.873604,6.2101636));
#1529 = CARTESIAN_POINT('',(36.68254,58.873604,2.4754822));
#1530 = CARTESIAN_POINT('',(-4.3367719E-02,58.28287,13.776888));
#1531 = CARTESIAN_POINT('',(6.4498129,58.28287,13.781303));
#1532 = CARTESIAN_POINT('',(12.943533,58.28287,12.992427));
#1533 = CARTESIAN_POINT('',(19.316653,58.28287,11.410173));
#1534 = CARTESIAN_POINT('',(25.447954,58.28287,9.0591441));
#1535 = CARTESIAN_POINT('',(31.223961,58.28287,5.9885614));
#1536 = CARTESIAN_POINT('',(36.545395,58.28287,2.2678428));
#1537 = CARTESIAN_POINT('',(-3.7157357E-02,57.690018,13.512588));
#1538 = CARTESIAN_POINT('',(6.4291147,57.690018,13.516371));
#1539 = CARTESIAN_POINT('',(12.895849,57.690018,12.73015));
#1540 = CARTESIAN_POINT('',(19.242408,57.690018,11.153851));
#1541 = CARTESIAN_POINT('',(25.348078,57.690018,8.811985));
#1542 = CARTESIAN_POINT('',(31.099857,57.690018,5.7535812));
#1543 = CARTESIAN_POINT('',(36.398886,57.690018,2.0477788));
#1544 = CARTESIAN_POINT('',(-3.1509688E-02,57.096249,13.232881));
#1545 = CARTESIAN_POINT('',(6.4062852,57.096249,13.236089));
#1546 = CARTESIAN_POINT('',(12.844472,57.096249,12.452772));
#1547 = CARTESIAN_POINT('',(19.162945,57.096249,10.882868));
#1548 = CARTESIAN_POINT('',(25.241523,57.096249,8.550788));
#1549 = CARTESIAN_POINT('',(30.967707,57.096249,5.5053568));
#1550 = CARTESIAN_POINT('',(36.24308,57.096249,1.8154173));
#1551 = CARTESIAN_POINT('',(-2.6435042E-02,56.502841,12.93791));
#1552 = CARTESIAN_POINT('',(6.3813285,56.502841,12.940602));
#1553 = CARTESIAN_POINT('',(12.789421,56.502841,12.160437));
#1554 = CARTESIAN_POINT('',(19.078297,56.502841,10.597363));
#1555 = CARTESIAN_POINT('',(25.128337,56.502841,8.2756887));
#1556 = CARTESIAN_POINT('',(30.827572,56.502841,5.2440179));
#1557 = CARTESIAN_POINT('',(36.078048,56.502841,1.5708803));
#1558 = CARTESIAN_POINT('',(-2.1934245E-02,55.911144,12.62781));
#1559 = CARTESIAN_POINT('',(6.3542578,55.911144,12.630043));
#1560 = CARTESIAN_POINT('',(12.730723,55.911144,11.853277));
#1561 = CARTESIAN_POINT('',(18.988504,55.911144,10.297468));
#1562 = CARTESIAN_POINT('',(25.008573,55.911144,7.986813));
#1563 = CARTESIAN_POINT('',(30.679517,55.911144,4.9696837));
#1564 = CARTESIAN_POINT('',(35.903869,55.911144,1.3142795));
#1565 = CARTESIAN_POINT('',(-1.7997329E-02,55.322583,12.302704));
#1566 = CARTESIAN_POINT('',(6.3250953,55.322583,12.304536));
#1567 = CARTESIAN_POINT('',(12.668412,55.322583,11.531413));
#1568 = CARTESIAN_POINT('',(18.893613,55.322583,9.9832987));
#1569 = CARTESIAN_POINT('',(24.882291,55.322583,7.6842707));
#1570 = CARTESIAN_POINT('',(30.523612,55.322583,4.6824575));
#1571 = CARTESIAN_POINT('',(35.72062,55.322583,1.04571));
#1572 = DEFINITIONAL_REPRESENTATION('',(#1573),#1576);
#1573 = B_SPLINE_CURVE_WITH_KNOTS('',1,(#1574,#1575),.UNSPECIFIED.,.F.,
  .F.,(2,2),(0.,1.),.PIECEWISE_BEZIER_KNOTS.);
#1574 = CARTESIAN_POINT('',(0.,0.));
#1575 = CARTESIAN_POINT('',(0.,0.85385463));
#1576 = ( GEOMETRIC_REPRESENTATION_CONTEXT(2) 
PARAMETRIC_REPRESENTATION_CONTEXT() REPRESENTATION_CONTEXT('2D SPACE',''
  ) );
#1577 = ADVANCED_FACE('',(#1578),#1508,.T.);
#1578 = FACE_BOUND('',#1579,.T.);
#1579 = EDGE_LOOP('',(#1580,#1601,#1690,#1717));
#1580 = ORIENTED_EDGE('',*,*,#1581,.F.);
#1581 = EDGE_CURVE('',#1582,#1471,#1584,.T.);
#1582 = VERTEX_POINT('',#1583);
#1583 = CARTESIAN_POINT('',(-1.7997329E-02,55.322583,12.302704));
#1584 = SURFACE_CURVE('',#1585,(#1595),.PCURVE_S1.);
#1585 = B_SPLINE_CURVE_WITH_KNOTS('',8,(#1586,#1587,#1588,#1589,#1590,
    #1591,#1592,#1593,#1594),.UNSPECIFIED.,.F.,.F.,(9,9),(0.,1.),
  .PIECEWISE_BEZIER_KNOTS.);
#1586 = CARTESIAN_POINT('',(-1.7997329E-02,55.322583,12.302704));
#1587 = CARTESIAN_POINT('',(-2.1934245E-02,55.911144,12.62781));
#1588 = CARTESIAN_POINT('',(-2.6435042E-02,56.502841,12.93791));
#1589 = CARTESIAN_POINT('',(-3.1509688E-02,57.096249,13.232881));
#1590 = CARTESIAN_POINT('',(-3.7157357E-02,57.690018,13.512588));
#1591 = CARTESIAN_POINT('',(-4.3367719E-02,58.28287,13.776888));
#1592 = CARTESIAN_POINT('',(-5.0122155E-02,58.873604,14.025639));
#1593 = CARTESIAN_POINT('',(-5.7394905E-02,59.4611,14.258705));
#1594 = CARTESIAN_POINT('',(-6.5154147E-02,60.044311,14.475956));
#1595 = PCURVE('',#1508,#1596);
#1596 = DEFINITIONAL_REPRESENTATION('',(#1597),#1600);
#1597 = B_SPLINE_CURVE_WITH_KNOTS('',1,(#1598,#1599),.UNSPECIFIED.,.F.,
  .F.,(2,2),(0.,1.),.PIECEWISE_BEZIER_KNOTS.);
#1598 = CARTESIAN_POINT('',(1.,0.));
#1599 = CARTESIAN_POINT('',(0.,0.));
#1600 = ( GEOMETRIC_REPRESENTATION_CONTEXT(2) 
PARAMETRIC_REPRESENTATION_CONTEXT() REPRESENTATION_CONTEXT('2D SPACE',''
  ) );
#1601 = ORIENTED_EDGE('',*,*,#1602,.F.);
#1602 = EDGE_CURVE('',#1603,#1582,#1605,.T.);
#1603 = VERTEX_POINT('',#1604);
#1604 = CARTESIAN_POINT('',(31.050318,55.322583,4.0139333));
#1605 = SURFACE_CURVE('',#1606,(#1614,#1620),.PCURVE_S1.);
#1606 = B_SPLINE_CURVE_WITH_KNOTS('',6,(#1607,#1608,#1609,#1610,#1611,
    #1612,#1613),.UNSPECIFIED.,.F.,.F.,(7,7),(0.,1.),
  .PIECEWISE_BEZIER_KNOTS.);
#1607 = CARTESIAN_POINT('',(31.050318,55.322583,4.0139333));
#1608 = CARTESIAN_POINT('',(26.35096,55.322583,6.7153944));
#1609 = CARTESIAN_POINT('',(21.369561,55.322583,8.9262275));
#1610 = CARTESIAN_POINT('',(16.170151,55.322583,10.609624));
#1611 = CARTESIAN_POINT('',(10.823171,55.322583,11.739918));
#1612 = CARTESIAN_POINT('',(5.402505,55.322583,12.30427));
#1613 = CARTESIAN_POINT('',(-1.7997329E-02,55.322583,12.302704));
#1614 = PCURVE('',#1508,#1615);
#1615 = DEFINITIONAL_REPRESENTATION('',(#1616),#1619);
#1616 = B_SPLINE_CURVE_WITH_KNOTS('',1,(#1617,#1618),.UNSPECIFIED.,.F.,
  .F.,(2,2),(0.,1.),.PIECEWISE_BEZIER_KNOTS.);
#1617 = CARTESIAN_POINT('',(1.,0.85455197));
#1618 = CARTESIAN_POINT('',(1.,0.));
#1619 = ( GEOMETRIC_REPRESENTATION_CONTEXT(2) 
PARAMETRIC_REPRESENTATION_CONTEXT() REPRESENTATION_CONTEXT('2D SPACE',''
  ) );
#1620 = PCURVE('',#1621,#1685);
#1621 = B_SPLINE_SURFACE_WITH_KNOTS('',8,6,(
    (#1622,#1623,#1624,#1625,#1626,#1627,#1628)
    ,(#1629,#1630,#1631,#1632,#1633,#1634,#1635)
    ,(#1636,#1637,#1638,#1639,#1640,#1641,#1642)
    ,(#1643,#1644,#1645,#1646,#1647,#1648,#1649)
    ,(#1650,#1651,#1652,#1653,#1654,#1655,#1656)
    ,(#1657,#1658,#1659,#1660,#1661,#1662,#1663)
    ,(#1664,#1665,#1666,#1667,#1668,#1669,#1670)
    ,(#1671,#1672,#1673,#1674,#1675,#1676,#1677)
    ,(#1678,#1679,#1680,#1681,#1682,#1683,#1684
  )),.UNSPECIFIED.,.F.,.F.,.F.,(9,9),(7,7),(0.,1.),(0.,1.),
  .PIECEWISE_BEZIER_KNOTS.);
#1622 = CARTESIAN_POINT('',(32.91203,48.659876,-2.9967504));
#1623 = CARTESIAN_POINT('',(28.126588,48.659876,0.35405207));
#1624 = CARTESIAN_POINT('',(22.931768,48.659876,3.1202025));
#1625 = CARTESIAN_POINT('',(17.416848,48.659876,5.239185));
#1626 = CARTESIAN_POINT('',(11.683892,48.659876,6.6666444));
#1627 = CARTESIAN_POINT('',(5.8419458,48.659876,7.3803727));
#1628 = CARTESIAN_POINT('',(3.3661962E-13,48.659876,7.3803727));
#1629 = CARTESIAN_POINT('',(33.33334,49.387047,-2.3950562));
#1630 = CARTESIAN_POINT('',(28.48664,49.387047,0.99864025));
#1631 = CARTESIAN_POINT('',(23.22532,49.387047,3.8002005));
#1632 = CARTESIAN_POINT('',(17.639803,49.387047,5.9463084));
#1633 = CARTESIAN_POINT('',(11.833459,49.387047,7.3920408));
#1634 = CARTESIAN_POINT('',(5.9167293,49.387047,8.1149056));
#1635 = CARTESIAN_POINT('',(3.126388E-13,49.387047,8.1149056));
#1636 = CARTESIAN_POINT('',(33.734911,50.157145,-1.8215539));
#1637 = CARTESIAN_POINT('',(28.829821,50.157145,1.6130268));
#1638 = CARTESIAN_POINT('',(23.505119,50.157145,4.4483378));
#1639 = CARTESIAN_POINT('',(17.852312,50.157145,6.6203001));
#1640 = CARTESIAN_POINT('',(11.976018,50.157145,8.0834494));
#1641 = CARTESIAN_POINT('',(5.9880088,50.157145,8.8150227));
#1642 = CARTESIAN_POINT('',(3.0020431E-13,50.157145,8.8150227));
#1643 = CARTESIAN_POINT('',(34.116672,50.963413,-1.275574));
#1644 = CARTESIAN_POINT('',(29.155996,50.963413,2.1978741));
#1645 = CARTESIAN_POINT('',(23.770958,50.963413,5.0652614));
#1646 = CARTESIAN_POINT('',(18.054104,50.963413,7.2617835));
#1647 = CARTESIAN_POINT('',(12.111237,50.963413,8.7414622));
#1648 = CARTESIAN_POINT('',(6.0553953,50.963413,9.4812773));
#1649 = CARTESIAN_POINT('',(-4.4085169E-04,50.963413,9.4812324));
#1650 = CARTESIAN_POINT('',(34.478454,51.799379,-0.75677527));
#1651 = CARTESIAN_POINT('',(29.464958,51.799379,2.7535062));
#1652 = CARTESIAN_POINT('',(24.0226,51.799379,5.6512736));
#1653 = CARTESIAN_POINT('',(18.244913,51.799379,7.8710356));
#1654 = CARTESIAN_POINT('',(12.238823,51.799379,9.3663271));
#1655 = CARTESIAN_POINT('',(6.1185724,51.799379,10.113886));
#1656 = CARTESIAN_POINT('',(-1.6576024E-03,51.799379,10.113717));
#1657 = CARTESIAN_POINT('',(34.820018,52.658892,-0.26507357));
#1658 = CARTESIAN_POINT('',(29.756462,52.658892,3.2799829));
#1659 = CARTESIAN_POINT('',(24.259795,52.658892,6.2064092));
#1660 = CARTESIAN_POINT('',(18.424484,52.658892,8.4480653));
#1661 = CARTESIAN_POINT('',(12.358522,52.658892,9.9580273));
#1662 = CARTESIAN_POINT('',(6.1772906,52.658892,10.712805));
#1663 = CARTESIAN_POINT('',(-3.8927204E-03,52.658892,10.712409));
#1664 = CARTESIAN_POINT('',(35.141091,53.53615,0.19942119));
#1665 = CARTESIAN_POINT('',(30.030244,53.53615,3.7771664));
#1666 = CARTESIAN_POINT('',(24.482293,53.53615,6.7305038));
#1667 = CARTESIAN_POINT('',(18.592586,53.53615,8.9926835));
#1668 = CARTESIAN_POINT('',(12.470124,53.53615,10.516351));
#1669 = CARTESIAN_POINT('',(6.2313626,53.53615,11.277804));
#1670 = CARTESIAN_POINT('',(-7.3084394E-03,53.53615,11.27706));
#1671 = CARTESIAN_POINT('',(35.441385,54.425727,0.63646124));
#1672 = CARTESIAN_POINT('',(30.286042,54.425727,4.2447796));
#1673 = CARTESIAN_POINT('',(24.689861,54.425727,7.223254));
#1674 = CARTESIAN_POINT('',(18.749018,54.425727,9.5045641));
#1675 = CARTESIAN_POINT('',(12.573462,54.425727,11.040954));
#1676 = CARTESIAN_POINT('',(6.2806574,54.425727,11.808525));
#1677 = CARTESIAN_POINT('',(-1.199822E-02,54.425727,11.807304));
#1678 = CARTESIAN_POINT('',(35.72062,55.322583,1.04571));
#1679 = CARTESIAN_POINT('',(30.523612,55.322583,4.6824575));
#1680 = CARTESIAN_POINT('',(24.882291,55.322583,7.6842707));
#1681 = CARTESIAN_POINT('',(18.893613,55.322583,9.9832987));
#1682 = CARTESIAN_POINT('',(12.668412,55.322583,11.531413));
#1683 = CARTESIAN_POINT('',(6.3250953,55.322583,12.304536));
#1684 = CARTESIAN_POINT('',(-1.7997329E-02,55.322583,12.302704));
#1685 = DEFINITIONAL_REPRESENTATION('',(#1686),#1689);
#1686 = B_SPLINE_CURVE_WITH_KNOTS('',1,(#1687,#1688),.UNSPECIFIED.,.F.,
  .F.,(2,2),(0.,1.),.PIECEWISE_BEZIER_KNOTS.);
#1687 = CARTESIAN_POINT('',(1.,0.14544803));
#1688 = CARTESIAN_POINT('',(1.,1.));
#1689 = ( GEOMETRIC_REPRESENTATION_CONTEXT(2) 
PARAMETRIC_REPRESENTATION_CONTEXT() REPRESENTATION_CONTEXT('2D SPACE',''
  ) );
#1690 = ORIENTED_EDGE('',*,*,#1691,.F.);
#1691 = EDGE_CURVE('',#1439,#1603,#1692,.T.);
#1692 = SURFACE_CURVE('',#1693,(#1699,#1708),.PCURVE_S1.);
#1693 = B_SPLINE_CURVE_WITH_KNOTS('',4,(#1694,#1695,#1696,#1697,#1698),
  .UNSPECIFIED.,.F.,.F.,(5,5),(0.,1.),.PIECEWISE_BEZIER_KNOTS.);
#1694 = CARTESIAN_POINT('',(32.069291,60.0443,5.9349311));
#1695 = CARTESIAN_POINT('',(31.853838,58.825434,5.5350888));
#1696 = CARTESIAN_POINT('',(31.611272,57.630256,5.0773677));
#1697 = CARTESIAN_POINT('',(31.344834,56.461029,4.5699808));
#1698 = CARTESIAN_POINT('',(31.050318,55.322583,4.0139333));
#1699 = PCURVE('',#1508,#1700);
#1700 = DEFINITIONAL_REPRESENTATION('',(#1701),#1707);
#1701 = B_SPLINE_CURVE_WITH_KNOTS('',4,(#1702,#1703,#1704,#1705,#1706),
  .UNSPECIFIED.,.F.,.F.,(5,5),(0.,1.),.PIECEWISE_BEZIER_KNOTS.);
#1702 = CARTESIAN_POINT('',(1.110223E-16,0.85385463));
#1703 = CARTESIAN_POINT('',(0.26124549,0.85375787));
#1704 = CARTESIAN_POINT('',(0.5127446,0.85387568));
#1705 = CARTESIAN_POINT('',(0.75821255,0.85417479));
#1706 = CARTESIAN_POINT('',(1.,0.85455197));
#1707 = ( GEOMETRIC_REPRESENTATION_CONTEXT(2) 
PARAMETRIC_REPRESENTATION_CONTEXT() REPRESENTATION_CONTEXT('2D SPACE',''
  ) );
#1708 = PCURVE('',#1268,#1709);
#1709 = DEFINITIONAL_REPRESENTATION('',(#1710),#1716);
#1710 = B_SPLINE_CURVE_WITH_KNOTS('',4,(#1711,#1712,#1713,#1714,#1715),
  .UNSPECIFIED.,.F.,.F.,(5,5),(0.,1.),.PIECEWISE_BEZIER_KNOTS.);
#1711 = CARTESIAN_POINT('',(8.0361411E-02,0.27368755));
#1712 = CARTESIAN_POINT('',(0.15647938,0.2891704));
#1713 = CARTESIAN_POINT('',(0.23076673,0.30549754));
#1714 = CARTESIAN_POINT('',(0.30306863,0.32249423));
#1715 = CARTESIAN_POINT('',(0.37302996,0.34018701));
#1716 = ( GEOMETRIC_REPRESENTATION_CONTEXT(2) 
PARAMETRIC_REPRESENTATION_CONTEXT() REPRESENTATION_CONTEXT('2D SPACE',''
  ) );
#1717 = ORIENTED_EDGE('',*,*,#1491,.F.);
#1718 = ADVANCED_FACE('',(#1719),#1268,.T.);
#1719 = FACE_BOUND('',#1720,.T.);
#1720 = EDGE_LOOP('',(#1721,#1722,#1723,#1753,#1778,#1793));
#1721 = ORIENTED_EDGE('',*,*,#1438,.T.);
#1722 = ORIENTED_EDGE('',*,*,#1691,.T.);
#1723 = ORIENTED_EDGE('',*,*,#1724,.F.);
#1724 = EDGE_CURVE('',#1725,#1603,#1727,.T.);
#1725 = VERTEX_POINT('',#1726);
#1726 = CARTESIAN_POINT('',(28.681271,48.659876,-0.30199333));
#1727 = SURFACE_CURVE('',#1728,(#1735,#1744),.PCURVE_S1.);
#1728 = B_SPLINE_CURVE_WITH_KNOTS('',5,(#1729,#1730,#1731,#1732,#1733,
    #1734),.UNSPECIFIED.,.F.,.F.,(6,6),(0.,1.),
  .PIECEWISE_BEZIER_KNOTS.);
#1729 = CARTESIAN_POINT('',(28.681271,48.659876,-0.30199333));
#1730 = CARTESIAN_POINT('',(29.2645,49.829435,0.72543978));
#1731 = CARTESIAN_POINT('',(29.78793,51.108954,1.6614448));
#1732 = CARTESIAN_POINT('',(30.254903,52.459937,2.5181507));
#1733 = CARTESIAN_POINT('',(30.673918,53.867607,3.3032899));
#1734 = CARTESIAN_POINT('',(31.050318,55.322583,4.0139333));
#1735 = PCURVE('',#1268,#1736);
#1736 = DEFINITIONAL_REPRESENTATION('',(#1737),#1743);
#1737 = B_SPLINE_CURVE_WITH_KNOTS('',4,(#1738,#1739,#1740,#1741,#1742),
  .UNSPECIFIED.,.F.,.F.,(5,5),(0.,1.),.PIECEWISE_BEZIER_KNOTS.);
#1738 = CARTESIAN_POINT('',(0.77487877,0.46424828));
#1739 = CARTESIAN_POINT('',(0.68896896,0.4303264));
#1740 = CARTESIAN_POINT('',(0.5904917,0.39845725));
#1741 = CARTESIAN_POINT('',(0.48479638,0.36845186));
#1742 = CARTESIAN_POINT('',(0.37302996,0.34018701));
#1743 = ( GEOMETRIC_REPRESENTATION_CONTEXT(2) 
PARAMETRIC_REPRESENTATION_CONTEXT() REPRESENTATION_CONTEXT('2D SPACE',''
  ) );
#1744 = PCURVE('',#1621,#1745);
#1745 = DEFINITIONAL_REPRESENTATION('',(#1746),#1752);
#1746 = B_SPLINE_CURVE_WITH_KNOTS('',4,(#1747,#1748,#1749,#1750,#1751),
  .UNSPECIFIED.,.F.,.F.,(5,5),(0.,1.),.PIECEWISE_BEZIER_KNOTS.);
#1747 = CARTESIAN_POINT('',(0.,0.14315082));
#1748 = CARTESIAN_POINT('',(0.25130752,0.14345085));
#1749 = CARTESIAN_POINT('',(0.49921555,0.14402779));
#1750 = CARTESIAN_POINT('',(0.74651388,0.14484542));
#1751 = CARTESIAN_POINT('',(1.,0.14544803));
#1752 = ( GEOMETRIC_REPRESENTATION_CONTEXT(2) 
PARAMETRIC_REPRESENTATION_CONTEXT() REPRESENTATION_CONTEXT('2D SPACE',''
  ) );
#1753 = ORIENTED_EDGE('',*,*,#1754,.T.);
#1754 = EDGE_CURVE('',#1725,#1755,#1757,.T.);
#1755 = VERTEX_POINT('',#1756);
#1756 = CARTESIAN_POINT('',(20.489666,57.495748,-14.188973));
#1757 = SURFACE_CURVE('',#1758,(#1772),.PCURVE_S1.);
#1758 = B_SPLINE_CURVE_WITH_KNOTS('',12,(#1759,#1760,#1761,#1762,#1763,
    #1764,#1765,#1766,#1767,#1768,#1769,#1770,#1771),.UNSPECIFIED.,.F.,
  .F.,(13,13),(0.,1.),.PIECEWISE_BEZIER_KNOTS.);
#1759 = CARTESIAN_POINT('',(28.681271,48.659876,-0.30199334));
#1760 = CARTESIAN_POINT('',(27.989103,49.380538,-1.4878143));
#1761 = CARTESIAN_POINT('',(27.297606,50.103769,-2.6669136));
#1762 = CARTESIAN_POINT('',(26.606574,50.829514,-3.8389959));
#1763 = CARTESIAN_POINT('',(25.916041,51.557783,-5.0041105));
#1764 = CARTESIAN_POINT('',(25.226341,52.288663,-6.1627375));
#1765 = CARTESIAN_POINT('',(24.538116,53.022323,-7.3157969));
#1766 = CARTESIAN_POINT('',(23.85225,53.758994,-8.4645606));
#1767 = CARTESIAN_POINT('',(23.169752,54.498941,-9.6104779));
#1768 = CARTESIAN_POINT('',(22.491602,55.242422,-10.754954));
#1769 = CARTESIAN_POINT('',(21.818597,55.989644,-11.899134));
#1770 = CARTESIAN_POINT('',(21.151235,56.74074,-13.043736));
#1771 = CARTESIAN_POINT('',(20.489666,57.495748,-14.188973));
#1772 = PCURVE('',#1268,#1773);
#1773 = DEFINITIONAL_REPRESENTATION('',(#1774),#1777);
#1774 = B_SPLINE_CURVE_WITH_KNOTS('',1,(#1775,#1776),.UNSPECIFIED.,.F.,
  .F.,(2,2),(0.,1.),.PIECEWISE_BEZIER_KNOTS.);
#1775 = CARTESIAN_POINT('',(0.77487878,0.46424828));
#1776 = CARTESIAN_POINT('',(0.18526565,0.71527631));
#1777 = ( GEOMETRIC_REPRESENTATION_CONTEXT(2) 
PARAMETRIC_REPRESENTATION_CONTEXT() REPRESENTATION_CONTEXT('2D SPACE',''
  ) );
#1778 = ORIENTED_EDGE('',*,*,#1779,.T.);
#1779 = EDGE_CURVE('',#1755,#1250,#1780,.T.);
#1780 = SURFACE_CURVE('',#1781,(#1786),.PCURVE_S1.);
#1781 = B_SPLINE_CURVE_WITH_KNOTS('',3,(#1782,#1783,#1784,#1785),
  .UNSPECIFIED.,.F.,.F.,(4,4),(0.,1.),.PIECEWISE_BEZIER_KNOTS.);
#1782 = CARTESIAN_POINT('',(20.489666,57.495748,-14.188973));
#1783 = CARTESIAN_POINT('',(20.299788,58.491415,-14.467078));
#1784 = CARTESIAN_POINT('',(20.108618,59.486928,-14.74441));
#1785 = CARTESIAN_POINT('',(19.917273,60.482595,-15.022518));
#1786 = PCURVE('',#1268,#1787);
#1787 = DEFINITIONAL_REPRESENTATION('',(#1788),#1792);
#1788 = B_SPLINE_CURVE_WITH_KNOTS('',2,(#1789,#1790,#1791),
  .UNSPECIFIED.,.F.,.F.,(3,3),(0.,1.),.PIECEWISE_BEZIER_KNOTS.);
#1789 = CARTESIAN_POINT('',(0.18526565,0.71527631));
#1790 = CARTESIAN_POINT('',(9.2604804E-02,0.71800682));
#1791 = CARTESIAN_POINT('',(1.851990782953E-13,0.72082039));
#1792 = ( GEOMETRIC_REPRESENTATION_CONTEXT(2) 
PARAMETRIC_REPRESENTATION_CONTEXT() REPRESENTATION_CONTEXT('2D SPACE',''
  ) );
#1793 = ORIENTED_EDGE('',*,*,#1249,.T.);
#1794 = ADVANCED_FACE('',(#1795),#1621,.T.);
#1795 = FACE_BOUND('',#1796,.T.);
#1796 = EDGE_LOOP('',(#1797,#1818,#1835,#1836));
#1797 = ORIENTED_EDGE('',*,*,#1798,.T.);
#1798 = EDGE_CURVE('',#1582,#1799,#1801,.T.);
#1799 = VERTEX_POINT('',#1800);
#1800 = CARTESIAN_POINT('',(3.411780948905E-13,48.659876,7.3803727));
#1801 = SURFACE_CURVE('',#1802,(#1812),.PCURVE_S1.);
#1802 = B_SPLINE_CURVE_WITH_KNOTS('',8,(#1803,#1804,#1805,#1806,#1807,
    #1808,#1809,#1810,#1811),.UNSPECIFIED.,.F.,.F.,(9,9),(0.,1.),
  .PIECEWISE_BEZIER_KNOTS.);
#1803 = CARTESIAN_POINT('',(-1.7997329E-02,55.322583,12.302704));
#1804 = CARTESIAN_POINT('',(-1.199822E-02,54.425727,11.807304));
#1805 = CARTESIAN_POINT('',(-7.3084394E-03,53.53615,11.27706));
#1806 = CARTESIAN_POINT('',(-3.8927204E-03,52.658892,10.712409));
#1807 = CARTESIAN_POINT('',(-1.6576024E-03,51.799379,10.113717));
#1808 = CARTESIAN_POINT('',(-4.4085169E-04,50.963413,9.4812324));
#1809 = CARTESIAN_POINT('',(3.040194E-13,50.157145,8.8150227));
#1810 = CARTESIAN_POINT('',(3.2208622E-13,49.387047,8.1149056));
#1811 = CARTESIAN_POINT('',(3.4118118E-13,48.659876,7.3803727));
#1812 = PCURVE('',#1621,#1813);
#1813 = DEFINITIONAL_REPRESENTATION('',(#1814),#1817);
#1814 = B_SPLINE_CURVE_WITH_KNOTS('',1,(#1815,#1816),.UNSPECIFIED.,.F.,
  .F.,(2,2),(0.,1.),.PIECEWISE_BEZIER_KNOTS.);
#1815 = CARTESIAN_POINT('',(1.,1.));
#1816 = CARTESIAN_POINT('',(0.,1.));
#1817 = ( GEOMETRIC_REPRESENTATION_CONTEXT(2) 
PARAMETRIC_REPRESENTATION_CONTEXT() REPRESENTATION_CONTEXT('2D SPACE',''
  ) );
#1818 = ORIENTED_EDGE('',*,*,#1819,.T.);
#1819 = EDGE_CURVE('',#1799,#1725,#1820,.T.);
#1820 = SURFACE_CURVE('',#1821,(#1829),.PCURVE_S1.);
#1821 = B_SPLINE_CURVE_WITH_KNOTS('',6,(#1822,#1823,#1824,#1825,#1826,
    #1827,#1828),.UNSPECIFIED.,.F.,.F.,(7,7),(0.,1.),
  .PIECEWISE_BEZIER_KNOTS.);
#1822 = CARTESIAN_POINT('',(3.411801E-13,48.659876,7.3803727));
#1823 = CARTESIAN_POINT('',(5.0056665,48.659876,7.3803727));
#1824 = CARTESIAN_POINT('',(10.011333,48.659876,6.8563601));
#1825 = CARTESIAN_POINT('',(14.948435,48.659876,5.8083333));
#1826 = CARTESIAN_POINT('',(19.748378,48.659876,4.2482628));
#1827 = CARTESIAN_POINT('',(24.345787,48.659876,2.2000623));
#1828 = CARTESIAN_POINT('',(28.681271,48.659876,-0.30199338));
#1829 = PCURVE('',#1621,#1830);
#1830 = DEFINITIONAL_REPRESENTATION('',(#1831),#1834);
#1831 = B_SPLINE_CURVE_WITH_KNOTS('',1,(#1832,#1833),.UNSPECIFIED.,.F.,
  .F.,(2,2),(0.,1.),.PIECEWISE_BEZIER_KNOTS.);
#1832 = CARTESIAN_POINT('',(0.,1.));
#1833 = CARTESIAN_POINT('',(0.,0.14315082));
#1834 = ( GEOMETRIC_REPRESENTATION_CONTEXT(2) 
PARAMETRIC_REPRESENTATION_CONTEXT() REPRESENTATION_CONTEXT('2D SPACE',''
  ) );
#1835 = ORIENTED_EDGE('',*,*,#1724,.T.);
#1836 = ORIENTED_EDGE('',*,*,#1602,.T.);
#1837 = ( GEOMETRIC_REPRESENTATION_CONTEXT(3) 
GLOBAL_UNCERTAINTY_ASSIGNED_CONTEXT((#1841)) 
GLOBAL_UNIT_ASSIGNED_CONTEXT((#1838,#1839,#1840)) REPRESENTATION_CONTEXT
('Context #1','3D Context with UNIT and UNCERTAINTY') );
#1838 = ( LENGTH_UNIT() NAMED_UNIT(*) SI_UNIT(.MILLI.,.METRE.) );
#1839 = ( NAMED_UNIT(*) PLANE_ANGLE_UNIT() SI_UNIT($,.RADIAN.) );
#1840 = ( NAMED_UNIT(*) SI_UNIT($,.STERADIAN.) SOLID_ANGLE_UNIT() );
#1841 = UNCERTAINTY_MEASURE_WITH_UNIT(LENGTH_MEASURE(1.E-03),#1838,
  'distance_accuracy_value','confusion accuracy');
#1842 = PRODUCT_RELATED_PRODUCT_CATEGORY('part',$,(#7));
ENDSEC;
END-ISO-10303-21;
