ISO-10303-21;
HEADER;
FILE_DESCRIPTION(('Open CASCADE Model'),'2;1');
FILE_NAME('Open CASCADE Shape Model','2026-07-11T20:16:03',('Author'),(
    'Open CASCADE'),'Open CASCADE STEP processor 8.0','Open CASCADE 8.0'
  ,'Unknown');
FILE_SCHEMA(('AUTOMOTIVE_DESIGN { 1 0 10303 214 1 1 1 1 }'));
ENDSEC;
DATA;
#1 = APPLICATION_PROTOCOL_DEFINITION('international standard',
  'automotive_design',2000,#2);
#2 = APPLICATION_CONTEXT(
  'core data for automotive mechanical design processes');
#3 = SHAPE_DEFINITION_REPRESENTATION(#4,#10);
#4 = PRODUCT_DEFINITION_SHAPE('','',#5);
#5 = PRODUCT_DEFINITION('design','',#6,#9);
#6 = PRODUCT_DEFINITION_FORMATION('','',#7);
#7 = PRODUCT('Open CASCADE STEP translator 8.0 1',
  'Open CASCADE STEP translator 8.0 1','',(#8));
#8 = PRODUCT_CONTEXT('',#2,'mechanical');
#9 = PRODUCT_DEFINITION_CONTEXT('part definition',#2,'design');
#10 = MANIFOLD_SURFACE_SHAPE_REPRESENTATION('',(#11,#15),#1588);
#11 = AXIS2_PLACEMENT_3D('',#12,#13,#14);
#12 = CARTESIAN_POINT('',(0.,0.,0.));
#13 = DIRECTION('',(0.,0.,1.));
#14 = DIRECTION('',(1.,0.,-0.));
#15 = SHELL_BASED_SURFACE_MODEL('',(#16));
#16 = OPEN_SHELL('',(#17,#515,#1045,#1128,#1171,#1348,#1422,#1471,#1520,
    #1545));
#17 = ADVANCED_FACE('',(#18),#36,.T.);
#18 = FACE_BOUND('',#19,.T.);
#19 = EDGE_LOOP('',(#20,#147,#339,#381,#475,#500));
#20 = ORIENTED_EDGE('',*,*,#21,.F.);
#21 = EDGE_CURVE('',#22,#24,#26,.T.);
#22 = VERTEX_POINT('',#23);
#23 = CARTESIAN_POINT('',(32.680299,61.358593,6.971876));
#24 = VERTEX_POINT('',#25);
#25 = CARTESIAN_POINT('',(19.917273,60.482595,-15.022518));
#26 = SURFACE_CURVE('',#27,(#35,#91),.PCURVE_S1.);
#27 = B_SPLINE_CURVE_WITH_KNOTS('',6,(#28,#29,#30,#31,#32,#33,#34),
  .UNSPECIFIED.,.F.,.F.,(7,7),(0.,1.),.PIECEWISE_BEZIER_KNOTS.);
#28 = CARTESIAN_POINT('',(32.680299,61.358593,6.971876));
#29 = CARTESIAN_POINT('',(30.481817,61.193886,3.4085614));
#30 = CARTESIAN_POINT('',(28.271015,61.025947,-0.13706034));
#31 = CARTESIAN_POINT('',(26.091541,60.866226,-3.727675));
#32 = CARTESIAN_POINT('',(24.002279,60.730171,-7.4478529));
#33 = CARTESIAN_POINT('',(21.959248,60.606245,-11.234428));
#34 = CARTESIAN_POINT('',(19.917273,60.482595,-15.022518));
#35 = PCURVE('',#36,#86);
#36 = B_SPLINE_SURFACE_WITH_KNOTS('',6,6,(
    (#37,#38,#39,#40,#41,#42,#43)
    ,(#44,#45,#46,#47,#48,#49,#50)
    ,(#51,#52,#53,#54,#55,#56,#57)
    ,(#58,#59,#60,#61,#62,#63,#64)
    ,(#65,#66,#67,#68,#69,#70,#71)
    ,(#72,#73,#74,#75,#76,#77,#78)
    ,(#79,#80,#81,#82,#83,#84,#85
    )),.UNSPECIFIED.,.F.,.F.,.F.,(7,7),(7,7),(0.,1.),(0.,1.),
  .PIECEWISE_BEZIER_KNOTS.);
#37 = CARTESIAN_POINT('',(39.288957,61.83119,18.05047));
#38 = CARTESIAN_POINT('',(34.844887,61.528555,10.353114));
#39 = CARTESIAN_POINT('',(30.400816,61.225921,2.6557584));
#40 = CARTESIAN_POINT('',(25.027703,60.679565,-3.7073013));
#41 = CARTESIAN_POINT('',(21.512676,60.620651,-12.738953));
#42 = CARTESIAN_POINT('',(17.068605,60.318017,-20.436308));
#43 = CARTESIAN_POINT('',(12.624535,60.015382,-28.133664));
#44 = CARTESIAN_POINT('',(39.755009,59.284394,18.857695));
#45 = CARTESIAN_POINT('',(35.280895,58.944242,11.108303));
#46 = CARTESIAN_POINT('',(30.806781,58.604089,3.3589104));
#47 = CARTESIAN_POINT('',(25.713305,58.101456,-3.5009515));
#48 = CARTESIAN_POINT('',(21.858554,57.923784,-12.139875));
#49 = CARTESIAN_POINT('',(17.38444,57.583631,-19.889267));
#50 = CARTESIAN_POINT('',(12.910326,57.243479,-27.63866));
#51 = CARTESIAN_POINT('',(40.221061,56.737599,19.664921));
#52 = CARTESIAN_POINT('',(35.716904,56.359928,11.863492));
#53 = CARTESIAN_POINT('',(31.212746,55.982258,4.0620624));
#54 = CARTESIAN_POINT('',(26.378262,55.517931,-3.2649508));
#55 = CARTESIAN_POINT('',(22.204431,55.226917,-11.540797));
#56 = CARTESIAN_POINT('',(17.700274,54.849246,-19.342226));
#57 = CARTESIAN_POINT('',(13.196117,54.471575,-27.143656));
#58 = CARTESIAN_POINT('',(40.687113,54.190803,20.472147));
#59 = CARTESIAN_POINT('',(36.152912,53.775615,12.618681));
#60 = CARTESIAN_POINT('',(31.618711,53.360426,4.7652144));
#61 = CARTESIAN_POINT('',(26.974401,52.916352,-2.9301133));
#62 = CARTESIAN_POINT('',(22.550309,52.530049,-10.941719));
#63 = CARTESIAN_POINT('',(18.016108,52.114861,-18.795185));
#64 = CARTESIAN_POINT('',(13.481907,51.699672,-26.648652));
#65 = CARTESIAN_POINT('',(41.153165,51.644007,21.279373));
#66 = CARTESIAN_POINT('',(36.588921,51.191301,13.37387));
#67 = CARTESIAN_POINT('',(32.024676,50.738595,5.4683665));
#68 = CARTESIAN_POINT('',(27.460432,50.285888,-2.437137));
#69 = CARTESIAN_POINT('',(22.896187,49.833182,-10.342641));
#70 = CARTESIAN_POINT('',(18.331943,49.380475,-18.248144));
#71 = CARTESIAN_POINT('',(13.767698,48.927769,-26.153647));
#72 = CARTESIAN_POINT('',(41.619218,49.097212,22.086599));
#73 = CARTESIAN_POINT('',(37.024929,48.606987,14.129059));
#74 = CARTESIAN_POINT('',(32.430641,48.116763,6.1715185));
#75 = CARTESIAN_POINT('',(27.836353,47.626539,-1.786022));
#76 = CARTESIAN_POINT('',(23.242065,47.136314,-9.7435624));
#77 = CARTESIAN_POINT('',(18.647777,46.64609,-17.701103));
#78 = CARTESIAN_POINT('',(14.053489,46.155865,-25.658643));
#79 = CARTESIAN_POINT('',(42.08527,46.550416,22.893825));
#80 = CARTESIAN_POINT('',(37.460938,46.022674,14.884248));
#81 = CARTESIAN_POINT('',(32.836606,45.494932,6.8746705));
#82 = CARTESIAN_POINT('',(28.212275,44.967189,-1.1349069));
#83 = CARTESIAN_POINT('',(23.587943,44.439447,-9.1444844));
#84 = CARTESIAN_POINT('',(18.963611,43.911704,-17.154062));
#85 = CARTESIAN_POINT('',(14.33928,43.383962,-25.163639));
#86 = DEFINITIONAL_REPRESENTATION('',(#87),#90);
#87 = B_SPLINE_CURVE_WITH_KNOTS('',1,(#88,#89),.UNSPECIFIED.,.F.,.F.,(2,
    2),(0.,1.),.PIECEWISE_BEZIER_KNOTS.);
#88 = CARTESIAN_POINT('',(0.,0.24349019));
#89 = CARTESIAN_POINT('',(0.,0.72082039));
#90 = ( GEOMETRIC_REPRESENTATION_CONTEXT(2) 
PARAMETRIC_REPRESENTATION_CONTEXT() REPRESENTATION_CONTEXT('2D SPACE',''
  ) );
#91 = PCURVE('',#92,#142);
#92 = B_SPLINE_SURFACE_WITH_KNOTS('',6,6,(
    (#93,#94,#95,#96,#97,#98,#99)
    ,(#100,#101,#102,#103,#104,#105,#106)
    ,(#107,#108,#109,#110,#111,#112,#113)
    ,(#114,#115,#116,#117,#118,#119,#120)
    ,(#121,#122,#123,#124,#125,#126,#127)
    ,(#128,#129,#130,#131,#132,#133,#134)
    ,(#135,#136,#137,#138,#139,#140,#141
    )),.UNSPECIFIED.,.F.,.F.,.F.,(7,7),(7,7),(0.,1.),(0.,1.),
  .PIECEWISE_BEZIER_KNOTS.);
#93 = CARTESIAN_POINT('',(35.094488,84.75235,10.785436));
#94 = CARTESIAN_POINT('',(30.920809,84.787377,3.5564129));
#95 = CARTESIAN_POINT('',(26.747131,84.822404,-3.6726098));
#96 = CARTESIAN_POINT('',(20.758915,84.381415,-8.2955859));
#97 = CARTESIAN_POINT('',(18.399775,84.892459,-18.130655));
#98 = CARTESIAN_POINT('',(14.226096,84.927486,-25.359678));
#99 = CARTESIAN_POINT('',(10.052418,84.962513,-32.588701));
#100 = CARTESIAN_POINT('',(35.793566,80.932156,11.996275));
#101 = CARTESIAN_POINT('',(31.574822,80.910907,4.6891964));
#102 = CARTESIAN_POINT('',(27.356079,80.889657,-2.6178818));
#103 = CARTESIAN_POINT('',(20.95989,80.297187,-6.797704));
#104 = CARTESIAN_POINT('',(18.918592,80.847157,-17.232038));
#105 = CARTESIAN_POINT('',(14.699848,80.825908,-24.539116));
#106 = CARTESIAN_POINT('',(10.481104,80.804658,-31.846195));
#107 = CARTESIAN_POINT('',(36.492644,77.111963,13.207114));
#108 = CARTESIAN_POINT('',(32.228835,77.034436,5.8219799));
#109 = CARTESIAN_POINT('',(27.965026,76.95691,-1.5631538));
#110 = CARTESIAN_POINT('',(21.320544,76.254849,-5.5291542));
#111 = CARTESIAN_POINT('',(19.437408,76.801856,-16.333421));
#112 = CARTESIAN_POINT('',(15.173599,76.724329,-23.718555));
#113 = CARTESIAN_POINT('',(10.90979,76.646803,-31.103689));
#114 = CARTESIAN_POINT('',(37.191722,73.29177,14.417953));
#115 = CARTESIAN_POINT('',(32.882848,73.157966,6.9547634));
#116 = CARTESIAN_POINT('',(28.573974,73.024162,-0.50842573));
#117 = CARTESIAN_POINT('',(21.965717,72.28715,-4.6692325));
#118 = CARTESIAN_POINT('',(19.956225,72.756555,-15.434804));
#119 = CARTESIAN_POINT('',(15.647351,72.622751,-22.897993));
#120 = CARTESIAN_POINT('',(11.338477,72.488948,-30.361182));
#121 = CARTESIAN_POINT('',(37.8908,69.471576,15.628792));
#122 = CARTESIAN_POINT('',(33.536861,69.281496,8.0875469));
#123 = CARTESIAN_POINT('',(29.182921,69.091415,0.5463023));
#124 = CARTESIAN_POINT('',(22.924443,68.401707,-4.2596357));
#125 = CARTESIAN_POINT('',(20.475042,68.711254,-14.536187));
#126 = CARTESIAN_POINT('',(16.121102,68.521173,-22.077432));
#127 = CARTESIAN_POINT('',(11.767163,68.331093,-29.618676));
#128 = CARTESIAN_POINT('',(38.589879,65.651383,16.839631));
#129 = CARTESIAN_POINT('',(34.190874,65.405025,9.2203304));
#130 = CARTESIAN_POINT('',(29.791869,65.158668,1.6010303));
#131 = CARTESIAN_POINT('',(23.999299,64.546729,-4.0168259));
#132 = CARTESIAN_POINT('',(20.993859,64.665953,-13.63757));
#133 = CARTESIAN_POINT('',(16.594854,64.419595,-21.25687));
#134 = CARTESIAN_POINT('',(12.195849,64.173237,-28.87617));
#135 = CARTESIAN_POINT('',(39.288957,61.83119,18.05047));
#136 = CARTESIAN_POINT('',(34.844887,61.528555,10.353114));
#137 = CARTESIAN_POINT('',(30.400816,61.225921,2.6557584));
#138 = CARTESIAN_POINT('',(25.027703,60.679565,-3.7073013));
#139 = CARTESIAN_POINT('',(21.512676,60.620651,-12.738953));
#140 = CARTESIAN_POINT('',(17.068605,60.318017,-20.436308));
#141 = CARTESIAN_POINT('',(12.624535,60.015382,-28.133664));
#142 = DEFINITIONAL_REPRESENTATION('',(#143),#146);
#143 = B_SPLINE_CURVE_WITH_KNOTS('',1,(#144,#145),.UNSPECIFIED.,.F.,.F.,
  (2,2),(0.,1.),.PIECEWISE_BEZIER_KNOTS.);
#144 = CARTESIAN_POINT('',(1.,0.24349019));
#145 = CARTESIAN_POINT('',(1.,0.72082039));
#146 = ( GEOMETRIC_REPRESENTATION_CONTEXT(2) 
PARAMETRIC_REPRESENTATION_CONTEXT() REPRESENTATION_CONTEXT('2D SPACE',''
  ) );
#147 = ORIENTED_EDGE('',*,*,#148,.F.);
#148 = EDGE_CURVE('',#149,#22,#151,.T.);
#149 = VERTEX_POINT('',#150);
#150 = CARTESIAN_POINT('',(32.080365,58.168264,5.875601));
#151 = SURFACE_CURVE('',#152,(#165,#179),.PCURVE_S1.);
#152 = B_SPLINE_CURVE_WITH_KNOTS('',11,(#153,#154,#155,#156,#157,#158,
    #159,#160,#161,#162,#163,#164),.UNSPECIFIED.,.F.,.F.,(12,12),(0.,1.)
  ,.PIECEWISE_BEZIER_KNOTS.);
#153 = CARTESIAN_POINT('',(32.080365,58.168264,5.875601));
#154 = CARTESIAN_POINT('',(32.213615,58.360695,6.1046282));
#155 = CARTESIAN_POINT('',(32.345578,58.558774,6.3310385));
#156 = CARTESIAN_POINT('',(32.462598,58.782096,6.5329981));
#157 = CARTESIAN_POINT('',(32.574829,59.067853,6.7289845));
#158 = CARTESIAN_POINT('',(32.595959,59.433512,6.7753541));
#159 = CARTESIAN_POINT('',(32.65287,59.699716,6.8781894));
#160 = CARTESIAN_POINT('',(32.663266,60.063076,6.9064347));
#161 = CARTESIAN_POINT('',(32.67873,60.372291,6.9412919));
#162 = CARTESIAN_POINT('',(32.682802,60.704472,6.9577353));
#163 = CARTESIAN_POINT('',(32.683065,61.031162,6.9674531));
#164 = CARTESIAN_POINT('',(32.680299,61.358593,6.971876));
#165 = PCURVE('',#36,#166);
#166 = DEFINITIONAL_REPRESENTATION('',(#167),#178);
#167 = B_SPLINE_CURVE_WITH_KNOTS('',9,(#168,#169,#170,#171,#172,#173,
    #174,#175,#176,#177),.UNSPECIFIED.,.F.,.F.,(10,10),(0.,1.),
  .PIECEWISE_BEZIER_KNOTS.);
#168 = CARTESIAN_POINT('',(0.19910885,0.28524315));
#169 = CARTESIAN_POINT('',(0.18508296,0.27791154));
#170 = CARTESIAN_POINT('',(0.17039675,0.27068774));
#171 = CARTESIAN_POINT('',(0.15348529,0.26347303));
#172 = CARTESIAN_POINT('',(0.123335,0.25821943));
#173 = CARTESIAN_POINT('',(0.10276216,0.25503289));
#174 = CARTESIAN_POINT('',(7.5592657E-02,0.25117835));
#175 = CARTESIAN_POINT('',(5.0886901E-02,0.24853211));
#176 = CARTESIAN_POINT('',(2.5415718E-02,0.24591106));
#177 = CARTESIAN_POINT('',(-2.115599362362E-13,0.24349019));
#178 = ( GEOMETRIC_REPRESENTATION_CONTEXT(2) 
PARAMETRIC_REPRESENTATION_CONTEXT() REPRESENTATION_CONTEXT('2D SPACE',''
  ) );
#179 = PCURVE('',#180,#325);
#180 = B_SPLINE_SURFACE_WITH_KNOTS('',11,11,(
    (#181,#182,#183,#184,#185,#186,#187,#188,#189,#190,#191,#192)
    ,(#193,#194,#195,#196,#197,#198,#199,#200,#201,#202,#203,#204)
    ,(#205,#206,#207,#208,#209,#210,#211,#212,#213,#214,#215,#216)
    ,(#217,#218,#219,#220,#221,#222,#223,#224,#225,#226,#227,#228)
    ,(#229,#230,#231,#232,#233,#234,#235,#236,#237,#238,#239,#240)
    ,(#241,#242,#243,#244,#245,#246,#247,#248,#249,#250,#251,#252)
    ,(#253,#254,#255,#256,#257,#258,#259,#260,#261,#262,#263,#264)
    ,(#265,#266,#267,#268,#269,#270,#271,#272,#273,#274,#275,#276)
    ,(#277,#278,#279,#280,#281,#282,#283,#284,#285,#286,#287,#288)
    ,(#289,#290,#291,#292,#293,#294,#295,#296,#297,#298,#299,#300)
    ,(#301,#302,#303,#304,#305,#306,#307,#308,#309,#310,#311,#312)
    ,(#313,#314,#315,#316,#317,#318,#319,#320,#321,#322,#323,#324
  )),.UNSPECIFIED.,.F.,.F.,.F.,(12,12),(12,12),(0.,1.),(0.,1.),
  .PIECEWISE_BEZIER_KNOTS.);
#181 = CARTESIAN_POINT('',(35.72062,55.322583,1.04571));
#182 = CARTESIAN_POINT('',(32.885888,55.322583,3.0293905));
#183 = CARTESIAN_POINT('',(29.929981,55.322583,4.839907));
#184 = CARTESIAN_POINT('',(26.864649,55.322583,6.4690353));
#185 = CARTESIAN_POINT('',(23.702276,55.322583,7.9094475));
#186 = CARTESIAN_POINT('',(20.455794,55.322583,9.1547684));
#187 = CARTESIAN_POINT('',(17.138599,55.322583,10.199623));
#188 = CARTESIAN_POINT('',(13.764464,55.322583,11.039672));
#189 = CARTESIAN_POINT('',(10.347448,55.322583,11.671644));
#190 = CARTESIAN_POINT('',(6.9018012,55.322583,12.093351));
#191 = CARTESIAN_POINT('',(3.4418714,55.322583,12.303703));
#192 = CARTESIAN_POINT('',(-1.7997329E-02,55.322583,12.302704));
#193 = CARTESIAN_POINT('',(36.025241,56.300971,1.4921632));
#194 = CARTESIAN_POINT('',(33.165716,56.300971,3.4927602));
#195 = CARTESIAN_POINT('',(30.183982,56.300971,5.3186788));
#196 = CARTESIAN_POINT('',(27.091893,56.300971,6.9616245));
#197 = CARTESIAN_POINT('',(23.901941,56.300971,8.4142071));
#198 = CARTESIAN_POINT('',(20.62717,56.300971,9.6699976));
#199 = CARTESIAN_POINT('',(17.281093,56.300971,10.723575));
#200 = CARTESIAN_POINT('',(13.877604,56.300971,11.570565));
#201 = CARTESIAN_POINT('',(10.430882,56.300971,12.207669));
#202 = CARTESIAN_POINT('',(6.9553032,56.300971,12.632681));
#203 = CARTESIAN_POINT('',(3.4653391,56.300971,12.844503));
#204 = CARTESIAN_POINT('',(-2.4541813E-02,56.300971,12.84314));
#205 = CARTESIAN_POINT('',(36.30574,57.287698,1.9067827));
#206 = CARTESIAN_POINT('',(33.42319,57.287698,3.9229568));
#207 = CARTESIAN_POINT('',(30.417479,57.287698,5.7630459));
#208 = CARTESIAN_POINT('',(27.300558,57.287698,7.418691));
#209 = CARTESIAN_POINT('',(24.085017,57.287698,8.8824446));
#210 = CARTESIAN_POINT('',(20.784007,57.287698,10.147828));
#211 = CARTESIAN_POINT('',(17.411148,57.287698,11.209379));
#212 = CARTESIAN_POINT('',(13.980445,57.287698,12.06269));
#213 = CARTESIAN_POINT('',(10.506192,57.287698,12.704437));
#214 = CARTESIAN_POINT('',(7.0028777,57.287698,13.132401));
#215 = CARTESIAN_POINT('',(3.4850905,57.287698,13.345474));
#216 = CARTESIAN_POINT('',(-3.2586074E-02,57.287698,13.343664));
#217 = CARTESIAN_POINT('',(36.561799,58.276993,2.2891831));
#218 = CARTESIAN_POINT('',(33.658014,58.276993,4.3195769));
#219 = CARTESIAN_POINT('',(30.630198,58.276993,6.1725886));
#220 = CARTESIAN_POINT('',(27.490391,58.276993,7.8398001));
#221 = CARTESIAN_POINT('',(24.251277,58.276993,9.3137117));
#222 = CARTESIAN_POINT('',(20.926102,58.276993,10.587799));
#223 = CARTESIAN_POINT('',(17.528587,58.276993,11.656564));
#224 = CARTESIAN_POINT('',(14.072838,58.276993,12.515567));
#225 = CARTESIAN_POINT('',(10.573253,58.276993,13.161463));
#226 = CARTESIAN_POINT('',(7.0444289,58.276993,13.592018));
#227 = CARTESIAN_POINT('',(3.5010577,58.276993,13.80612));
#228 = CARTESIAN_POINT('',(-4.217051E-02,58.276993,13.803778));
#229 = CARTESIAN_POINT('',(36.793109,59.263506,2.6388834));
#230 = CARTESIAN_POINT('',(33.869903,59.263506,4.6821226));
#231 = CARTESIAN_POINT('',(30.821883,59.263506,6.5467933));
#232 = CARTESIAN_POINT('',(27.661167,59.263506,8.2244242));
#233 = CARTESIAN_POINT('',(24.400525,59.263506,9.7074686));
#234 = CARTESIAN_POINT('',(21.05329,59.263506,10.989362));
#235 = CARTESIAN_POINT('',(17.633274,59.263506,12.064571));
#236 = CARTESIAN_POINT('',(14.154678,59.263506,12.92863));
#237 = CARTESIAN_POINT('',(10.631995,59.263506,13.578176));
#238 = CARTESIAN_POINT('',(7.0799154,59.263506,14.010961));
#239 = CARTESIAN_POINT('',(3.5132308,59.263506,14.225867));
#240 = CARTESIAN_POINT('',(-5.3273029E-02,59.263506,14.222909));
#241 = CARTESIAN_POINT('',(36.999387,60.242321,2.9553526));
#242 = CARTESIAN_POINT('',(34.058607,60.242321,5.0100471));
#243 = CARTESIAN_POINT('',(30.42206,50.958189,13.223267));
#244 = CARTESIAN_POINT('',(27.622611,57.14761,10.684714));
#245 = CARTESIAN_POINT('',(24.532602,60.242321,10.063133));
#246 = CARTESIAN_POINT('',(21.165444,60.242321,11.351925));
#247 = CARTESIAN_POINT('',(17.725118,60.242321,12.432803));
#248 = CARTESIAN_POINT('',(14.225907,60.242321,13.30128));
#249 = CARTESIAN_POINT('',(10.68239,60.242321,13.953973));
#250 = CARTESIAN_POINT('',(7.1093457,60.242321,14.388626));
#251 = CARTESIAN_POINT('',(3.5216518,60.242321,14.604117));
#252 = CARTESIAN_POINT('',(-6.5818787E-02,60.242321,14.600462));
#253 = CARTESIAN_POINT('',(37.180401,61.208972,3.2380499));
#254 = CARTESIAN_POINT('',(34.223922,61.208972,5.3027966));
#255 = CARTESIAN_POINT('',(30.571062,51.92484,13.52511));
#256 = CARTESIAN_POINT('',(27.754751,58.114261,10.994649));
#257 = CARTESIAN_POINT('',(24.647398,61.208972,10.380124));
#258 = CARTESIAN_POINT('',(21.262489,61.208972,11.674902));
#259 = CARTESIAN_POINT('',(17.804074,61.208972,12.760672));
#260 = CARTESIAN_POINT('',(14.286512,61.208972,13.632925));
#261 = CARTESIAN_POINT('',(10.72446,61.208972,14.288265));
#262 = CARTESIAN_POINT('',(7.1327736,61.208972,14.724426));
#263 = CARTESIAN_POINT('',(3.526407,61.208972,14.940285));
#264 = CARTESIAN_POINT('',(-7.9689316E-02,61.208972,14.935859));
#265 = CARTESIAN_POINT('',(37.335978,62.15945,3.4864605));
#266 = CARTESIAN_POINT('',(34.365703,62.15945,5.5598469));
#267 = CARTESIAN_POINT('',(31.268773,62.15945,7.4517896));
#268 = CARTESIAN_POINT('',(28.0575,62.15945,9.1536923));
#269 = CARTESIAN_POINT('',(24.74486,62.15945,10.657898));
#270 = CARTESIAN_POINT('',(21.344398,62.15945,11.957748));
#271 = CARTESIAN_POINT('',(17.870146,62.15945,13.047631));
#272 = CARTESIAN_POINT('',(14.33653,62.15945,13.923021));
#273 = CARTESIAN_POINT('',(10.758271,62.15945,14.58051));
#274 = CARTESIAN_POINT('',(7.1502944,62.15945,15.017825));
#275 = CARTESIAN_POINT('',(3.527621,62.15945,15.233841));
#276 = CARTESIAN_POINT('',(-9.4731051E-02,62.15945,15.22858));
#277 = CARTESIAN_POINT('',(37.466017,63.09021,3.7001271));
#278 = CARTESIAN_POINT('',(34.483877,63.09021,5.780735));
#279 = CARTESIAN_POINT('',(31.37464,63.09021,7.6791744));
#280 = CARTESIAN_POINT('',(28.150669,63.09021,9.386819));
#281 = CARTESIAN_POINT('',(24.824989,63.09021,10.895986));
#282 = CARTESIAN_POINT('',(21.411201,63.09021,12.199993));
#283 = CARTESIAN_POINT('',(17.923391,63.09021,13.293213));
#284 = CARTESIAN_POINT('',(14.376041,63.09021,14.171104));
#285 = CARTESIAN_POINT('',(10.78393,63.09021,14.83025));
#286 = CARTESIAN_POINT('',(7.1620402,63.09021,15.268372));
#287 = CARTESIAN_POINT('',(3.5254506,63.09021,15.484344));
#288 = CARTESIAN_POINT('',(-0.11076324,63.09021,15.478193));
#289 = CARTESIAN_POINT('',(37.570503,63.998171,3.8786764));
#290 = CARTESIAN_POINT('',(34.578447,63.998171,5.9650868));
#291 = CARTESIAN_POINT('',(31.45894,63.998171,7.8687229));
#292 = CARTESIAN_POINT('',(28.224386,63.998171,9.5809345));
#293 = CARTESIAN_POINT('',(24.887852,63.998171,11.094017));
#294 = CARTESIAN_POINT('',(21.462985,63.998171,12.401273));
#295 = CARTESIAN_POINT('',(17.963915,63.998171,13.497058));
#296 = CARTESIAN_POINT('',(14.405172,63.998171,14.376822));
#297 = CARTESIAN_POINT('',(10.801583,63.998171,15.037139));
#298 = CARTESIAN_POINT('',(7.168176,63.998171,15.47573));
#299 = CARTESIAN_POINT('',(3.520079,63.998171,15.691468));
#300 = CARTESIAN_POINT('',(-0.12758524,63.998171,15.684383));
#301 = CARTESIAN_POINT('',(37.64951,64.88072,4.0218426));
#302 = CARTESIAN_POINT('',(34.649504,64.88072,6.1126405));
#303 = CARTESIAN_POINT('',(31.521778,64.88072,8.0201784));
#304 = CARTESIAN_POINT('',(28.27877,64.88072,9.735788));
#305 = CARTESIAN_POINT('',(24.933583,64.88072,11.251749));
#306 = CARTESIAN_POINT('',(21.499896,64.88072,12.561351));
#307 = CARTESIAN_POINT('',(17.991878,64.88072,13.658939));
#308 = CARTESIAN_POINT('',(14.424095,64.88072,14.539955));
#309 = CARTESIAN_POINT('',(10.811412,64.88072,15.200971));
#310 = CARTESIAN_POINT('',(7.1688955,64.88072,15.639702));
#311 = CARTESIAN_POINT('',(3.5117102,64.88072,15.855026));
#312 = CARTESIAN_POINT('',(-0.14498322,64.88072,15.846974));
#313 = CARTESIAN_POINT('',(37.70321,65.735705,4.1294855));
#314 = CARTESIAN_POINT('',(34.697226,65.735705,6.2232655));
#315 = CARTESIAN_POINT('',(31.56334,65.735705,8.1334205));
#316 = CARTESIAN_POINT('',(28.314015,65.735705,9.8512694));
#317 = CARTESIAN_POINT('',(24.962379,65.735705,11.369082));
#318 = CARTESIAN_POINT('',(21.522137,65.735705,12.680139));
#319 = CARTESIAN_POINT('',(18.007488,65.735705,13.778779));
#320 = CARTESIAN_POINT('',(14.433023,65.735705,14.66044));
#321 = CARTESIAN_POINT('',(10.813634,65.735705,15.32169));
#322 = CARTESIAN_POINT('',(7.164417,65.735705,15.760248));
#323 = CARTESIAN_POINT('',(3.5005643,65.735705,15.974989));
#324 = CARTESIAN_POINT('',(-0.16273627,65.735705,15.965951));
#325 = DEFINITIONAL_REPRESENTATION('',(#326),#338);
#326 = B_SPLINE_CURVE_WITH_KNOTS('',10,(#327,#328,#329,#330,#331,#332,
    #333,#334,#335,#336,#337),.UNSPECIFIED.,.F.,.F.,(11,11),(0.,1.),
  .PIECEWISE_BEZIER_KNOTS.);
#327 = CARTESIAN_POINT('',(0.33021978,0.1382118));
#328 = CARTESIAN_POINT('',(0.36927479,0.13596491));
#329 = CARTESIAN_POINT('',(0.40913867,0.13372456));
#330 = CARTESIAN_POINT('',(0.44834929,0.13182026));
#331 = CARTESIAN_POINT('',(0.49156068,0.1309666));
#332 = CARTESIAN_POINT('',(0.51529061,0.13196544));
#333 = CARTESIAN_POINT('',(0.54840705,0.13191286));
#334 = CARTESIAN_POINT('',(0.57227901,0.13315386));
#335 = CARTESIAN_POINT('',(0.59749491,0.1341062));
#336 = CARTESIAN_POINT('',(0.62108353,0.13529845));
#337 = CARTESIAN_POINT('',(0.64434063,0.13652437));
#338 = ( GEOMETRIC_REPRESENTATION_CONTEXT(2) 
PARAMETRIC_REPRESENTATION_CONTEXT() REPRESENTATION_CONTEXT('2D SPACE',''
  ) );
#339 = ORIENTED_EDGE('',*,*,#340,.F.);
#340 = EDGE_CURVE('',#341,#149,#343,.T.);
#341 = VERTEX_POINT('',#342);
#342 = CARTESIAN_POINT('',(31.050318,55.322583,4.0139333));
#343 = SURFACE_CURVE('',#344,(#355,#368),.PCURVE_S1.);
#344 = B_SPLINE_CURVE_WITH_KNOTS('',9,(#345,#346,#347,#348,#349,#350,
    #351,#352,#353,#354),.UNSPECIFIED.,.F.,.F.,(10,10),(0.,1.),
  .PIECEWISE_BEZIER_KNOTS.);
#345 = CARTESIAN_POINT('',(31.050318,55.322583,4.0139333));
#346 = CARTESIAN_POINT('',(31.14094,55.672882,4.1850287));
#347 = CARTESIAN_POINT('',(31.229672,56.02608,4.3528146));
#348 = CARTESIAN_POINT('',(31.31407,56.378245,4.5129811));
#349 = CARTESIAN_POINT('',(31.402521,56.746173,4.680064));
#350 = CARTESIAN_POINT('',(31.490565,57.070196,4.8440786));
#351 = CARTESIAN_POINT('',(31.599422,57.44383,5.0445365));
#352 = CARTESIAN_POINT('',(31.752909,57.704589,5.3120326));
#353 = CARTESIAN_POINT('',(31.917505,57.93307,5.5956789));
#354 = CARTESIAN_POINT('',(32.080365,58.168264,5.875601));
#355 = PCURVE('',#36,#356);
#356 = DEFINITIONAL_REPRESENTATION('',(#357),#367);
#357 = B_SPLINE_CURVE_WITH_KNOTS('',8,(#358,#359,#360,#361,#362,#363,
    #364,#365,#366),.UNSPECIFIED.,.F.,.F.,(9,9),(0.,1.),
  .PIECEWISE_BEZIER_KNOTS.);
#358 = CARTESIAN_POINT('',(0.37302996,0.34018701));
#359 = CARTESIAN_POINT('',(0.34881201,0.33406244));
#360 = CARTESIAN_POINT('',(0.3245111,0.32800917));
#361 = CARTESIAN_POINT('',(0.29895553,0.32204359));
#362 = CARTESIAN_POINT('',(0.2762701,0.31600906));
#363 = CARTESIAN_POINT('',(0.24947461,0.30984929));
#364 = CARTESIAN_POINT('',(0.22990025,0.30174825));
#365 = CARTESIAN_POINT('',(0.21488798,0.29349122));
#366 = CARTESIAN_POINT('',(0.19910885,0.28524315));
#367 = ( GEOMETRIC_REPRESENTATION_CONTEXT(2) 
PARAMETRIC_REPRESENTATION_CONTEXT() REPRESENTATION_CONTEXT('2D SPACE',''
  ) );
#368 = PCURVE('',#180,#369);
#369 = DEFINITIONAL_REPRESENTATION('',(#370),#380);
#370 = B_SPLINE_CURVE_WITH_KNOTS('',8,(#371,#372,#373,#374,#375,#376,
    #377,#378,#379),.UNSPECIFIED.,.F.,.F.,(9,9),(0.,1.),
  .PIECEWISE_BEZIER_KNOTS.);
#371 = CARTESIAN_POINT('',(9.2394148E-13,0.14544803));
#372 = CARTESIAN_POINT('',(3.6617442E-02,0.14557859));
#373 = CARTESIAN_POINT('',(7.3348647E-02,0.1456804));
#374 = CARTESIAN_POINT('',(0.11050371,0.14591605));
#375 = CARTESIAN_POINT('',(0.1476017,0.14565104));
#376 = CARTESIAN_POINT('',(0.18687498,0.14580921));
#377 = CARTESIAN_POINT('',(0.2340122,0.14381127));
#378 = CARTESIAN_POINT('',(0.28140101,0.14102042));
#379 = CARTESIAN_POINT('',(0.33021978,0.1382118));
#380 = ( GEOMETRIC_REPRESENTATION_CONTEXT(2) 
PARAMETRIC_REPRESENTATION_CONTEXT() REPRESENTATION_CONTEXT('2D SPACE',''
  ) );
#381 = ORIENTED_EDGE('',*,*,#382,.T.);
#382 = EDGE_CURVE('',#341,#383,#385,.T.);
#383 = VERTEX_POINT('',#384);
#384 = CARTESIAN_POINT('',(28.681271,48.659876,-0.30199333));
#385 = SURFACE_CURVE('',#386,(#393,#402),.PCURVE_S1.);
#386 = B_SPLINE_CURVE_WITH_KNOTS('',5,(#387,#388,#389,#390,#391,#392),
  .UNSPECIFIED.,.F.,.F.,(6,6),(0.,1.),.PIECEWISE_BEZIER_KNOTS.);
#387 = CARTESIAN_POINT('',(31.050318,55.322583,4.0139333));
#388 = CARTESIAN_POINT('',(30.673918,53.867607,3.3032899));
#389 = CARTESIAN_POINT('',(30.254903,52.459937,2.5181507));
#390 = CARTESIAN_POINT('',(29.78793,51.108954,1.6614448));
#391 = CARTESIAN_POINT('',(29.2645,49.829435,0.72543978));
#392 = CARTESIAN_POINT('',(28.681271,48.659876,-0.30199333));
#393 = PCURVE('',#36,#394);
#394 = DEFINITIONAL_REPRESENTATION('',(#395),#401);
#395 = B_SPLINE_CURVE_WITH_KNOTS('',4,(#396,#397,#398,#399,#400),
  .UNSPECIFIED.,.F.,.F.,(5,5),(0.,1.),.PIECEWISE_BEZIER_KNOTS.);
#396 = CARTESIAN_POINT('',(0.37302996,0.34018701));
#397 = CARTESIAN_POINT('',(0.48479638,0.36845186));
#398 = CARTESIAN_POINT('',(0.5904917,0.39845725));
#399 = CARTESIAN_POINT('',(0.68896896,0.4303264));
#400 = CARTESIAN_POINT('',(0.77487877,0.46424828));
#401 = ( GEOMETRIC_REPRESENTATION_CONTEXT(2) 
PARAMETRIC_REPRESENTATION_CONTEXT() REPRESENTATION_CONTEXT('2D SPACE',''
  ) );
#402 = PCURVE('',#403,#467);
#403 = B_SPLINE_SURFACE_WITH_KNOTS('',8,6,(
    (#404,#405,#406,#407,#408,#409,#410)
    ,(#411,#412,#413,#414,#415,#416,#417)
    ,(#418,#419,#420,#421,#422,#423,#424)
    ,(#425,#426,#427,#428,#429,#430,#431)
    ,(#432,#433,#434,#435,#436,#437,#438)
    ,(#439,#440,#441,#442,#443,#444,#445)
    ,(#446,#447,#448,#449,#450,#451,#452)
    ,(#453,#454,#455,#456,#457,#458,#459)
    ,(#460,#461,#462,#463,#464,#465,#466
    )),.UNSPECIFIED.,.F.,.F.,.F.,(9,9),(7,7),(0.,1.),(0.,1.),
  .PIECEWISE_BEZIER_KNOTS.);
#404 = CARTESIAN_POINT('',(32.91203,48.659876,-2.9967504));
#405 = CARTESIAN_POINT('',(28.126588,48.659876,0.35405207));
#406 = CARTESIAN_POINT('',(22.931768,48.659876,3.1202025));
#407 = CARTESIAN_POINT('',(17.416848,48.659876,5.239185));
#408 = CARTESIAN_POINT('',(11.683892,48.659876,6.6666444));
#409 = CARTESIAN_POINT('',(5.8419458,48.659876,7.3803727));
#410 = CARTESIAN_POINT('',(3.3661962E-13,48.659876,7.3803727));
#411 = CARTESIAN_POINT('',(33.33334,49.387047,-2.3950562));
#412 = CARTESIAN_POINT('',(28.48664,49.387047,0.99864025));
#413 = CARTESIAN_POINT('',(23.22532,49.387047,3.8002005));
#414 = CARTESIAN_POINT('',(17.639803,49.387047,5.9463084));
#415 = CARTESIAN_POINT('',(11.833459,49.387047,7.3920408));
#416 = CARTESIAN_POINT('',(5.9167293,49.387047,8.1149056));
#417 = CARTESIAN_POINT('',(3.126388E-13,49.387047,8.1149056));
#418 = CARTESIAN_POINT('',(33.734911,50.157145,-1.8215539));
#419 = CARTESIAN_POINT('',(28.829821,50.157145,1.6130268));
#420 = CARTESIAN_POINT('',(23.505119,50.157145,4.4483378));
#421 = CARTESIAN_POINT('',(17.852312,50.157145,6.6203001));
#422 = CARTESIAN_POINT('',(11.976018,50.157145,8.0834494));
#423 = CARTESIAN_POINT('',(5.9880088,50.157145,8.8150227));
#424 = CARTESIAN_POINT('',(3.0020431E-13,50.157145,8.8150227));
#425 = CARTESIAN_POINT('',(34.116672,50.963413,-1.275574));
#426 = CARTESIAN_POINT('',(29.155996,50.963413,2.1978741));
#427 = CARTESIAN_POINT('',(23.770958,50.963413,5.0652614));
#428 = CARTESIAN_POINT('',(18.054104,50.963413,7.2617835));
#429 = CARTESIAN_POINT('',(12.111237,50.963413,8.7414622));
#430 = CARTESIAN_POINT('',(6.0553953,50.963413,9.4812773));
#431 = CARTESIAN_POINT('',(-4.4085169E-04,50.963413,9.4812324));
#432 = CARTESIAN_POINT('',(34.478454,51.799379,-0.75677527));
#433 = CARTESIAN_POINT('',(29.464958,51.799379,2.7535062));
#434 = CARTESIAN_POINT('',(24.0226,51.799379,5.6512736));
#435 = CARTESIAN_POINT('',(18.244913,51.799379,7.8710356));
#436 = CARTESIAN_POINT('',(12.238823,51.799379,9.3663271));
#437 = CARTESIAN_POINT('',(6.1185724,51.799379,10.113886));
#438 = CARTESIAN_POINT('',(-1.6576024E-03,51.799379,10.113717));
#439 = CARTESIAN_POINT('',(34.820018,52.658892,-0.26507357));
#440 = CARTESIAN_POINT('',(29.756462,52.658892,3.2799829));
#441 = CARTESIAN_POINT('',(24.259795,52.658892,6.2064092));
#442 = CARTESIAN_POINT('',(18.424484,52.658892,8.4480653));
#443 = CARTESIAN_POINT('',(12.358522,52.658892,9.9580273));
#444 = CARTESIAN_POINT('',(6.1772906,52.658892,10.712805));
#445 = CARTESIAN_POINT('',(-3.8927204E-03,52.658892,10.712409));
#446 = CARTESIAN_POINT('',(35.141091,53.53615,0.19942119));
#447 = CARTESIAN_POINT('',(30.030244,53.53615,3.7771664));
#448 = CARTESIAN_POINT('',(24.482293,53.53615,6.7305038));
#449 = CARTESIAN_POINT('',(18.592586,53.53615,8.9926835));
#450 = CARTESIAN_POINT('',(12.470124,53.53615,10.516351));
#451 = CARTESIAN_POINT('',(6.2313626,53.53615,11.277804));
#452 = CARTESIAN_POINT('',(-7.3084394E-03,53.53615,11.27706));
#453 = CARTESIAN_POINT('',(35.441385,54.425727,0.63646124));
#454 = CARTESIAN_POINT('',(30.286042,54.425727,4.2447796));
#455 = CARTESIAN_POINT('',(24.689861,54.425727,7.223254));
#456 = CARTESIAN_POINT('',(18.749018,54.425727,9.5045641));
#457 = CARTESIAN_POINT('',(12.573462,54.425727,11.040954));
#458 = CARTESIAN_POINT('',(6.2806574,54.425727,11.808525));
#459 = CARTESIAN_POINT('',(-1.199822E-02,54.425727,11.807304));
#460 = CARTESIAN_POINT('',(35.72062,55.322583,1.04571));
#461 = CARTESIAN_POINT('',(30.523612,55.322583,4.6824575));
#462 = CARTESIAN_POINT('',(24.882291,55.322583,7.6842707));
#463 = CARTESIAN_POINT('',(18.893613,55.322583,9.9832987));
#464 = CARTESIAN_POINT('',(12.668412,55.322583,11.531413));
#465 = CARTESIAN_POINT('',(6.3250953,55.322583,12.304536));
#466 = CARTESIAN_POINT('',(-1.7997329E-02,55.322583,12.302704));
#467 = DEFINITIONAL_REPRESENTATION('',(#468),#474);
#468 = B_SPLINE_CURVE_WITH_KNOTS('',4,(#469,#470,#471,#472,#473),
  .UNSPECIFIED.,.F.,.F.,(5,5),(0.,1.),.PIECEWISE_BEZIER_KNOTS.);
#469 = CARTESIAN_POINT('',(1.,0.14544803));
#470 = CARTESIAN_POINT('',(0.74651388,0.14484542));
#471 = CARTESIAN_POINT('',(0.49921555,0.14402779));
#472 = CARTESIAN_POINT('',(0.25130752,0.14345085));
#473 = CARTESIAN_POINT('',(-1.665334536938E-16,0.14315082));
#474 = ( GEOMETRIC_REPRESENTATION_CONTEXT(2) 
PARAMETRIC_REPRESENTATION_CONTEXT() REPRESENTATION_CONTEXT('2D SPACE',''
  ) );
#475 = ORIENTED_EDGE('',*,*,#476,.T.);
#476 = EDGE_CURVE('',#383,#477,#479,.T.);
#477 = VERTEX_POINT('',#478);
#478 = CARTESIAN_POINT('',(20.489666,57.495748,-14.188973));
#479 = SURFACE_CURVE('',#480,(#494),.PCURVE_S1.);
#480 = B_SPLINE_CURVE_WITH_KNOTS('',12,(#481,#482,#483,#484,#485,#486,
    #487,#488,#489,#490,#491,#492,#493),.UNSPECIFIED.,.F.,.F.,(13,13),(
    0.,1.),.PIECEWISE_BEZIER_KNOTS.);
#481 = CARTESIAN_POINT('',(28.681271,48.659876,-0.30199334));
#482 = CARTESIAN_POINT('',(27.989103,49.380538,-1.4878143));
#483 = CARTESIAN_POINT('',(27.297606,50.103769,-2.6669136));
#484 = CARTESIAN_POINT('',(26.606574,50.829514,-3.8389959));
#485 = CARTESIAN_POINT('',(25.916041,51.557783,-5.0041105));
#486 = CARTESIAN_POINT('',(25.226341,52.288663,-6.1627375));
#487 = CARTESIAN_POINT('',(24.538116,53.022323,-7.3157969));
#488 = CARTESIAN_POINT('',(23.85225,53.758994,-8.4645606));
#489 = CARTESIAN_POINT('',(23.169752,54.498941,-9.6104779));
#490 = CARTESIAN_POINT('',(22.491602,55.242422,-10.754954));
#491 = CARTESIAN_POINT('',(21.818597,55.989644,-11.899134));
#492 = CARTESIAN_POINT('',(21.151235,56.74074,-13.043736));
#493 = CARTESIAN_POINT('',(20.489666,57.495748,-14.188973));
#494 = PCURVE('',#36,#495);
#495 = DEFINITIONAL_REPRESENTATION('',(#496),#499);
#496 = B_SPLINE_CURVE_WITH_KNOTS('',1,(#497,#498),.UNSPECIFIED.,.F.,.F.,
  (2,2),(0.,1.),.PIECEWISE_BEZIER_KNOTS.);
#497 = CARTESIAN_POINT('',(0.77487878,0.46424828));
#498 = CARTESIAN_POINT('',(0.18526565,0.71527631));
#499 = ( GEOMETRIC_REPRESENTATION_CONTEXT(2) 
PARAMETRIC_REPRESENTATION_CONTEXT() REPRESENTATION_CONTEXT('2D SPACE',''
  ) );
#500 = ORIENTED_EDGE('',*,*,#501,.T.);
#501 = EDGE_CURVE('',#477,#24,#502,.T.);
#502 = SURFACE_CURVE('',#503,(#508),.PCURVE_S1.);
#503 = B_SPLINE_CURVE_WITH_KNOTS('',3,(#504,#505,#506,#507),
  .UNSPECIFIED.,.F.,.F.,(4,4),(0.,1.),.PIECEWISE_BEZIER_KNOTS.);
#504 = CARTESIAN_POINT('',(20.489666,57.495748,-14.188973));
#505 = CARTESIAN_POINT('',(20.299788,58.491415,-14.467078));
#506 = CARTESIAN_POINT('',(20.108618,59.486928,-14.74441));
#507 = CARTESIAN_POINT('',(19.917273,60.482595,-15.022518));
#508 = PCURVE('',#36,#509);
#509 = DEFINITIONAL_REPRESENTATION('',(#510),#514);
#510 = B_SPLINE_CURVE_WITH_KNOTS('',2,(#511,#512,#513),.UNSPECIFIED.,.F.
  ,.F.,(3,3),(0.,1.),.PIECEWISE_BEZIER_KNOTS.);
#511 = CARTESIAN_POINT('',(0.18526565,0.71527631));
#512 = CARTESIAN_POINT('',(9.2604804E-02,0.71800682));
#513 = CARTESIAN_POINT('',(2.400857290752E-15,0.72082039));
#514 = ( GEOMETRIC_REPRESENTATION_CONTEXT(2) 
PARAMETRIC_REPRESENTATION_CONTEXT() REPRESENTATION_CONTEXT('2D SPACE',''
  ) );
#515 = ADVANCED_FACE('',(#516),#92,.T.);
#516 = FACE_BOUND('',#517,.T.);
#517 = EDGE_LOOP('',(#518,#519,#541,#616,#709,#805,#903,#1002));
#518 = ORIENTED_EDGE('',*,*,#21,.T.);
#519 = ORIENTED_EDGE('',*,*,#520,.T.);
#520 = EDGE_CURVE('',#24,#521,#523,.T.);
#521 = VERTEX_POINT('',#522);
#522 = CARTESIAN_POINT('',(15.861786,84.853707,-21.823816));
#523 = SURFACE_CURVE('',#524,(#531),.PCURVE_S1.);
#524 = B_SPLINE_CURVE_WITH_KNOTS('',5,(#525,#526,#527,#528,#529,#530),
  .UNSPECIFIED.,.F.,.F.,(6,6),(0.,1.),.PIECEWISE_BEZIER_KNOTS.);
#525 = CARTESIAN_POINT('',(19.917273,60.482595,-15.022518));
#526 = CARTESIAN_POINT('',(18.981237,65.356635,-16.382727));
#527 = CARTESIAN_POINT('',(18.048121,70.231279,-17.743098));
#528 = CARTESIAN_POINT('',(17.237619,75.105195,-19.103285));
#529 = CARTESIAN_POINT('',(16.530592,79.979436,-20.463543));
#530 = CARTESIAN_POINT('',(15.861786,84.853707,-21.823816));
#531 = PCURVE('',#92,#532);
#532 = DEFINITIONAL_REPRESENTATION('',(#533),#540);
#533 = B_SPLINE_CURVE_WITH_KNOTS('',5,(#534,#535,#536,#537,#538,#539),
  .UNSPECIFIED.,.F.,.F.,(6,6),(0.,1.),.PIECEWISE_BEZIER_KNOTS.);
#534 = CARTESIAN_POINT('',(1.,0.72082039));
#535 = CARTESIAN_POINT('',(0.79852432,0.72997741));
#536 = CARTESIAN_POINT('',(0.59740657,0.73940951));
#537 = CARTESIAN_POINT('',(0.3975558,0.74718666));
#538 = CARTESIAN_POINT('',(0.19854889,0.75339763));
#539 = CARTESIAN_POINT('',(9.926226507417E-13,0.75915799));
#540 = ( GEOMETRIC_REPRESENTATION_CONTEXT(2) 
PARAMETRIC_REPRESENTATION_CONTEXT() REPRESENTATION_CONTEXT('2D SPACE',''
  ) );
#541 = ORIENTED_EDGE('',*,*,#542,.T.);
#542 = EDGE_CURVE('',#521,#543,#545,.T.);
#543 = VERTEX_POINT('',#544);
#544 = CARTESIAN_POINT('',(24.329699,84.703813,-6.2344614));
#545 = SURFACE_CURVE('',#546,(#554,#560),.PCURVE_S1.);
#546 = B_SPLINE_CURVE_WITH_KNOTS('',6,(#547,#548,#549,#550,#551,#552,
    #553),.UNSPECIFIED.,.F.,.F.,(7,7),(0.,1.),.PIECEWISE_BEZIER_KNOTS.);
#547 = CARTESIAN_POINT('',(15.861786,84.853707,-21.823816));
#548 = CARTESIAN_POINT('',(17.211662,84.812606,-19.137346));
#549 = CARTESIAN_POINT('',(18.547606,84.767851,-16.430867));
#550 = CARTESIAN_POINT('',(19.902956,84.728186,-13.752258));
#551 = CARTESIAN_POINT('',(21.320375,84.704803,-11.162792));
#552 = CARTESIAN_POINT('',(22.802607,84.698424,-8.6664123));
#553 = CARTESIAN_POINT('',(24.329699,84.703813,-6.2344614));
#554 = PCURVE('',#92,#555);
#555 = DEFINITIONAL_REPRESENTATION('',(#556),#559);
#556 = B_SPLINE_CURVE_WITH_KNOTS('',1,(#557,#558),.UNSPECIFIED.,.F.,.F.,
  (2,2),(0.,1.),.PIECEWISE_BEZIER_KNOTS.);
#557 = CARTESIAN_POINT('',(0.,0.75915799));
#558 = CARTESIAN_POINT('',(0.,0.40938328));
#559 = ( GEOMETRIC_REPRESENTATION_CONTEXT(2) 
PARAMETRIC_REPRESENTATION_CONTEXT() REPRESENTATION_CONTEXT('2D SPACE',''
  ) );
#560 = PCURVE('',#561,#611);
#561 = B_SPLINE_SURFACE_WITH_KNOTS('',6,6,(
    (#562,#563,#564,#565,#566,#567,#568)
    ,(#569,#570,#571,#572,#573,#574,#575)
    ,(#576,#577,#578,#579,#580,#581,#582)
    ,(#583,#584,#585,#586,#587,#588,#589)
    ,(#590,#591,#592,#593,#594,#595,#596)
    ,(#597,#598,#599,#600,#601,#602,#603)
    ,(#604,#605,#606,#607,#608,#609,#610
    )),.UNSPECIFIED.,.F.,.F.,.F.,(7,7),(7,7),(0.,1.),(0.,1.),
  .PIECEWISE_BEZIER_KNOTS.);
#562 = CARTESIAN_POINT('',(30.900018,107.67351,3.5204019));
#563 = CARTESIAN_POINT('',(26.996732,108.0462,-3.2402881));
#564 = CARTESIAN_POINT('',(23.093446,108.41889,-10.000978));
#565 = CARTESIAN_POINT('',(19.19016,108.79158,-16.761668));
#566 = CARTESIAN_POINT('',(15.286874,109.16427,-23.522358));
#567 = CARTESIAN_POINT('',(11.383588,109.53695,-30.283048));
#568 = CARTESIAN_POINT('',(7.4803014,109.90964,-37.043738));
#569 = CARTESIAN_POINT('',(31.599097,103.85332,4.7312409));
#570 = CARTESIAN_POINT('',(27.650745,104.16973,-2.1075046));
#571 = CARTESIAN_POINT('',(23.702394,104.48614,-8.94625));
#572 = CARTESIAN_POINT('',(19.754042,104.80255,-15.784995));
#573 = CARTESIAN_POINT('',(15.805691,105.11896,-22.623741));
#574 = CARTESIAN_POINT('',(11.857339,105.43538,-29.462486));
#575 = CARTESIAN_POINT('',(7.9089876,105.75179,-36.301232));
#576 = CARTESIAN_POINT('',(32.298175,100.03312,5.9420798));
#577 = CARTESIAN_POINT('',(28.304758,100.29326,-0.97472107));
#578 = CARTESIAN_POINT('',(24.311341,100.55339,-7.891522));
#579 = CARTESIAN_POINT('',(20.317924,100.81353,-14.808323));
#580 = CARTESIAN_POINT('',(16.324507,101.07366,-21.725124));
#581 = CARTESIAN_POINT('',(12.331091,101.3338,-28.641925));
#582 = CARTESIAN_POINT('',(8.3376737,101.59393,-35.558726));
#583 = CARTESIAN_POINT('',(32.997253,96.21293,7.1529188));
#584 = CARTESIAN_POINT('',(28.958771,96.416788,0.15806243));
#585 = CARTESIAN_POINT('',(24.920289,96.620646,-6.8367939));
#586 = CARTESIAN_POINT('',(20.510189,96.727016,-13.297932));
#587 = CARTESIAN_POINT('',(16.843324,97.028362,-20.826507));
#588 = CARTESIAN_POINT('',(12.804842,97.23222,-27.821363));
#589 = CARTESIAN_POINT('',(8.7663598,97.436078,-34.816219));
#590 = CARTESIAN_POINT('',(33.696331,92.392736,8.3637578));
#591 = CARTESIAN_POINT('',(29.612784,92.540317,1.2908459));
#592 = CARTESIAN_POINT('',(25.529236,92.687899,-5.7820659));
#593 = CARTESIAN_POINT('',(20.516645,92.591759,-11.520682));
#594 = CARTESIAN_POINT('',(17.362141,92.983061,-19.92789));
#595 = CARTESIAN_POINT('',(13.278594,93.130642,-27.000801));
#596 = CARTESIAN_POINT('',(9.195046,93.278223,-34.073713));
#597 = CARTESIAN_POINT('',(34.395409,88.572543,9.5745967));
#598 = CARTESIAN_POINT('',(30.266797,88.663847,2.4236294));
#599 = CARTESIAN_POINT('',(26.138184,88.755151,-4.7273379));
#600 = CARTESIAN_POINT('',(20.557941,88.465642,-9.7934678));
#601 = CARTESIAN_POINT('',(17.880958,88.93776,-19.029272));
#602 = CARTESIAN_POINT('',(13.752345,89.029064,-26.18024));
#603 = CARTESIAN_POINT('',(9.6237321,89.120368,-33.331207));
#604 = CARTESIAN_POINT('',(35.094488,84.75235,10.785436));
#605 = CARTESIAN_POINT('',(30.920809,84.787377,3.5564129));
#606 = CARTESIAN_POINT('',(26.747131,84.822404,-3.6726098));
#607 = CARTESIAN_POINT('',(20.758915,84.381415,-8.2955859));
#608 = CARTESIAN_POINT('',(18.399775,84.892459,-18.130655));
#609 = CARTESIAN_POINT('',(14.226096,84.927486,-25.359678));
#610 = CARTESIAN_POINT('',(10.052418,84.962513,-32.588701));
#611 = DEFINITIONAL_REPRESENTATION('',(#612),#615);
#612 = B_SPLINE_CURVE_WITH_KNOTS('',1,(#613,#614),.UNSPECIFIED.,.F.,.F.,
  (2,2),(0.,1.),.PIECEWISE_BEZIER_KNOTS.);
#613 = CARTESIAN_POINT('',(1.,0.75915799));
#614 = CARTESIAN_POINT('',(1.,0.40938328));
#615 = ( GEOMETRIC_REPRESENTATION_CONTEXT(2) 
PARAMETRIC_REPRESENTATION_CONTEXT() REPRESENTATION_CONTEXT('2D SPACE',''
  ) );
#616 = ORIENTED_EDGE('',*,*,#617,.T.);
#617 = EDGE_CURVE('',#543,#618,#620,.T.);
#618 = VERTEX_POINT('',#619);
#619 = CARTESIAN_POINT('',(25.925539,81.772047,-3.491344));
#620 = SURFACE_CURVE('',#621,(#627,#636),.PCURVE_S1.);
#621 = B_SPLINE_CURVE_WITH_KNOTS('',4,(#622,#623,#624,#625,#626),
  .UNSPECIFIED.,.F.,.F.,(5,5),(0.,1.),.PIECEWISE_BEZIER_KNOTS.);
#622 = CARTESIAN_POINT('',(24.329699,84.703813,-6.2344614));
#623 = CARTESIAN_POINT('',(24.656258,83.864864,-5.6316329));
#624 = CARTESIAN_POINT('',(25.036028,83.093004,-4.963506));
#625 = CARTESIAN_POINT('',(25.463992,82.400846,-4.2433179));
#626 = CARTESIAN_POINT('',(25.925539,81.772047,-3.491344));
#627 = PCURVE('',#92,#628);
#628 = DEFINITIONAL_REPRESENTATION('',(#629),#635);
#629 = B_SPLINE_CURVE_WITH_KNOTS('',4,(#630,#631,#632,#633,#634),
  .UNSPECIFIED.,.F.,.F.,(5,5),(0.,1.),.PIECEWISE_BEZIER_KNOTS.);
#630 = CARTESIAN_POINT('',(2.0628349E-12,0.40938328));
#631 = CARTESIAN_POINT('',(3.5117886E-02,0.40082459));
#632 = CARTESIAN_POINT('',(6.7554552E-02,0.39015375));
#633 = CARTESIAN_POINT('',(9.6821986E-02,0.37757883));
#634 = CARTESIAN_POINT('',(0.12359032,0.36370993));
#635 = ( GEOMETRIC_REPRESENTATION_CONTEXT(2) 
PARAMETRIC_REPRESENTATION_CONTEXT() REPRESENTATION_CONTEXT('2D SPACE',''
  ) );
#636 = PCURVE('',#637,#701);
#637 = B_SPLINE_SURFACE_WITH_KNOTS('',8,6,(
    (#638,#639,#640,#641,#642,#643,#644)
    ,(#645,#646,#647,#648,#649,#650,#651)
    ,(#652,#653,#654,#655,#656,#657,#658)
    ,(#659,#660,#661,#662,#663,#664,#665)
    ,(#666,#667,#668,#669,#670,#671,#672)
    ,(#673,#674,#675,#676,#677,#678,#679)
    ,(#680,#681,#682,#683,#684,#685,#686)
    ,(#687,#688,#689,#690,#691,#692,#693)
    ,(#694,#695,#696,#697,#698,#699,#700
    )),.UNSPECIFIED.,.F.,.F.,.F.,(9,9),(7,7),(0.,1.),(0.,1.),
  .PIECEWISE_BEZIER_KNOTS.);
#638 = CARTESIAN_POINT('',(30.353365,81.772047,-6.2522928));
#639 = CARTESIAN_POINT('',(25.899373,81.772047,-3.1619902));
#640 = CARTESIAN_POINT('',(21.067829,81.772047,-0.61584541));
#641 = CARTESIAN_POINT('',(15.941827,81.772047,1.3284858));
#642 = CARTESIAN_POINT('',(10.616254,81.772047,2.6302507));
#643 = CARTESIAN_POINT('',(5.1923889,81.772047,3.2692762));
#644 = CARTESIAN_POINT('',(-0.22863274,81.772047,3.2459989));
#645 = CARTESIAN_POINT('',(29.900423,82.360345,-6.9418701));
#646 = CARTESIAN_POINT('',(25.516637,82.360345,-3.8976819));
#647 = CARTESIAN_POINT('',(20.760933,82.360345,-1.3890743));
#648 = CARTESIAN_POINT('',(15.715096,82.360345,0.52715745));
#649 = CARTESIAN_POINT('',(10.472526,82.360345,1.8108545));
#650 = CARTESIAN_POINT('',(5.1329253,82.360345,2.4421163));
#651 = CARTESIAN_POINT('',(-0.20413638,82.360345,2.421333));
#652 = CARTESIAN_POINT('',(29.461135,83.003769,-7.6130358));
#653 = CARTESIAN_POINT('',(25.145681,83.003769,-4.6135719));
#654 = CARTESIAN_POINT('',(20.463773,83.003769,-2.1413402));
#655 = CARTESIAN_POINT('',(15.495922,83.003769,-0.25230169));
#656 = CARTESIAN_POINT('',(10.334081,83.003769,1.01396));
#657 = CARTESIAN_POINT('',(5.0764195,83.003769,1.6378068));
#658 = CARTESIAN_POINT('',(-0.1790151,83.003769,1.6195811));
#659 = CARTESIAN_POINT('',(29.040268,83.713588,-8.2578422));
#660 = CARTESIAN_POINT('',(24.790462,83.713588,-5.3012273));
#661 = CARTESIAN_POINT('',(20.179438,83.713588,-2.863824));
#662 = CARTESIAN_POINT('',(15.286479,83.713588,-1.000794));
#663 = CARTESIAN_POINT('',(10.202154,83.713588,0.24882936));
#664 = CARTESIAN_POINT('',(5.023158,83.713588,0.8656581));
#665 = CARTESIAN_POINT('',(-0.15392359,83.713588,0.84998701));
#666 = CARTESIAN_POINT('',(28.642404,84.500319,-8.8685565));
#667 = CARTESIAN_POINT('',(24.454775,84.500319,-5.9524484));
#668 = CARTESIAN_POINT('',(19.910877,84.500319,-3.5479555));
#669 = CARTESIAN_POINT('',(15.088834,84.500319,-1.7094839));
#670 = CARTESIAN_POINT('',(10.077898,84.500319,-0.47554701));
#671 = CARTESIAN_POINT('',(4.9733718,84.500319,0.13470276));
#672 = CARTESIAN_POINT('',(-0.12954328,84.500319,0.12151385));
#673 = CARTESIAN_POINT('',(28.271846,85.373217,-9.4378694));
#674 = CARTESIAN_POINT('',(24.14218,85.373217,-6.5594881));
#675 = CARTESIAN_POINT('',(19.660853,85.373217,-4.1856407));
#676 = CARTESIAN_POINT('',(14.904909,85.373217,-2.3700292));
#677 = CARTESIAN_POINT('',(9.9623749,85.373217,-1.1506833));
#678 = CARTESIAN_POINT('',(4.9272537,85.373217,-0.54653622));
#679 = CARTESIAN_POINT('',(-0.10654223,85.373217,-0.55738338));
#680 = CARTESIAN_POINT('',(27.932522,86.339703,-9.9591168));
#681 = CARTESIAN_POINT('',(23.855924,86.339703,-7.1152824));
#682 = CARTESIAN_POINT('',(19.431887,86.339703,-4.7694983));
#683 = CARTESIAN_POINT('',(14.736463,86.339703,-2.9748219));
#684 = CARTESIAN_POINT('',(9.8565577,86.339703,-1.76884));
#685 = CARTESIAN_POINT('',(4.8849845,86.339703,-1.1702851));
#686 = CARTESIAN_POINT('',(-8.5524884E-02,86.339703,-1.1789924));
#687 = CARTESIAN_POINT('',(27.627905,87.404694,-10.426501));
#688 = CARTESIAN_POINT('',(23.598892,87.404694,-7.6136802));
#689 = CARTESIAN_POINT('',(19.226229,87.404694,-5.2930958));
#690 = CARTESIAN_POINT('',(14.58508,87.404694,-3.517227));
#691 = CARTESIAN_POINT('',(9.7613446,87.404694,-2.3232624));
#692 = CARTESIAN_POINT('',(4.8467699,87.404694,-1.729754));
#693 = CARTESIAN_POINT('',(-6.6971833E-02,87.404694,-1.7365725));
#694 = CARTESIAN_POINT('',(27.360949,88.569825,-10.835303));
#695 = CARTESIAN_POINT('',(23.373557,88.569825,-8.0496611));
#696 = CARTESIAN_POINT('',(19.045835,88.569825,-5.7511708));
#697 = CARTESIAN_POINT('',(14.452171,88.569825,-3.9918041));
#698 = CARTESIAN_POINT('',(9.6775849,88.569825,-2.8084004));
#699 = CARTESIAN_POINT('',(4.8128895,88.569825,-2.2193531));
#700 = CARTESIAN_POINT('',(-5.1169491E-02,88.569825,-2.2245628));
#701 = DEFINITIONAL_REPRESENTATION('',(#702),#708);
#702 = B_SPLINE_CURVE_WITH_KNOTS('',4,(#703,#704,#705,#706,#707),
  .UNSPECIFIED.,.F.,.F.,(5,5),(0.,1.),.PIECEWISE_BEZIER_KNOTS.);
#703 = CARTESIAN_POINT('',(0.51753822,0.16525193));
#704 = CARTESIAN_POINT('',(0.39364007,0.16480651));
#705 = CARTESIAN_POINT('',(0.26512023,0.16381887));
#706 = CARTESIAN_POINT('',(0.13360569,0.16231689));
#707 = CARTESIAN_POINT('',(-1.110223024625E-16,0.16049047));
#708 = ( GEOMETRIC_REPRESENTATION_CONTEXT(2) 
PARAMETRIC_REPRESENTATION_CONTEXT() REPRESENTATION_CONTEXT('2D SPACE',''
  ) );
#709 = ORIENTED_EDGE('',*,*,#710,.T.);
#710 = EDGE_CURVE('',#618,#711,#713,.T.);
#711 = VERTEX_POINT('',#712);
#712 = CARTESIAN_POINT('',(29.575257,77.951509,2.1598283));
#713 = SURFACE_CURVE('',#714,(#722,#731),.PCURVE_S1.);
#714 = B_SPLINE_CURVE_WITH_KNOTS('',6,(#715,#716,#717,#718,#719,#720,
    #721),.UNSPECIFIED.,.F.,.F.,(7,7),(0.,1.),.PIECEWISE_BEZIER_KNOTS.);
#715 = CARTESIAN_POINT('',(25.925539,81.772047,-3.491344));
#716 = CARTESIAN_POINT('',(26.47525,81.023135,-2.5957287));
#717 = CARTESIAN_POINT('',(27.068192,80.355212,-1.6589253));
#718 = CARTESIAN_POINT('',(27.689391,79.749943,-0.7012607));
#719 = CARTESIAN_POINT('',(28.323173,79.173397,0.26152135));
#720 = CARTESIAN_POINT('',(28.958341,78.589133,1.2227963));
#721 = CARTESIAN_POINT('',(29.575257,77.951509,2.1598283));
#722 = PCURVE('',#92,#723);
#723 = DEFINITIONAL_REPRESENTATION('',(#724),#730);
#724 = B_SPLINE_CURVE_WITH_KNOTS('',4,(#725,#726,#727,#728,#729),
  .UNSPECIFIED.,.F.,.F.,(5,5),(0.,1.),.PIECEWISE_BEZIER_KNOTS.);
#725 = CARTESIAN_POINT('',(0.12359032,0.36370993));
#726 = CARTESIAN_POINT('',(0.17141272,0.33893274));
#727 = CARTESIAN_POINT('',(0.21116279,0.31005536));
#728 = CARTESIAN_POINT('',(0.24723886,0.2799458));
#729 = CARTESIAN_POINT('',(0.28919534,0.25233806));
#730 = ( GEOMETRIC_REPRESENTATION_CONTEXT(2) 
PARAMETRIC_REPRESENTATION_CONTEXT() REPRESENTATION_CONTEXT('2D SPACE',''
  ) );
#731 = PCURVE('',#732,#796);
#732 = B_SPLINE_SURFACE_WITH_KNOTS('',8,6,(
    (#733,#734,#735,#736,#737,#738,#739)
    ,(#740,#741,#742,#743,#744,#745,#746)
    ,(#747,#748,#749,#750,#751,#752,#753)
    ,(#754,#755,#756,#757,#758,#759,#760)
    ,(#761,#762,#763,#764,#765,#766,#767)
    ,(#768,#769,#770,#771,#772,#773,#774)
    ,(#775,#776,#777,#778,#779,#780,#781)
    ,(#782,#783,#784,#785,#786,#787,#788)
    ,(#789,#790,#791,#792,#793,#794,#795
    )),.UNSPECIFIED.,.F.,.F.,.F.,(9,9),(7,7),(0.,1.),(0.,1.),
  .PIECEWISE_BEZIER_KNOTS.);
#733 = CARTESIAN_POINT('',(34.085053,77.951509,-0.66894805));
#734 = CARTESIAN_POINT('',(29.062615,77.951509,2.8012809));
#735 = CARTESIAN_POINT('',(23.61621,77.951509,5.6579034));
#736 = CARTESIAN_POINT('',(17.839534,77.951509,7.8361753));
#737 = CARTESIAN_POINT('',(11.83953,77.951509,9.2904131));
#738 = CARTESIAN_POINT('',(5.7302933,77.951509,9.9981218));
#739 = CARTESIAN_POINT('',(-0.37428821,77.951509,9.9600152));
#740 = CARTESIAN_POINT('',(33.639571,78.400851,-1.3199923));
#741 = CARTESIAN_POINT('',(28.683417,78.400851,2.1048818));
#742 = CARTESIAN_POINT('',(23.308836,78.400851,4.9242475));
#743 = CARTESIAN_POINT('',(17.608289,78.400851,7.0742068));
#744 = CARTESIAN_POINT('',(11.68731,78.400851,8.5096708));
#745 = CARTESIAN_POINT('',(5.6584892,78.400851,9.2084338));
#746 = CARTESIAN_POINT('',(-0.36578166,78.400851,9.1711933));
#747 = CARTESIAN_POINT('',(33.178369,78.835402,-1.9995868));
#748 = CARTESIAN_POINT('',(28.291406,78.835402,1.3783319));
#749 = CARTESIAN_POINT('',(22.991751,78.835402,4.1591954));
#750 = CARTESIAN_POINT('',(17.370577,78.835402,6.2799817));
#751 = CARTESIAN_POINT('',(11.531946,78.835402,7.6962155));
#752 = CARTESIAN_POINT('',(5.5868844,78.835402,8.3859858));
#753 = CARTESIAN_POINT('',(-0.35377675,78.835402,8.3499675));
#754 = CARTESIAN_POINT('',(32.70615,79.265862,-2.7006324));
#755 = CARTESIAN_POINT('',(27.89056,79.265862,0.62920931));
#756 = CARTESIAN_POINT('',(22.668153,79.265862,3.3707157));
#757 = CARTESIAN_POINT('',(17.12877,79.265862,5.4617619));
#758 = CARTESIAN_POINT('',(11.374956,79.265862,6.8584986));
#759 = CARTESIAN_POINT('',(5.5161261,79.265862,7.539313));
#760 = CARTESIAN_POINT('',(-0.33849293,79.265862,7.5048507));
#761 = CARTESIAN_POINT('',(32.227818,79.703783,-3.4155201));
#762 = CARTESIAN_POINT('',(27.485012,79.703783,-0.13437784));
#763 = CARTESIAN_POINT('',(22.341338,79.703783,2.5673213));
#764 = CARTESIAN_POINT('',(16.885279,79.703783,4.628361));
#765 = CARTESIAN_POINT('',(11.217838,79.703783,6.0055243));
#766 = CARTESIAN_POINT('',(5.4467887,79.703783,6.6774966));
#767 = CARTESIAN_POINT('',(-0.32027688,79.703783,6.644889));
#768 = CARTESIAN_POINT('',(31.748392,80.161264,-4.1362742));
#769 = CARTESIAN_POINT('',(27.078966,80.161264,-0.90394275));
#770 = CARTESIAN_POINT('',(22.014636,80.161264,1.7579107));
#771 = CARTESIAN_POINT('',(16.642515,80.161264,3.7889805));
#772 = CARTESIAN_POINT('',(11.062052,80.161264,5.1466819));
#773 = CARTESIAN_POINT('',(5.3793665,80.161264,5.8099959));
#774 = CARTESIAN_POINT('',(-0.29959245,80.161264,5.7794941));
#775 = CARTESIAN_POINT('',(31.272905,80.650578,-4.8547268));
#776 = CARTESIAN_POINT('',(26.676626,80.650578,-1.670805));
#777 = CARTESIAN_POINT('',(21.691357,80.650578,0.95157526));
#778 = CARTESIAN_POINT('',(16.402846,80.650578,2.9530116));
#779 = CARTESIAN_POINT('',(10.908994,80.650578,4.2915447));
#780 = CARTESIAN_POINT('',(5.3142738,80.650578,4.9464461));
#781 = CARTESIAN_POINT('',(-0.27700056,80.650578,4.9182444));
#782 = CARTESIAN_POINT('',(30.806308,81.183749,-5.5627156));
#783 = CARTESIAN_POINT('',(26.282109,81.183749,-2.4262985));
#784 = CARTESIAN_POINT('',(21.374725,81.183749,0.15738346));
#785 = CARTESIAN_POINT('',(16.168558,81.183749,2.1298141));
#786 = CARTESIAN_POINT('',(10.759983,81.183749,3.4496469));
#787 = CARTESIAN_POINT('',(5.2518525,81.183749,4.096436));
#788 = CARTESIAN_POINT('',(-0.25312911,81.183749,4.0706647));
#789 = CARTESIAN_POINT('',(30.353365,81.772047,-6.2522928));
#790 = CARTESIAN_POINT('',(25.899373,81.772047,-3.1619902));
#791 = CARTESIAN_POINT('',(21.067829,81.772047,-0.61584541));
#792 = CARTESIAN_POINT('',(15.941827,81.772047,1.3284858));
#793 = CARTESIAN_POINT('',(10.616254,81.772047,2.6302507));
#794 = CARTESIAN_POINT('',(5.1923889,81.772047,3.2692762));
#795 = CARTESIAN_POINT('',(-0.22863274,81.772047,3.2459989));
#796 = DEFINITIONAL_REPRESENTATION('',(#797),#804);
#797 = B_SPLINE_CURVE_WITH_KNOTS('',5,(#798,#799,#800,#801,#802,#803),
  .UNSPECIFIED.,.F.,.F.,(6,6),(0.,1.),.PIECEWISE_BEZIER_KNOTS.);
#798 = CARTESIAN_POINT('',(1.,0.16049047));
#799 = CARTESIAN_POINT('',(0.80904771,0.15788011));
#800 = CARTESIAN_POINT('',(0.61394108,0.15464105));
#801 = CARTESIAN_POINT('',(0.41646104,0.1511841));
#802 = CARTESIAN_POINT('',(0.21285258,0.14799438));
#803 = CARTESIAN_POINT('',(-1.665334536938E-16,0.14538809));
#804 = ( GEOMETRIC_REPRESENTATION_CONTEXT(2) 
PARAMETRIC_REPRESENTATION_CONTEXT() REPRESENTATION_CONTEXT('2D SPACE',''
  ) );
#805 = ORIENTED_EDGE('',*,*,#806,.T.);
#806 = EDGE_CURVE('',#711,#807,#809,.T.);
#807 = VERTEX_POINT('',#808);
#808 = CARTESIAN_POINT('',(32.272874,73.419288,6.3451656));
#809 = SURFACE_CURVE('',#810,(#818,#828),.PCURVE_S1.);
#810 = B_SPLINE_CURVE_WITH_KNOTS('',6,(#811,#812,#813,#814,#815,#816,
    #817),.UNSPECIFIED.,.F.,.F.,(7,7),(0.,1.),.PIECEWISE_BEZIER_KNOTS.);
#811 = CARTESIAN_POINT('',(29.575257,77.951509,2.1598283));
#812 = CARTESIAN_POINT('',(30.118996,77.389519,2.9857123));
#813 = CARTESIAN_POINT('',(30.648585,76.785451,3.7928587));
#814 = CARTESIAN_POINT('',(31.150309,76.113072,4.5648994));
#815 = CARTESIAN_POINT('',(31.608002,75.325794,5.2813895));
#816 = CARTESIAN_POINT('',(31.983306,74.415094,5.878163));
#817 = CARTESIAN_POINT('',(32.272874,73.419288,6.3451656));
#818 = PCURVE('',#92,#819);
#819 = DEFINITIONAL_REPRESENTATION('',(#820),#827);
#820 = B_SPLINE_CURVE_WITH_KNOTS('',5,(#821,#822,#823,#824,#825,#826),
  .UNSPECIFIED.,.F.,.F.,(6,6),(0.,1.),.PIECEWISE_BEZIER_KNOTS.);
#821 = CARTESIAN_POINT('',(0.28919534,0.25233806));
#822 = CARTESIAN_POINT('',(0.31877914,0.23287167));
#823 = CARTESIAN_POINT('',(0.35108058,0.21469374));
#824 = CARTESIAN_POINT('',(0.38859205,0.19862951));
#825 = CARTESIAN_POINT('',(0.43501193,0.18794474));
#826 = CARTESIAN_POINT('',(0.4866359,0.18278935));
#827 = ( GEOMETRIC_REPRESENTATION_CONTEXT(2) 
PARAMETRIC_REPRESENTATION_CONTEXT() REPRESENTATION_CONTEXT('2D SPACE',''
  ) );
#828 = PCURVE('',#829,#893);
#829 = B_SPLINE_SURFACE_WITH_KNOTS('',8,6,(
    (#830,#831,#832,#833,#834,#835,#836)
    ,(#837,#838,#839,#840,#841,#842,#843)
    ,(#844,#845,#846,#847,#848,#849,#850)
    ,(#851,#852,#853,#854,#855,#856,#857)
    ,(#858,#859,#860,#861,#862,#863,#864)
    ,(#865,#866,#867,#868,#869,#870,#871)
    ,(#872,#873,#874,#875,#876,#877,#878)
    ,(#879,#880,#881,#882,#883,#884,#885)
    ,(#886,#887,#888,#889,#890,#891,#892
    )),.UNSPECIFIED.,.F.,.F.,.F.,(9,9),(7,7),(0.,1.),(0.,1.),
  .PIECEWISE_BEZIER_KNOTS.);
#830 = CARTESIAN_POINT('',(36.964057,73.419288,3.385153));
#831 = CARTESIAN_POINT('',(31.528868,73.419288,7.1484959));
#832 = CARTESIAN_POINT('',(25.6339,73.419288,10.247805));
#833 = CARTESIAN_POINT('',(19.380552,73.419288,12.612868));
#834 = CARTESIAN_POINT('',(12.884584,73.419288,14.194099));
#835 = CARTESIAN_POINT('',(6.2695283,73.419288,14.967016));
#836 = CARTESIAN_POINT('',(-0.34128269,73.419288,14.932269));
#837 = CARTESIAN_POINT('',(36.717514,74.157132,3.0609432));
#838 = CARTESIAN_POINT('',(31.315333,74.157132,6.7991853));
#839 = CARTESIAN_POINT('',(25.456439,74.157132,9.8774265));
#840 = CARTESIAN_POINT('',(19.241617,74.157132,12.225922));
#841 = CARTESIAN_POINT('',(12.785914,74.157132,13.79543));
#842 = CARTESIAN_POINT('',(6.2120948,74.157132,14.561656));
#843 = CARTESIAN_POINT('',(-0.35728032,74.157132,14.525281));
#844 = CARTESIAN_POINT('',(36.431618,74.834257,2.6755526));
#845 = CARTESIAN_POINT('',(31.068674,74.834257,6.3846874));
#846 = CARTESIAN_POINT('',(25.252574,74.834257,9.438615));
#847 = CARTESIAN_POINT('',(19.083368,74.834257,11.768134));
#848 = CARTESIAN_POINT('',(12.675264,74.834257,13.324396));
#849 = CARTESIAN_POINT('',(6.1501177,74.834257,14.083317));
#850 = CARTESIAN_POINT('',(-0.37042123,74.834257,14.045604));
#851 = CARTESIAN_POINT('',(36.109323,75.454492,2.2324714));
#852 = CARTESIAN_POINT('',(30.79149,75.454492,5.9087931));
#853 = CARTESIAN_POINT('',(25.024509,75.454492,8.9354189));
#854 = CARTESIAN_POINT('',(18.90759,75.454492,11.24376));
#855 = CARTESIAN_POINT('',(12.553973,75.454492,12.785408));
#856 = CARTESIAN_POINT('',(6.0844769,75.454492,13.53651));
#857 = CARTESIAN_POINT('',(-0.38028881,75.454492,13.497793));
#858 = CARTESIAN_POINT('',(35.754047,76.023459,1.736041));
#859 = CARTESIAN_POINT('',(30.486755,76.023459,5.3761917));
#860 = CARTESIAN_POINT('',(24.774735,76.023459,8.3728214));
#861 = CARTESIAN_POINT('',(18.716254,76.023459,10.658016));
#862 = CARTESIAN_POINT('',(12.423469,76.023459,12.18385));
#863 = CARTESIAN_POINT('',(6.0160437,76.023459,12.92672));
#864 = CARTESIAN_POINT('',(-0.38657359,76.023459,12.887362));
#865 = CARTESIAN_POINT('',(35.369633,76.548414,1.191435));
#866 = CARTESIAN_POINT('',(30.157789,76.548414,4.7924483));
#867 = CARTESIAN_POINT('',(24.505997,76.548414,7.7567146));
#868 = CARTESIAN_POINT('',(18.511491,76.548414,10.01705));
#869 = CARTESIAN_POINT('',(12.285246,76.548414,11.526049));
#870 = CARTESIAN_POINT('',(5.9456563,76.548414,12.260371));
#871 = CARTESIAN_POINT('',(-0.38909331,76.548414,12.220757));
#872 = CARTESIAN_POINT('',(34.960296,77.038036,0.60459032));
#873 = CARTESIAN_POINT('',(29.808198,77.038036,4.1639285));
#874 = CARTESIAN_POINT('',(24.221245,77.038036,7.0938193));
#875 = CARTESIAN_POINT('',(18.295555,77.038036,9.327856));
#876 = CARTESIAN_POINT('',(12.140828,77.038036,10.819185));
#877 = CARTESIAN_POINT('',(5.8741008,77.038036,11.544738));
#878 = CARTESIAN_POINT('',(-0.38780295,77.038036,11.505255));
#879 = CARTESIAN_POINT('',(34.530534,77.502168,-1.7903758E-02));
#880 = CARTESIAN_POINT('',(29.441814,77.502168,3.4976801));
#881 = CARTESIAN_POINT('',(23.923583,77.502168,6.3915594));
#882 = CARTESIAN_POINT('',(18.070778,77.502168,8.5981439));
#883 = CARTESIAN_POINT('',(11.991751,77.502168,10.071155));
#884 = CARTESIAN_POINT('',(5.8020974,77.502168,10.78781));
#885 = CARTESIAN_POINT('',(-0.38279476,77.502168,10.748837));
#886 = CARTESIAN_POINT('',(34.085053,77.951509,-0.66894805));
#887 = CARTESIAN_POINT('',(29.062615,77.951509,2.8012809));
#888 = CARTESIAN_POINT('',(23.61621,77.951509,5.6579034));
#889 = CARTESIAN_POINT('',(17.839534,77.951509,7.8361753));
#890 = CARTESIAN_POINT('',(11.83953,77.951509,9.2904131));
#891 = CARTESIAN_POINT('',(5.7302933,77.951509,9.9981218));
#892 = CARTESIAN_POINT('',(-0.37428821,77.951509,9.9600152));
#893 = DEFINITIONAL_REPRESENTATION('',(#894),#902);
#894 = B_SPLINE_CURVE_WITH_KNOTS('',6,(#895,#896,#897,#898,#899,#900,
    #901),.UNSPECIFIED.,.F.,.F.,(7,7),(0.,1.),.PIECEWISE_BEZIER_KNOTS.);
#895 = CARTESIAN_POINT('',(1.,0.14538809));
#896 = CARTESIAN_POINT('',(0.84366278,0.14347381));
#897 = CARTESIAN_POINT('',(0.68248774,0.14186375));
#898 = CARTESIAN_POINT('',(0.5161741,0.14065878));
#899 = CARTESIAN_POINT('',(0.34256201,0.13996518));
#900 = CARTESIAN_POINT('',(0.16870199,0.13975254));
#901 = CARTESIAN_POINT('',(-2.498001805407E-16,0.13988655));
#902 = ( GEOMETRIC_REPRESENTATION_CONTEXT(2) 
PARAMETRIC_REPRESENTATION_CONTEXT() REPRESENTATION_CONTEXT('2D SPACE',''
  ) );
#903 = ORIENTED_EDGE('',*,*,#904,.T.);
#904 = EDGE_CURVE('',#807,#905,#907,.T.);
#905 = VERTEX_POINT('',#906);
#906 = CARTESIAN_POINT('',(32.798374,65.735705,7.2346037));
#907 = SURFACE_CURVE('',#908,(#917,#927),.PCURVE_S1.);
#908 = B_SPLINE_CURVE_WITH_KNOTS('',7,(#909,#910,#911,#912,#913,#914,
    #915,#916),.UNSPECIFIED.,.F.,.F.,(8,8),(0.,1.),
  .PIECEWISE_BEZIER_KNOTS.);
#909 = CARTESIAN_POINT('',(32.272874,73.419288,6.3451656));
#910 = CARTESIAN_POINT('',(32.559806,72.432548,6.8079165));
#911 = CARTESIAN_POINT('',(32.764828,71.36367,7.1467381));
#912 = CARTESIAN_POINT('',(32.881871,70.240937,7.3478917));
#913 = CARTESIAN_POINT('',(32.929499,69.110811,7.4365257));
#914 = CARTESIAN_POINT('',(32.925251,67.977857,7.4389849));
#915 = CARTESIAN_POINT('',(32.878685,66.851933,7.3676749));
#916 = CARTESIAN_POINT('',(32.798374,65.735705,7.2346037));
#917 = PCURVE('',#92,#918);
#918 = DEFINITIONAL_REPRESENTATION('',(#919),#926);
#919 = B_SPLINE_CURVE_WITH_KNOTS('',5,(#920,#921,#922,#923,#924,#925),
  .UNSPECIFIED.,.F.,.F.,(6,6),(0.,1.),.PIECEWISE_BEZIER_KNOTS.);
#920 = CARTESIAN_POINT('',(0.4866359,0.18278935));
#921 = CARTESIAN_POINT('',(0.54631553,0.17682949));
#922 = CARTESIAN_POINT('',(0.61333165,0.17833118));
#923 = CARTESIAN_POINT('',(0.68162126,0.18657197));
#924 = CARTESIAN_POINT('',(0.74876999,0.19781547));
#925 = CARTESIAN_POINT('',(0.81481408,0.21162654));
#926 = ( GEOMETRIC_REPRESENTATION_CONTEXT(2) 
PARAMETRIC_REPRESENTATION_CONTEXT() REPRESENTATION_CONTEXT('2D SPACE',''
  ) );
#927 = PCURVE('',#928,#992);
#928 = B_SPLINE_SURFACE_WITH_KNOTS('',8,6,(
    (#929,#930,#931,#932,#933,#934,#935)
    ,(#936,#937,#938,#939,#940,#941,#942)
    ,(#943,#944,#945,#946,#947,#948,#949)
    ,(#950,#951,#952,#953,#954,#955,#956)
    ,(#957,#958,#959,#960,#961,#962,#963)
    ,(#964,#965,#966,#967,#968,#969,#970)
    ,(#971,#972,#973,#974,#975,#976,#977)
    ,(#978,#979,#980,#981,#982,#983,#984)
    ,(#985,#986,#987,#988,#989,#990,#991
    )),.UNSPECIFIED.,.F.,.F.,.F.,(9,9),(7,7),(0.,1.),(0.,1.),
  .PIECEWISE_BEZIER_KNOTS.);
#929 = CARTESIAN_POINT('',(37.70321,65.735705,4.1294855));
#930 = CARTESIAN_POINT('',(32.192239,65.735705,7.9680822));
#931 = CARTESIAN_POINT('',(26.212296,65.735705,11.133387));
#932 = CARTESIAN_POINT('',(19.866193,65.735705,13.553783));
#933 = CARTESIAN_POINT('',(13.27139,65.735705,15.178567));
#934 = CARTESIAN_POINT('',(6.5533148,65.735705,15.98252));
#935 = CARTESIAN_POINT('',(-0.16273627,65.735705,15.965951));
#936 = CARTESIAN_POINT('',(37.777047,66.91131,4.2774946));
#937 = CARTESIAN_POINT('',(32.251008,66.91131,8.1236087));
#938 = CARTESIAN_POINT('',(26.255077,66.91131,11.29459));
#939 = CARTESIAN_POINT('',(19.892349,66.91131,13.718681));
#940 = CARTESIAN_POINT('',(13.280594,66.91131,15.345096));
#941 = CARTESIAN_POINT('',(6.54556,66.91131,16.148598));
#942 = CARTESIAN_POINT('',(-0.18714671,66.91131,16.129545));
#943 = CARTESIAN_POINT('',(37.801174,68.032771,4.3557257));
#944 = CARTESIAN_POINT('',(32.26717,68.032771,8.2042963));
#945 = CARTESIAN_POINT('',(26.262975,68.032771,11.376761));
#946 = CARTESIAN_POINT('',(19.89183,68.032771,13.801316));
#947 = CARTESIAN_POINT('',(13.271665,68.032771,15.427162));
#948 = CARTESIAN_POINT('',(6.5283854,68.032771,16.229076));
#949 = CARTESIAN_POINT('',(-0.21225459,68.032771,16.207466));
#950 = CARTESIAN_POINT('',(37.776096,69.093749,4.3637664));
#951 = CARTESIAN_POINT('',(32.241274,69.093749,8.2097838));
#952 = CARTESIAN_POINT('',(26.236572,69.093749,11.379595));
#953 = CARTESIAN_POINT('',(19.865247,69.093749,13.801445));
#954 = CARTESIAN_POINT('',(13.245236,69.093749,15.424583));
#955 = CARTESIAN_POINT('',(6.5024371,69.093749,16.22384));
#956 = CARTESIAN_POINT('',(-0.23740897,69.093749,16.199669));
#957 = CARTESIAN_POINT('',(37.702776,70.090085,4.3017977));
#958 = CARTESIAN_POINT('',(32.174263,70.090085,8.1403503));
#959 = CARTESIAN_POINT('',(26.176782,70.090085,11.303467));
#960 = CARTESIAN_POINT('',(19.813473,70.090085,13.719533));
#961 = CARTESIAN_POINT('',(13.202125,70.090085,15.337913));
#962 = CARTESIAN_POINT('',(6.468471,70.090085,16.133519));
#963 = CARTESIAN_POINT('',(-0.26192542,70.090085,16.106853));
#964 = CARTESIAN_POINT('',(37.58268,71.019772,4.1707498));
#965 = CARTESIAN_POINT('',(32.067509,71.019772,7.9970753));
#966 = CARTESIAN_POINT('',(26.084864,71.019772,11.149595));
#967 = CARTESIAN_POINT('',(19.737636,71.019772,13.556923));
#968 = CARTESIAN_POINT('',(13.143318,71.019772,15.168599));
#969 = CARTESIAN_POINT('',(6.4273177,71.019772,15.95965));
#970 = CARTESIAN_POINT('',(-0.28513626,71.019772,15.93062));
#971 = CARTESIAN_POINT('',(37.417793,71.882881,3.9723918));
#972 = CARTESIAN_POINT('',(31.922816,71.882881,7.78193));
#973 = CARTESIAN_POINT('',(25.962417,71.882881,10.92013));
#974 = CARTESIAN_POINT('',(19.63911,71.882881,13.315918));
#975 = CARTESIAN_POINT('',(13.069946,71.882881,14.919072));
#976 = CARTESIAN_POINT('',(6.3798517,71.882881,15.704757));
#977 = CARTESIAN_POINT('',(-0.30643072,71.882881,15.673559));
#978 = CARTESIAN_POINT('',(37.210601,72.681443,3.7093628));
#979 = CARTESIAN_POINT('',(31.742404,72.681443,7.4978065));
#980 = CARTESIAN_POINT('',(25.811361,72.681443,10.618184));
#981 = CARTESIAN_POINT('',(19.519487,72.681443,12.999814));
#982 = CARTESIAN_POINT('',(12.983255,72.681443,14.592768));
#983 = CARTESIAN_POINT('',(6.3269619,72.681443,15.372376));
#984 = CARTESIAN_POINT('',(-0.32528507,72.681443,15.339258));
#985 = CARTESIAN_POINT('',(36.964057,73.419288,3.385153));
#986 = CARTESIAN_POINT('',(31.528868,73.419288,7.1484959));
#987 = CARTESIAN_POINT('',(25.6339,73.419288,10.247805));
#988 = CARTESIAN_POINT('',(19.380552,73.419288,12.612868));
#989 = CARTESIAN_POINT('',(12.884584,73.419288,14.194099));
#990 = CARTESIAN_POINT('',(6.2695283,73.419288,14.967016));
#991 = CARTESIAN_POINT('',(-0.34128269,73.419288,14.932269));
#992 = DEFINITIONAL_REPRESENTATION('',(#993),#1001);
#993 = B_SPLINE_CURVE_WITH_KNOTS('',6,(#994,#995,#996,#997,#998,#999,
    #1000),.UNSPECIFIED.,.F.,.F.,(7,7),(0.,1.),
  .PIECEWISE_BEZIER_KNOTS.);
#994 = CARTESIAN_POINT('',(1.,0.13988655));
#995 = CARTESIAN_POINT('',(0.80497294,0.14004147));
#996 = CARTESIAN_POINT('',(0.61658808,0.14066482));
#997 = CARTESIAN_POINT('',(0.444017,0.14154978));
#998 = CARTESIAN_POINT('',(0.2858928,0.14246453));
#999 = CARTESIAN_POINT('',(0.13846769,0.1433446));
#1000 = CARTESIAN_POINT('',(-3.330669073875E-16,0.1441064));
#1001 = ( GEOMETRIC_REPRESENTATION_CONTEXT(2) 
PARAMETRIC_REPRESENTATION_CONTEXT() REPRESENTATION_CONTEXT('2D SPACE',''
  ) );
#1002 = ORIENTED_EDGE('',*,*,#1003,.T.);
#1003 = EDGE_CURVE('',#905,#22,#1004,.T.);
#1004 = SURFACE_CURVE('',#1005,(#1017,#1030),.PCURVE_S1.);
#1005 = B_SPLINE_CURVE_WITH_KNOTS('',10,(#1006,#1007,#1008,#1009,#1010,
    #1011,#1012,#1013,#1014,#1015,#1016),.UNSPECIFIED.,.F.,.F.,(11,11),(
    0.,1.),.PIECEWISE_BEZIER_KNOTS.);
#1006 = CARTESIAN_POINT('',(32.798374,65.735705,7.2346037));
#1007 = CARTESIAN_POINT('',(32.767043,65.300228,7.1826898));
#1008 = CARTESIAN_POINT('',(32.730889,64.865998,7.1219199));
#1009 = CARTESIAN_POINT('',(32.690367,64.434134,7.0529945));
#1010 = CARTESIAN_POINT('',(32.640484,64.005042,6.9677499));
#1011 = CARTESIAN_POINT('',(32.660615,63.548895,6.991322));
#1012 = CARTESIAN_POINT('',(32.642893,63.121717,6.9550512));
#1013 = CARTESIAN_POINT('',(32.659824,62.6756,6.9722195));
#1014 = CARTESIAN_POINT('',(32.667104,62.238232,6.9736917));
#1015 = CARTESIAN_POINT('',(32.67658,61.798215,6.9778042));
#1016 = CARTESIAN_POINT('',(32.680299,61.358593,6.971876));
#1017 = PCURVE('',#92,#1018);
#1018 = DEFINITIONAL_REPRESENTATION('',(#1019),#1029);
#1019 = B_SPLINE_CURVE_WITH_KNOTS('',8,(#1020,#1021,#1022,#1023,#1024,
    #1025,#1026,#1027,#1028),.UNSPECIFIED.,.F.,.F.,(9,9),(0.,1.),
  .PIECEWISE_BEZIER_KNOTS.);
#1020 = CARTESIAN_POINT('',(0.81481408,0.21162654));
#1021 = CARTESIAN_POINT('',(0.83781939,0.21643734));
#1022 = CARTESIAN_POINT('',(0.86075215,0.2214202));
#1023 = CARTESIAN_POINT('',(0.88302933,0.22742378));
#1024 = CARTESIAN_POINT('',(0.90710012,0.23069753));
#1025 = CARTESIAN_POINT('',(0.93002958,0.23412082));
#1026 = CARTESIAN_POINT('',(0.95344149,0.23715633));
#1027 = CARTESIAN_POINT('',(0.9767335,0.24016625));
#1028 = CARTESIAN_POINT('',(1.,0.24349019));
#1029 = ( GEOMETRIC_REPRESENTATION_CONTEXT(2) 
PARAMETRIC_REPRESENTATION_CONTEXT() REPRESENTATION_CONTEXT('2D SPACE',''
  ) );
#1030 = PCURVE('',#180,#1031);
#1031 = DEFINITIONAL_REPRESENTATION('',(#1032),#1044);
#1032 = B_SPLINE_CURVE_WITH_KNOTS('',10,(#1033,#1034,#1035,#1036,#1037,
    #1038,#1039,#1040,#1041,#1042,#1043),.UNSPECIFIED.,.F.,.F.,(11,11),(
    0.,1.),.PIECEWISE_BEZIER_KNOTS.);
#1033 = CARTESIAN_POINT('',(1.,0.1441064));
#1034 = CARTESIAN_POINT('',(0.9536966,0.1443611));
#1035 = CARTESIAN_POINT('',(0.90835007,0.14459924));
#1036 = CARTESIAN_POINT('',(0.86369684,0.14483814));
#1037 = CARTESIAN_POINT('',(0.81962482,0.14513893));
#1038 = CARTESIAN_POINT('',(0.79137158,0.14342547));
#1039 = CARTESIAN_POINT('',(0.75617245,0.14277615));
#1040 = CARTESIAN_POINT('',(0.72903781,0.14106522));
#1041 = CARTESIAN_POINT('',(0.70040258,0.13960572));
#1042 = CARTESIAN_POINT('',(0.67272778,0.13802072));
#1043 = CARTESIAN_POINT('',(0.64434063,0.13652437));
#1044 = ( GEOMETRIC_REPRESENTATION_CONTEXT(2) 
PARAMETRIC_REPRESENTATION_CONTEXT() REPRESENTATION_CONTEXT('2D SPACE',''
  ) );
#1045 = ADVANCED_FACE('',(#1046),#180,.T.);
#1046 = FACE_BOUND('',#1047,.T.);
#1047 = EDGE_LOOP('',(#1048,#1073,#1097,#1125,#1126,#1127));
#1048 = ORIENTED_EDGE('',*,*,#1049,.F.);
#1049 = EDGE_CURVE('',#1050,#905,#1052,.T.);
#1050 = VERTEX_POINT('',#1051);
#1051 = CARTESIAN_POINT('',(-0.16273627,65.735705,15.965951));
#1052 = SURFACE_CURVE('',#1053,(#1061,#1067),.PCURVE_S1.);
#1053 = B_SPLINE_CURVE_WITH_KNOTS('',6,(#1054,#1055,#1056,#1057,#1058,
    #1059,#1060),.UNSPECIFIED.,.F.,.F.,(7,7),(0.,1.),
  .PIECEWISE_BEZIER_KNOTS.);
#1054 = CARTESIAN_POINT('',(-0.16273627,65.735705,15.965951));
#1055 = CARTESIAN_POINT('',(5.5854889,65.735705,15.980132));
#1056 = CARTESIAN_POINT('',(11.335197,65.735705,15.393237));
#1057 = CARTESIAN_POINT('',(17.007828,65.735705,14.205071));
#1058 = CARTESIAN_POINT('',(22.524753,65.735705,12.429141));
#1059 = CARTESIAN_POINT('',(27.810992,65.735705,10.09263));
#1060 = CARTESIAN_POINT('',(32.798374,65.735705,7.2346037));
#1061 = PCURVE('',#180,#1062);
#1062 = DEFINITIONAL_REPRESENTATION('',(#1063),#1066);
#1063 = B_SPLINE_CURVE_WITH_KNOTS('',1,(#1064,#1065),.UNSPECIFIED.,.F.,
  .F.,(2,2),(0.,1.),.PIECEWISE_BEZIER_KNOTS.);
#1064 = CARTESIAN_POINT('',(1.,1.));
#1065 = CARTESIAN_POINT('',(1.,0.1441064));
#1066 = ( GEOMETRIC_REPRESENTATION_CONTEXT(2) 
PARAMETRIC_REPRESENTATION_CONTEXT() REPRESENTATION_CONTEXT('2D SPACE',''
  ) );
#1067 = PCURVE('',#928,#1068);
#1068 = DEFINITIONAL_REPRESENTATION('',(#1069),#1072);
#1069 = B_SPLINE_CURVE_WITH_KNOTS('',1,(#1070,#1071),.UNSPECIFIED.,.F.,
  .F.,(2,2),(0.,1.),.PIECEWISE_BEZIER_KNOTS.);
#1070 = CARTESIAN_POINT('',(0.,1.));
#1071 = CARTESIAN_POINT('',(0.,0.1441064));
#1072 = ( GEOMETRIC_REPRESENTATION_CONTEXT(2) 
PARAMETRIC_REPRESENTATION_CONTEXT() REPRESENTATION_CONTEXT('2D SPACE',''
  ) );
#1073 = ORIENTED_EDGE('',*,*,#1074,.F.);
#1074 = EDGE_CURVE('',#1075,#1050,#1077,.T.);
#1075 = VERTEX_POINT('',#1076);
#1076 = CARTESIAN_POINT('',(-1.7997329E-02,55.322583,12.302704));
#1077 = SURFACE_CURVE('',#1078,(#1091),.PCURVE_S1.);
#1078 = B_SPLINE_CURVE_WITH_KNOTS('',11,(#1079,#1080,#1081,#1082,#1083,
    #1084,#1085,#1086,#1087,#1088,#1089,#1090),.UNSPECIFIED.,.F.,.F.,(12
    ,12),(0.,1.),.PIECEWISE_BEZIER_KNOTS.);
#1079 = CARTESIAN_POINT('',(-1.7997329E-02,55.322583,12.302704));
#1080 = CARTESIAN_POINT('',(-2.4541813E-02,56.300971,12.84314));
#1081 = CARTESIAN_POINT('',(-3.2586074E-02,57.287698,13.343664));
#1082 = CARTESIAN_POINT('',(-4.217051E-02,58.276993,13.803778));
#1083 = CARTESIAN_POINT('',(-5.3273029E-02,59.263506,14.222909));
#1084 = CARTESIAN_POINT('',(-6.5818787E-02,60.242321,14.600462));
#1085 = CARTESIAN_POINT('',(-7.9689316E-02,61.208972,14.935859));
#1086 = CARTESIAN_POINT('',(-9.4731051E-02,62.15945,15.22858));
#1087 = CARTESIAN_POINT('',(-0.11076324,63.09021,15.478193));
#1088 = CARTESIAN_POINT('',(-0.12758524,63.998171,15.684383));
#1089 = CARTESIAN_POINT('',(-0.14498322,64.88072,15.846974));
#1090 = CARTESIAN_POINT('',(-0.16273627,65.735705,15.965951));
#1091 = PCURVE('',#180,#1092);
#1092 = DEFINITIONAL_REPRESENTATION('',(#1093),#1096);
#1093 = B_SPLINE_CURVE_WITH_KNOTS('',1,(#1094,#1095),.UNSPECIFIED.,.F.,
  .F.,(2,2),(0.,1.),.PIECEWISE_BEZIER_KNOTS.);
#1094 = CARTESIAN_POINT('',(0.,1.));
#1095 = CARTESIAN_POINT('',(1.,1.));
#1096 = ( GEOMETRIC_REPRESENTATION_CONTEXT(2) 
PARAMETRIC_REPRESENTATION_CONTEXT() REPRESENTATION_CONTEXT('2D SPACE',''
  ) );
#1097 = ORIENTED_EDGE('',*,*,#1098,.F.);
#1098 = EDGE_CURVE('',#341,#1075,#1099,.T.);
#1099 = SURFACE_CURVE('',#1100,(#1113,#1119),.PCURVE_S1.);
#1100 = B_SPLINE_CURVE_WITH_KNOTS('',11,(#1101,#1102,#1103,#1104,#1105,
    #1106,#1107,#1108,#1109,#1110,#1111,#1112),.UNSPECIFIED.,.F.,.F.,(12
    ,12),(0.,1.),.PIECEWISE_BEZIER_KNOTS.);
#1101 = CARTESIAN_POINT('',(31.050318,55.322583,4.0139333));
#1102 = CARTESIAN_POINT('',(28.487032,55.322583,5.4874575));
#1103 = CARTESIAN_POINT('',(25.846825,55.322583,6.8271741));
#1104 = CARTESIAN_POINT('',(23.13746,55.322583,8.0286215));
#1105 = CARTESIAN_POINT('',(20.366988,55.322583,9.0878444));
#1106 = CARTESIAN_POINT('',(17.543715,55.322583,10.001416));
#1107 = CARTESIAN_POINT('',(14.67616,55.322583,10.766456));
#1108 = CARTESIAN_POINT('',(11.773014,55.322583,11.380646));
#1109 = CARTESIAN_POINT('',(8.843098,55.322583,11.842239));
#1110 = CARTESIAN_POINT('',(5.8953225,55.322583,12.150071));
#1111 = CARTESIAN_POINT('',(2.9386403,55.322583,12.303558));
#1112 = CARTESIAN_POINT('',(-1.7997329E-02,55.322583,12.302704));
#1113 = PCURVE('',#180,#1114);
#1114 = DEFINITIONAL_REPRESENTATION('',(#1115),#1118);
#1115 = B_SPLINE_CURVE_WITH_KNOTS('',1,(#1116,#1117),.UNSPECIFIED.,.F.,
  .F.,(2,2),(0.,1.),.PIECEWISE_BEZIER_KNOTS.);
#1116 = CARTESIAN_POINT('',(0.,0.14544803));
#1117 = CARTESIAN_POINT('',(0.,1.));
#1118 = ( GEOMETRIC_REPRESENTATION_CONTEXT(2) 
PARAMETRIC_REPRESENTATION_CONTEXT() REPRESENTATION_CONTEXT('2D SPACE',''
  ) );
#1119 = PCURVE('',#403,#1120);
#1120 = DEFINITIONAL_REPRESENTATION('',(#1121),#1124);
#1121 = B_SPLINE_CURVE_WITH_KNOTS('',1,(#1122,#1123),.UNSPECIFIED.,.F.,
  .F.,(2,2),(0.,1.),.PIECEWISE_BEZIER_KNOTS.);
#1122 = CARTESIAN_POINT('',(1.,0.14544803));
#1123 = CARTESIAN_POINT('',(1.,1.));
#1124 = ( GEOMETRIC_REPRESENTATION_CONTEXT(2) 
PARAMETRIC_REPRESENTATION_CONTEXT() REPRESENTATION_CONTEXT('2D SPACE',''
  ) );
#1125 = ORIENTED_EDGE('',*,*,#340,.T.);
#1126 = ORIENTED_EDGE('',*,*,#148,.T.);
#1127 = ORIENTED_EDGE('',*,*,#1003,.F.);
#1128 = ADVANCED_FACE('',(#1129),#403,.T.);
#1129 = FACE_BOUND('',#1130,.T.);
#1130 = EDGE_LOOP('',(#1131,#1152,#1169,#1170));
#1131 = ORIENTED_EDGE('',*,*,#1132,.T.);
#1132 = EDGE_CURVE('',#1075,#1133,#1135,.T.);
#1133 = VERTEX_POINT('',#1134);
#1134 = CARTESIAN_POINT('',(3.411780948905E-13,48.659876,7.3803727));
#1135 = SURFACE_CURVE('',#1136,(#1146),.PCURVE_S1.);
#1136 = B_SPLINE_CURVE_WITH_KNOTS('',8,(#1137,#1138,#1139,#1140,#1141,
    #1142,#1143,#1144,#1145),.UNSPECIFIED.,.F.,.F.,(9,9),(0.,1.),
  .PIECEWISE_BEZIER_KNOTS.);
#1137 = CARTESIAN_POINT('',(-1.7997329E-02,55.322583,12.302704));
#1138 = CARTESIAN_POINT('',(-1.199822E-02,54.425727,11.807304));
#1139 = CARTESIAN_POINT('',(-7.3084394E-03,53.53615,11.27706));
#1140 = CARTESIAN_POINT('',(-3.8927204E-03,52.658892,10.712409));
#1141 = CARTESIAN_POINT('',(-1.6576024E-03,51.799379,10.113717));
#1142 = CARTESIAN_POINT('',(-4.4085169E-04,50.963413,9.4812324));
#1143 = CARTESIAN_POINT('',(3.040194E-13,50.157145,8.8150227));
#1144 = CARTESIAN_POINT('',(3.2208622E-13,49.387047,8.1149056));
#1145 = CARTESIAN_POINT('',(3.4118118E-13,48.659876,7.3803727));
#1146 = PCURVE('',#403,#1147);
#1147 = DEFINITIONAL_REPRESENTATION('',(#1148),#1151);
#1148 = B_SPLINE_CURVE_WITH_KNOTS('',1,(#1149,#1150),.UNSPECIFIED.,.F.,
  .F.,(2,2),(0.,1.),.PIECEWISE_BEZIER_KNOTS.);
#1149 = CARTESIAN_POINT('',(1.,1.));
#1150 = CARTESIAN_POINT('',(0.,1.));
#1151 = ( GEOMETRIC_REPRESENTATION_CONTEXT(2) 
PARAMETRIC_REPRESENTATION_CONTEXT() REPRESENTATION_CONTEXT('2D SPACE',''
  ) );
#1152 = ORIENTED_EDGE('',*,*,#1153,.T.);
#1153 = EDGE_CURVE('',#1133,#383,#1154,.T.);
#1154 = SURFACE_CURVE('',#1155,(#1163),.PCURVE_S1.);
#1155 = B_SPLINE_CURVE_WITH_KNOTS('',6,(#1156,#1157,#1158,#1159,#1160,
    #1161,#1162),.UNSPECIFIED.,.F.,.F.,(7,7),(0.,1.),
  .PIECEWISE_BEZIER_KNOTS.);
#1156 = CARTESIAN_POINT('',(3.411801E-13,48.659876,7.3803727));
#1157 = CARTESIAN_POINT('',(5.0056665,48.659876,7.3803727));
#1158 = CARTESIAN_POINT('',(10.011333,48.659876,6.8563601));
#1159 = CARTESIAN_POINT('',(14.948435,48.659876,5.8083333));
#1160 = CARTESIAN_POINT('',(19.748378,48.659876,4.2482628));
#1161 = CARTESIAN_POINT('',(24.345787,48.659876,2.2000623));
#1162 = CARTESIAN_POINT('',(28.681271,48.659876,-0.30199338));
#1163 = PCURVE('',#403,#1164);
#1164 = DEFINITIONAL_REPRESENTATION('',(#1165),#1168);
#1165 = B_SPLINE_CURVE_WITH_KNOTS('',1,(#1166,#1167),.UNSPECIFIED.,.F.,
  .F.,(2,2),(0.,1.),.PIECEWISE_BEZIER_KNOTS.);
#1166 = CARTESIAN_POINT('',(0.,1.));
#1167 = CARTESIAN_POINT('',(0.,0.14315082));
#1168 = ( GEOMETRIC_REPRESENTATION_CONTEXT(2) 
PARAMETRIC_REPRESENTATION_CONTEXT() REPRESENTATION_CONTEXT('2D SPACE',''
  ) );
#1169 = ORIENTED_EDGE('',*,*,#382,.F.);
#1170 = ORIENTED_EDGE('',*,*,#1098,.T.);
#1171 = ADVANCED_FACE('',(#1172),#561,.T.);
#1172 = FACE_BOUND('',#1173,.T.);
#1173 = EDGE_LOOP('',(#1174,#1196,#1221,#1319,#1347));
#1174 = ORIENTED_EDGE('',*,*,#1175,.T.);
#1175 = EDGE_CURVE('',#521,#1176,#1178,.T.);
#1176 = VERTEX_POINT('',#1177);
#1177 = CARTESIAN_POINT('',(13.665694,100.75437,-26.261248));
#1178 = SURFACE_CURVE('',#1179,(#1186),.PCURVE_S1.);
#1179 = B_SPLINE_CURVE_WITH_KNOTS('',5,(#1180,#1181,#1182,#1183,#1184,
    #1185),.UNSPECIFIED.,.F.,.F.,(6,6),(0.,1.),
  .PIECEWISE_BEZIER_KNOTS.);
#1180 = CARTESIAN_POINT('',(15.861786,84.853707,-21.823816));
#1181 = CARTESIAN_POINT('',(15.425437,88.033827,-22.711299));
#1182 = CARTESIAN_POINT('',(15.005484,91.213984,-23.598792));
#1183 = CARTESIAN_POINT('',(14.585665,94.394107,-24.486276));
#1184 = CARTESIAN_POINT('',(14.139118,97.574228,-25.373759));
#1185 = CARTESIAN_POINT('',(13.665694,100.75437,-26.261248));
#1186 = PCURVE('',#561,#1187);
#1187 = DEFINITIONAL_REPRESENTATION('',(#1188),#1195);
#1188 = B_SPLINE_CURVE_WITH_KNOTS('',5,(#1189,#1190,#1191,#1192,#1193,
    #1194),.UNSPECIFIED.,.F.,.F.,(6,6),(0.,1.),
  .PIECEWISE_BEZIER_KNOTS.);
#1189 = CARTESIAN_POINT('',(1.,0.75915799));
#1190 = CARTESIAN_POINT('',(0.87046078,0.76291623));
#1191 = CARTESIAN_POINT('',(0.74111619,0.76648033));
#1192 = CARTESIAN_POINT('',(0.61185994,0.77011924));
#1193 = CARTESIAN_POINT('',(0.48257468,0.77433449));
#1194 = CARTESIAN_POINT('',(0.35329945,0.77916512));
#1195 = ( GEOMETRIC_REPRESENTATION_CONTEXT(2) 
PARAMETRIC_REPRESENTATION_CONTEXT() REPRESENTATION_CONTEXT('2D SPACE',''
  ) );
#1196 = ORIENTED_EDGE('',*,*,#1197,.T.);
#1197 = EDGE_CURVE('',#1176,#1198,#1200,.T.);
#1198 = VERTEX_POINT('',#1199);
#1199 = CARTESIAN_POINT('',(22.948408,100.51025,-10.089394));
#1200 = SURFACE_CURVE('',#1201,(#1215),.PCURVE_S1.);
#1201 = B_SPLINE_CURVE_WITH_KNOTS('',12,(#1202,#1203,#1204,#1205,#1206,
    #1207,#1208,#1209,#1210,#1211,#1212,#1213,#1214),.UNSPECIFIED.,.F.,
  .F.,(13,13),(0.,1.),.PIECEWISE_BEZIER_KNOTS.);
#1202 = CARTESIAN_POINT('',(13.665694,100.75437,-26.261248));
#1203 = CARTESIAN_POINT('',(14.435807,100.7339,-24.906124));
#1204 = CARTESIAN_POINT('',(15.205197,100.71311,-23.550421));
#1205 = CARTESIAN_POINT('',(15.974353,100.69211,-22.19484));
#1206 = CARTESIAN_POINT('',(16.743824,100.67105,-20.840168));
#1207 = CARTESIAN_POINT('',(17.514133,100.65007,-19.487158));
#1208 = CARTESIAN_POINT('',(18.285713,100.62928,-18.136432));
#1209 = CARTESIAN_POINT('',(19.058869,100.60876,-16.788427));
#1210 = CARTESIAN_POINT('',(19.833751,100.58855,-15.443358));
#1211 = CARTESIAN_POINT('',(20.610353,100.56865,-14.101219));
#1212 = CARTESIAN_POINT('',(21.388526,100.54902,-12.761793));
#1213 = CARTESIAN_POINT('',(22.167996,100.52958,-11.424689));
#1214 = CARTESIAN_POINT('',(22.948408,100.51025,-10.089394));
#1215 = PCURVE('',#561,#1216);
#1216 = DEFINITIONAL_REPRESENTATION('',(#1217),#1220);
#1217 = B_SPLINE_CURVE_WITH_KNOTS('',1,(#1218,#1219),.UNSPECIFIED.,.F.,
  .F.,(2,2),(0.,1.),.PIECEWISE_BEZIER_KNOTS.);
#1218 = CARTESIAN_POINT('',(0.35329945,0.77916512));
#1219 = CARTESIAN_POINT('',(0.33823594,0.38880049));
#1220 = ( GEOMETRIC_REPRESENTATION_CONTEXT(2) 
PARAMETRIC_REPRESENTATION_CONTEXT() REPRESENTATION_CONTEXT('2D SPACE',''
  ) );
#1221 = ORIENTED_EDGE('',*,*,#1222,.T.);
#1222 = EDGE_CURVE('',#1198,#1223,#1225,.T.);
#1223 = VERTEX_POINT('',#1224);
#1224 = CARTESIAN_POINT('',(23.313508,88.569825,-8.2989765));
#1225 = SURFACE_CURVE('',#1226,(#1234,#1244),.PCURVE_S1.);
#1226 = B_SPLINE_CURVE_WITH_KNOTS('',6,(#1227,#1228,#1229,#1230,#1231,
    #1232,#1233),.UNSPECIFIED.,.F.,.F.,(7,7),(0.,1.),
  .PIECEWISE_BEZIER_KNOTS.);
#1227 = CARTESIAN_POINT('',(22.948408,100.51025,-10.089394));
#1228 = CARTESIAN_POINT('',(22.860239,98.483809,-10.129046));
#1229 = CARTESIAN_POINT('',(22.804777,96.45366,-10.059477));
#1230 = CARTESIAN_POINT('',(22.791751,94.428013,-9.8651875));
#1231 = CARTESIAN_POINT('',(22.843392,92.415883,-9.5355788));
#1232 = CARTESIAN_POINT('',(23.004985,90.439449,-9.0236396));
#1233 = CARTESIAN_POINT('',(23.313508,88.569825,-8.2989765));
#1234 = PCURVE('',#561,#1235);
#1235 = DEFINITIONAL_REPRESENTATION('',(#1236),#1243);
#1236 = B_SPLINE_CURVE_WITH_KNOTS('',5,(#1237,#1238,#1239,#1240,#1241,
    #1242),.UNSPECIFIED.,.F.,.F.,(6,6),(0.,1.),
  .PIECEWISE_BEZIER_KNOTS.);
#1237 = CARTESIAN_POINT('',(0.33823595,0.38880049));
#1238 = CARTESIAN_POINT('',(0.44150472,0.40678239));
#1239 = CARTESIAN_POINT('',(0.54412717,0.42122412));
#1240 = CARTESIAN_POINT('',(0.6454063,0.43165987));
#1241 = CARTESIAN_POINT('',(0.74539447,0.43597922));
#1242 = CARTESIAN_POINT('',(0.83878105,0.43130065));
#1243 = ( GEOMETRIC_REPRESENTATION_CONTEXT(2) 
PARAMETRIC_REPRESENTATION_CONTEXT() REPRESENTATION_CONTEXT('2D SPACE',''
  ) );
#1244 = PCURVE('',#1245,#1309);
#1245 = B_SPLINE_SURFACE_WITH_KNOTS('',8,6,(
    (#1246,#1247,#1248,#1249,#1250,#1251,#1252)
    ,(#1253,#1254,#1255,#1256,#1257,#1258,#1259)
    ,(#1260,#1261,#1262,#1263,#1264,#1265,#1266)
    ,(#1267,#1268,#1269,#1270,#1271,#1272,#1273)
    ,(#1274,#1275,#1276,#1277,#1278,#1279,#1280)
    ,(#1281,#1282,#1283,#1284,#1285,#1286,#1287)
    ,(#1288,#1289,#1290,#1291,#1292,#1293,#1294)
    ,(#1295,#1296,#1297,#1298,#1299,#1300,#1301)
    ,(#1302,#1303,#1304,#1305,#1306,#1307,#1308
  )),.UNSPECIFIED.,.F.,.F.,.F.,(9,9),(7,7),(0.,1.),(0.,1.),
  .PIECEWISE_BEZIER_KNOTS.);
#1246 = CARTESIAN_POINT('',(27.360949,88.569825,-10.835303));
#1247 = CARTESIAN_POINT('',(23.373557,88.569825,-8.0496611));
#1248 = CARTESIAN_POINT('',(19.045835,88.569825,-5.7511708));
#1249 = CARTESIAN_POINT('',(14.452171,88.569825,-3.9918041));
#1250 = CARTESIAN_POINT('',(9.6775849,88.569825,-2.8084004));
#1251 = CARTESIAN_POINT('',(4.8128895,88.569825,-2.2193531));
#1252 = CARTESIAN_POINT('',(-5.1169491E-02,88.569825,-2.2245628));
#1253 = CARTESIAN_POINT('',(27.093994,89.734956,-11.244105));
#1254 = CARTESIAN_POINT('',(23.148223,89.734956,-8.4856421));
#1255 = CARTESIAN_POINT('',(18.865441,89.734956,-6.2092459));
#1256 = CARTESIAN_POINT('',(14.319263,89.734956,-4.4663812));
#1257 = CARTESIAN_POINT('',(9.5938253,89.734956,-3.2935385));
#1258 = CARTESIAN_POINT('',(4.7790091,89.734956,-2.7089522));
#1259 = CARTESIAN_POINT('',(-3.5367148E-02,89.734956,-2.712553));
#1260 = CARTESIAN_POINT('',(26.864701,91.000227,-11.594325));
#1261 = CARTESIAN_POINT('',(22.954586,91.000227,-8.8592063));
#1262 = CARTESIAN_POINT('',(18.710313,91.000227,-6.6017984));
#1263 = CARTESIAN_POINT('',(14.204829,91.000227,-4.8731303));
#1264 = CARTESIAN_POINT('',(9.5215192,91.000227,-3.7093922));
#1265 = CARTESIAN_POINT('',(4.749463,91.000227,-3.1286814));
#1266 = CARTESIAN_POINT('',(-2.2315513E-02,91.000227,-3.1309534));
#1267 = CARTESIAN_POINT('',(26.676024,92.367274,-11.881243));
#1268 = CARTESIAN_POINT('',(22.79512,92.367274,-9.1653334));
#1269 = CARTESIAN_POINT('',(18.582406,92.367274,-6.9235659));
#1270 = CARTESIAN_POINT('',(14.110282,92.367274,-5.2066111));
#1271 = CARTESIAN_POINT('',(9.461516,92.367274,-4.0504115));
#1272 = CARTESIAN_POINT('',(4.724531,92.367274,-3.4729507));
#1273 = CARTESIAN_POINT('',(-1.2301002E-02,92.367274,-3.474203));
#1274 = CARTESIAN_POINT('',(26.530402,93.834454,-12.101217));
#1275 = CARTESIAN_POINT('',(22.671894,93.834454,-9.4001335));
#1276 = CARTESIAN_POINT('',(18.483386,93.834454,-7.1704558));
#1277 = CARTESIAN_POINT('',(14.036863,93.834454,-5.462578));
#1278 = CARTESIAN_POINT('',(9.4146168,93.834454,-4.312251));
#1279 = CARTESIAN_POINT('',(4.7045668,93.834454,-3.7373695));
#1280 = CARTESIAN_POINT('',(-5.415863E-03,93.834454,-3.7379209));
#1281 = CARTESIAN_POINT('',(26.429692,95.396069,-12.251895));
#1282 = CARTESIAN_POINT('',(22.586524,95.396069,-9.5610647));
#1283 = CARTESIAN_POINT('',(18.41461,95.396069,-7.3397663));
#1284 = CARTESIAN_POINT('',(13.985646,95.396069,-5.6382021));
#1285 = CARTESIAN_POINT('',(9.3816011,95.396069,-4.4919903));
#1286 = CARTESIAN_POINT('',(4.6900473,95.396069,-3.9189626));
#1287 = CARTESIAN_POINT('',(-1.4878745E-03,95.396069,-3.9191141));
#1288 = CARTESIAN_POINT('',(26.375129,97.041481,-12.332412));
#1289 = CARTESIAN_POINT('',(22.540159,97.041481,-9.6471373));
#1290 = CARTESIAN_POINT('',(18.377121,97.041481,-7.4303924));
#1291 = CARTESIAN_POINT('',(13.95756,97.041481,-5.7322766));
#1292 = CARTESIAN_POINT('',(9.3632678,97.041481,-4.5883355));
#1293 = CARTESIAN_POINT('',(4.6816339,97.041481,-4.016366));
#1294 = CARTESIAN_POINT('',(-7.1054274E-15,97.041481,-4.016366));
#1295 = CARTESIAN_POINT('',(26.367315,98.754106,-12.343571));
#1296 = CARTESIAN_POINT('',(22.533481,98.754106,-9.659092));
#1297 = CARTESIAN_POINT('',(18.371676,98.754106,-7.4430037));
#1298 = CARTESIAN_POINT('',(13.953425,98.754106,-5.7453911));
#1299 = CARTESIAN_POINT('',(9.360494,98.754106,-4.6017888));
#1300 = CARTESIAN_POINT('',(4.680247,98.754106,-4.0299888));
#1301 = CARTESIAN_POINT('',(-5.3290705E-15,98.754106,-4.0299888));
#1302 = CARTESIAN_POINT('',(26.40624,100.51025,-12.287981));
#1303 = CARTESIAN_POINT('',(22.566746,100.51025,-9.5995387));
#1304 = CARTESIAN_POINT('',(18.398798,100.51025,-7.380179));
#1305 = CARTESIAN_POINT('',(13.974023,100.51025,-5.6800602));
#1306 = CARTESIAN_POINT('',(9.3743124,100.51025,-4.5347697));
#1307 = CARTESIAN_POINT('',(4.6871562,100.51025,-3.9621256));
#1308 = CARTESIAN_POINT('',(-7.1054274E-15,100.51025,-3.9621256));
#1309 = DEFINITIONAL_REPRESENTATION('',(#1310),#1318);
#1310 = B_SPLINE_CURVE_WITH_KNOTS('',6,(#1311,#1312,#1313,#1314,#1315,
    #1316,#1317),.UNSPECIFIED.,.F.,.F.,(7,7),(0.,1.),
  .PIECEWISE_BEZIER_KNOTS.);
#1311 = CARTESIAN_POINT('',(1.,0.14575152));
#1312 = CARTESIAN_POINT('',(0.85575705,0.14777111));
#1313 = CARTESIAN_POINT('',(0.7069732,0.15070893));
#1314 = CARTESIAN_POINT('',(0.55036569,0.15447386));
#1315 = CARTESIAN_POINT('',(0.38350663,0.15839148));
#1316 = CARTESIAN_POINT('',(0.20058094,0.1616845));
#1317 = CARTESIAN_POINT('',(-1.110223024625E-16,0.16373383));
#1318 = ( GEOMETRIC_REPRESENTATION_CONTEXT(2) 
PARAMETRIC_REPRESENTATION_CONTEXT() REPRESENTATION_CONTEXT('2D SPACE',''
  ) );
#1319 = ORIENTED_EDGE('',*,*,#1320,.T.);
#1320 = EDGE_CURVE('',#1223,#543,#1321,.T.);
#1321 = SURFACE_CURVE('',#1322,(#1329,#1338),.PCURVE_S1.);
#1322 = B_SPLINE_CURVE_WITH_KNOTS('',5,(#1323,#1324,#1325,#1326,#1327,
    #1328),.UNSPECIFIED.,.F.,.F.,(6,6),(0.,1.),
  .PIECEWISE_BEZIER_KNOTS.);
#1323 = CARTESIAN_POINT('',(23.313508,88.569825,-8.2989765));
#1324 = CARTESIAN_POINT('',(23.450833,87.73765,-7.9764268));
#1325 = CARTESIAN_POINT('',(23.618408,86.927481,-7.6101032));
#1326 = CARTESIAN_POINT('',(23.81984,86.146048,-7.1971161));
#1327 = CARTESIAN_POINT('',(24.057531,85.403031,-6.7368857));
#1328 = CARTESIAN_POINT('',(24.329699,84.703813,-6.2344614));
#1329 = PCURVE('',#561,#1330);
#1330 = DEFINITIONAL_REPRESENTATION('',(#1331),#1337);
#1331 = B_SPLINE_CURVE_WITH_KNOTS('',4,(#1332,#1333,#1334,#1335,#1336),
  .UNSPECIFIED.,.F.,.F.,(5,5),(0.,1.),.PIECEWISE_BEZIER_KNOTS.);
#1332 = CARTESIAN_POINT('',(0.83878105,0.43130065));
#1333 = CARTESIAN_POINT('',(0.88207963,0.42913144));
#1334 = CARTESIAN_POINT('',(0.92388615,0.42492401));
#1335 = CARTESIAN_POINT('',(0.96341399,0.41829978));
#1336 = CARTESIAN_POINT('',(1.,0.40938328));
#1337 = ( GEOMETRIC_REPRESENTATION_CONTEXT(2) 
PARAMETRIC_REPRESENTATION_CONTEXT() REPRESENTATION_CONTEXT('2D SPACE',''
  ) );
#1338 = PCURVE('',#637,#1339);
#1339 = DEFINITIONAL_REPRESENTATION('',(#1340),#1346);
#1340 = B_SPLINE_CURVE_WITH_KNOTS('',4,(#1341,#1342,#1343,#1344,#1345),
  .UNSPECIFIED.,.F.,.F.,(5,5),(0.,1.),.PIECEWISE_BEZIER_KNOTS.);
#1341 = CARTESIAN_POINT('',(1.,0.16373383));
#1342 = CARTESIAN_POINT('',(0.88840113,0.16487398));
#1343 = CARTESIAN_POINT('',(0.77074764,0.16559103));
#1344 = CARTESIAN_POINT('',(0.64661602,0.16571598));
#1345 = CARTESIAN_POINT('',(0.51753822,0.16525193));
#1346 = ( GEOMETRIC_REPRESENTATION_CONTEXT(2) 
PARAMETRIC_REPRESENTATION_CONTEXT() REPRESENTATION_CONTEXT('2D SPACE',''
  ) );
#1347 = ORIENTED_EDGE('',*,*,#542,.F.);
#1348 = ADVANCED_FACE('',(#1349),#637,.T.);
#1349 = FACE_BOUND('',#1350,.T.);
#1350 = EDGE_LOOP('',(#1351,#1374,#1397,#1398,#1399));
#1351 = ORIENTED_EDGE('',*,*,#1352,.T.);
#1352 = EDGE_CURVE('',#1353,#1355,#1357,.T.);
#1353 = VERTEX_POINT('',#1354);
#1354 = CARTESIAN_POINT('',(-5.1169491E-02,88.569825,-2.2245628));
#1355 = VERTEX_POINT('',#1356);
#1356 = CARTESIAN_POINT('',(-0.22863274,81.772047,3.2459989));
#1357 = SURFACE_CURVE('',#1358,(#1368),.PCURVE_S1.);
#1358 = B_SPLINE_CURVE_WITH_KNOTS('',8,(#1359,#1360,#1361,#1362,#1363,
    #1364,#1365,#1366,#1367),.UNSPECIFIED.,.F.,.F.,(9,9),(0.,1.),
  .PIECEWISE_BEZIER_KNOTS.);
#1359 = CARTESIAN_POINT('',(-5.1169491E-02,88.569825,-2.2245628));
#1360 = CARTESIAN_POINT('',(-6.6971833E-02,87.404694,-1.7365725));
#1361 = CARTESIAN_POINT('',(-8.5524884E-02,86.339703,-1.1789924));
#1362 = CARTESIAN_POINT('',(-0.10654223,85.373217,-0.55738338));
#1363 = CARTESIAN_POINT('',(-0.12954328,84.500319,0.12151385));
#1364 = CARTESIAN_POINT('',(-0.15392359,83.713588,0.84998701));
#1365 = CARTESIAN_POINT('',(-0.1790151,83.003769,1.6195811));
#1366 = CARTESIAN_POINT('',(-0.20413638,82.360345,2.421333));
#1367 = CARTESIAN_POINT('',(-0.22863274,81.772047,3.2459989));
#1368 = PCURVE('',#637,#1369);
#1369 = DEFINITIONAL_REPRESENTATION('',(#1370),#1373);
#1370 = B_SPLINE_CURVE_WITH_KNOTS('',1,(#1371,#1372),.UNSPECIFIED.,.F.,
  .F.,(2,2),(0.,1.),.PIECEWISE_BEZIER_KNOTS.);
#1371 = CARTESIAN_POINT('',(1.,1.));
#1372 = CARTESIAN_POINT('',(0.,1.));
#1373 = ( GEOMETRIC_REPRESENTATION_CONTEXT(2) 
PARAMETRIC_REPRESENTATION_CONTEXT() REPRESENTATION_CONTEXT('2D SPACE',''
  ) );
#1374 = ORIENTED_EDGE('',*,*,#1375,.T.);
#1375 = EDGE_CURVE('',#1355,#618,#1376,.T.);
#1376 = SURFACE_CURVE('',#1377,(#1385,#1391),.PCURVE_S1.);
#1377 = B_SPLINE_CURVE_WITH_KNOTS('',6,(#1378,#1379,#1380,#1381,#1382,
    #1383,#1384),.UNSPECIFIED.,.F.,.F.,(7,7),(0.,1.),
  .PIECEWISE_BEZIER_KNOTS.);
#1378 = CARTESIAN_POINT('',(-0.22863274,81.772047,3.2459989));
#1379 = CARTESIAN_POINT('',(4.3223666,81.772047,3.2655404));
#1380 = CARTESIAN_POINT('',(8.8753701,81.772047,2.8183066));
#1381 = CARTESIAN_POINT('',(13.370539,81.772047,1.9040393));
#1382 = CARTESIAN_POINT('',(17.747963,81.772047,0.53271701));
#1383 = CARTESIAN_POINT('',(21.950388,81.772047,-1.2754569));
#1384 = CARTESIAN_POINT('',(25.925539,81.772047,-3.491344));
#1385 = PCURVE('',#637,#1386);
#1386 = DEFINITIONAL_REPRESENTATION('',(#1387),#1390);
#1387 = B_SPLINE_CURVE_WITH_KNOTS('',1,(#1388,#1389),.UNSPECIFIED.,.F.,
  .F.,(2,2),(0.,1.),.PIECEWISE_BEZIER_KNOTS.);
#1388 = CARTESIAN_POINT('',(0.,1.));
#1389 = CARTESIAN_POINT('',(0.,0.16049047));
#1390 = ( GEOMETRIC_REPRESENTATION_CONTEXT(2) 
PARAMETRIC_REPRESENTATION_CONTEXT() REPRESENTATION_CONTEXT('2D SPACE',''
  ) );
#1391 = PCURVE('',#732,#1392);
#1392 = DEFINITIONAL_REPRESENTATION('',(#1393),#1396);
#1393 = B_SPLINE_CURVE_WITH_KNOTS('',1,(#1394,#1395),.UNSPECIFIED.,.F.,
  .F.,(2,2),(0.,1.),.PIECEWISE_BEZIER_KNOTS.);
#1394 = CARTESIAN_POINT('',(1.,1.));
#1395 = CARTESIAN_POINT('',(1.,0.16049047));
#1396 = ( GEOMETRIC_REPRESENTATION_CONTEXT(2) 
PARAMETRIC_REPRESENTATION_CONTEXT() REPRESENTATION_CONTEXT('2D SPACE',''
  ) );
#1397 = ORIENTED_EDGE('',*,*,#617,.F.);
#1398 = ORIENTED_EDGE('',*,*,#1320,.F.);
#1399 = ORIENTED_EDGE('',*,*,#1400,.T.);
#1400 = EDGE_CURVE('',#1223,#1353,#1401,.T.);
#1401 = SURFACE_CURVE('',#1402,(#1410,#1416),.PCURVE_S1.);
#1402 = B_SPLINE_CURVE_WITH_KNOTS('',6,(#1403,#1404,#1405,#1406,#1407,
    #1408,#1409),.UNSPECIFIED.,.F.,.F.,(7,7),(0.,1.),
  .PIECEWISE_BEZIER_KNOTS.);
#1403 = CARTESIAN_POINT('',(23.313508,88.569825,-8.2989764));
#1404 = CARTESIAN_POINT('',(19.763041,88.569825,-6.3140412));
#1405 = CARTESIAN_POINT('',(16.009775,88.569825,-4.6918542));
#1406 = CARTESIAN_POINT('',(12.100039,88.569825,-3.4583159));
#1407 = CARTESIAN_POINT('',(8.0845716,88.569825,-2.6314378));
#1408 = CARTESIAN_POINT('',(4.0164785,88.569825,-2.2202061));
#1409 = CARTESIAN_POINT('',(-5.1169491E-02,88.569825,-2.2245628));
#1410 = PCURVE('',#637,#1411);
#1411 = DEFINITIONAL_REPRESENTATION('',(#1412),#1415);
#1412 = B_SPLINE_CURVE_WITH_KNOTS('',1,(#1413,#1414),.UNSPECIFIED.,.F.,
  .F.,(2,2),(0.,1.),.PIECEWISE_BEZIER_KNOTS.);
#1413 = CARTESIAN_POINT('',(1.,0.16373383));
#1414 = CARTESIAN_POINT('',(1.,1.));
#1415 = ( GEOMETRIC_REPRESENTATION_CONTEXT(2) 
PARAMETRIC_REPRESENTATION_CONTEXT() REPRESENTATION_CONTEXT('2D SPACE',''
  ) );
#1416 = PCURVE('',#1245,#1417);
#1417 = DEFINITIONAL_REPRESENTATION('',(#1418),#1421);
#1418 = B_SPLINE_CURVE_WITH_KNOTS('',1,(#1419,#1420),.UNSPECIFIED.,.F.,
  .F.,(2,2),(0.,1.),.PIECEWISE_BEZIER_KNOTS.);
#1419 = CARTESIAN_POINT('',(0.,0.16373383));
#1420 = CARTESIAN_POINT('',(0.,1.));
#1421 = ( GEOMETRIC_REPRESENTATION_CONTEXT(2) 
PARAMETRIC_REPRESENTATION_CONTEXT() REPRESENTATION_CONTEXT('2D SPACE',''
  ) );
#1422 = ADVANCED_FACE('',(#1423),#732,.T.);
#1423 = FACE_BOUND('',#1424,.T.);
#1424 = EDGE_LOOP('',(#1425,#1446,#1469,#1470));
#1425 = ORIENTED_EDGE('',*,*,#1426,.T.);
#1426 = EDGE_CURVE('',#1355,#1427,#1429,.T.);
#1427 = VERTEX_POINT('',#1428);
#1428 = CARTESIAN_POINT('',(-0.37428821,77.951509,9.9600152));
#1429 = SURFACE_CURVE('',#1430,(#1440),.PCURVE_S1.);
#1430 = B_SPLINE_CURVE_WITH_KNOTS('',8,(#1431,#1432,#1433,#1434,#1435,
    #1436,#1437,#1438,#1439),.UNSPECIFIED.,.F.,.F.,(9,9),(0.,1.),
  .PIECEWISE_BEZIER_KNOTS.);
#1431 = CARTESIAN_POINT('',(-0.22863274,81.772047,3.2459989));
#1432 = CARTESIAN_POINT('',(-0.25312911,81.183749,4.0706647));
#1433 = CARTESIAN_POINT('',(-0.27700056,80.650578,4.9182444));
#1434 = CARTESIAN_POINT('',(-0.29959245,80.161264,5.7794941));
#1435 = CARTESIAN_POINT('',(-0.32027688,79.703783,6.644889));
#1436 = CARTESIAN_POINT('',(-0.33849293,79.265862,7.5048507));
#1437 = CARTESIAN_POINT('',(-0.35377675,78.835402,8.3499675));
#1438 = CARTESIAN_POINT('',(-0.36578166,78.400851,9.1711933));
#1439 = CARTESIAN_POINT('',(-0.37428821,77.951509,9.9600152));
#1440 = PCURVE('',#732,#1441);
#1441 = DEFINITIONAL_REPRESENTATION('',(#1442),#1445);
#1442 = B_SPLINE_CURVE_WITH_KNOTS('',1,(#1443,#1444),.UNSPECIFIED.,.F.,
  .F.,(2,2),(0.,1.),.PIECEWISE_BEZIER_KNOTS.);
#1443 = CARTESIAN_POINT('',(1.,1.));
#1444 = CARTESIAN_POINT('',(0.,1.));
#1445 = ( GEOMETRIC_REPRESENTATION_CONTEXT(2) 
PARAMETRIC_REPRESENTATION_CONTEXT() REPRESENTATION_CONTEXT('2D SPACE',''
  ) );
#1446 = ORIENTED_EDGE('',*,*,#1447,.T.);
#1447 = EDGE_CURVE('',#1427,#711,#1448,.T.);
#1448 = SURFACE_CURVE('',#1449,(#1457,#1463),.PCURVE_S1.);
#1449 = B_SPLINE_CURVE_WITH_KNOTS('',6,(#1450,#1451,#1452,#1453,#1454,
    #1455,#1456),.UNSPECIFIED.,.F.,.F.,(7,7),(0.,1.),
  .PIECEWISE_BEZIER_KNOTS.);
#1450 = CARTESIAN_POINT('',(-0.37428821,77.951509,9.9600152));
#1451 = CARTESIAN_POINT('',(4.8427598,77.951509,9.9925816));
#1452 = CARTESIAN_POINT('',(10.063208,77.951509,9.4804331));
#1453 = CARTESIAN_POINT('',(15.21597,77.951509,8.4231244));
#1454 = CARTESIAN_POINT('',(20.229849,77.951509,6.83259));
#1455 = CARTESIAN_POINT('',(25.036893,77.951509,4.7331356));
#1456 = CARTESIAN_POINT('',(29.575257,77.951509,2.1598283));
#1457 = PCURVE('',#732,#1458);
#1458 = DEFINITIONAL_REPRESENTATION('',(#1459),#1462);
#1459 = B_SPLINE_CURVE_WITH_KNOTS('',1,(#1460,#1461),.UNSPECIFIED.,.F.,
  .F.,(2,2),(0.,1.),.PIECEWISE_BEZIER_KNOTS.);
#1460 = CARTESIAN_POINT('',(0.,1.));
#1461 = CARTESIAN_POINT('',(0.,0.14538809));
#1462 = ( GEOMETRIC_REPRESENTATION_CONTEXT(2) 
PARAMETRIC_REPRESENTATION_CONTEXT() REPRESENTATION_CONTEXT('2D SPACE',''
  ) );
#1463 = PCURVE('',#829,#1464);
#1464 = DEFINITIONAL_REPRESENTATION('',(#1465),#1468);
#1465 = B_SPLINE_CURVE_WITH_KNOTS('',1,(#1466,#1467),.UNSPECIFIED.,.F.,
  .F.,(2,2),(0.,1.),.PIECEWISE_BEZIER_KNOTS.);
#1466 = CARTESIAN_POINT('',(1.,1.));
#1467 = CARTESIAN_POINT('',(1.,0.14538809));
#1468 = ( GEOMETRIC_REPRESENTATION_CONTEXT(2) 
PARAMETRIC_REPRESENTATION_CONTEXT() REPRESENTATION_CONTEXT('2D SPACE',''
  ) );
#1469 = ORIENTED_EDGE('',*,*,#710,.F.);
#1470 = ORIENTED_EDGE('',*,*,#1375,.F.);
#1471 = ADVANCED_FACE('',(#1472),#829,.T.);
#1472 = FACE_BOUND('',#1473,.T.);
#1473 = EDGE_LOOP('',(#1474,#1495,#1518,#1519));
#1474 = ORIENTED_EDGE('',*,*,#1475,.T.);
#1475 = EDGE_CURVE('',#1427,#1476,#1478,.T.);
#1476 = VERTEX_POINT('',#1477);
#1477 = CARTESIAN_POINT('',(-0.34128269,73.419288,14.932269));
#1478 = SURFACE_CURVE('',#1479,(#1489),.PCURVE_S1.);
#1479 = B_SPLINE_CURVE_WITH_KNOTS('',8,(#1480,#1481,#1482,#1483,#1484,
    #1485,#1486,#1487,#1488),.UNSPECIFIED.,.F.,.F.,(9,9),(0.,1.),
  .PIECEWISE_BEZIER_KNOTS.);
#1480 = CARTESIAN_POINT('',(-0.37428821,77.951509,9.9600152));
#1481 = CARTESIAN_POINT('',(-0.38279476,77.502168,10.748837));
#1482 = CARTESIAN_POINT('',(-0.38780295,77.038036,11.505255));
#1483 = CARTESIAN_POINT('',(-0.38909331,76.548414,12.220757));
#1484 = CARTESIAN_POINT('',(-0.38657359,76.023459,12.887362));
#1485 = CARTESIAN_POINT('',(-0.38028881,75.454492,13.497793));
#1486 = CARTESIAN_POINT('',(-0.37042123,74.834257,14.045604));
#1487 = CARTESIAN_POINT('',(-0.35728032,74.157132,14.525281));
#1488 = CARTESIAN_POINT('',(-0.34128269,73.419288,14.932269));
#1489 = PCURVE('',#829,#1490);
#1490 = DEFINITIONAL_REPRESENTATION('',(#1491),#1494);
#1491 = B_SPLINE_CURVE_WITH_KNOTS('',1,(#1492,#1493),.UNSPECIFIED.,.F.,
  .F.,(2,2),(0.,1.),.PIECEWISE_BEZIER_KNOTS.);
#1492 = CARTESIAN_POINT('',(1.,1.));
#1493 = CARTESIAN_POINT('',(0.,1.));
#1494 = ( GEOMETRIC_REPRESENTATION_CONTEXT(2) 
PARAMETRIC_REPRESENTATION_CONTEXT() REPRESENTATION_CONTEXT('2D SPACE',''
  ) );
#1495 = ORIENTED_EDGE('',*,*,#1496,.T.);
#1496 = EDGE_CURVE('',#1476,#807,#1497,.T.);
#1497 = SURFACE_CURVE('',#1498,(#1506,#1512),.PCURVE_S1.);
#1498 = B_SPLINE_CURVE_WITH_KNOTS('',6,(#1499,#1500,#1501,#1502,#1503,
    #1504,#1505),.UNSPECIFIED.,.F.,.F.,(7,7),(0.,1.),
  .PIECEWISE_BEZIER_KNOTS.);
#1499 = CARTESIAN_POINT('',(-0.34128269,73.419288,14.932269));
#1500 = CARTESIAN_POINT('',(5.3447648,73.419288,14.962155));
#1501 = CARTESIAN_POINT('',(11.033953,73.419288,14.394536));
#1502 = CARTESIAN_POINT('',(16.647803,73.419288,13.228997));
#1503 = CARTESIAN_POINT('',(22.10773,73.419288,11.478879));
#1504 = CARTESIAN_POINT('',(27.338789,73.419288,9.1712659));
#1505 = CARTESIAN_POINT('',(32.272874,73.419288,6.3451656));
#1506 = PCURVE('',#829,#1507);
#1507 = DEFINITIONAL_REPRESENTATION('',(#1508),#1511);
#1508 = B_SPLINE_CURVE_WITH_KNOTS('',1,(#1509,#1510),.UNSPECIFIED.,.F.,
  .F.,(2,2),(0.,1.),.PIECEWISE_BEZIER_KNOTS.);
#1509 = CARTESIAN_POINT('',(0.,1.));
#1510 = CARTESIAN_POINT('',(0.,0.13988655));
#1511 = ( GEOMETRIC_REPRESENTATION_CONTEXT(2) 
PARAMETRIC_REPRESENTATION_CONTEXT() REPRESENTATION_CONTEXT('2D SPACE',''
  ) );
#1512 = PCURVE('',#928,#1513);
#1513 = DEFINITIONAL_REPRESENTATION('',(#1514),#1517);
#1514 = B_SPLINE_CURVE_WITH_KNOTS('',1,(#1515,#1516),.UNSPECIFIED.,.F.,
  .F.,(2,2),(0.,1.),.PIECEWISE_BEZIER_KNOTS.);
#1515 = CARTESIAN_POINT('',(1.,1.));
#1516 = CARTESIAN_POINT('',(1.,0.13988655));
#1517 = ( GEOMETRIC_REPRESENTATION_CONTEXT(2) 
PARAMETRIC_REPRESENTATION_CONTEXT() REPRESENTATION_CONTEXT('2D SPACE',''
  ) );
#1518 = ORIENTED_EDGE('',*,*,#806,.F.);
#1519 = ORIENTED_EDGE('',*,*,#1447,.F.);
#1520 = ADVANCED_FACE('',(#1521),#928,.T.);
#1521 = FACE_BOUND('',#1522,.T.);
#1522 = EDGE_LOOP('',(#1523,#1542,#1543,#1544));
#1523 = ORIENTED_EDGE('',*,*,#1524,.T.);
#1524 = EDGE_CURVE('',#1476,#1050,#1525,.T.);
#1525 = SURFACE_CURVE('',#1526,(#1536),.PCURVE_S1.);
#1526 = B_SPLINE_CURVE_WITH_KNOTS('',8,(#1527,#1528,#1529,#1530,#1531,
    #1532,#1533,#1534,#1535),.UNSPECIFIED.,.F.,.F.,(9,9),(0.,1.),
  .PIECEWISE_BEZIER_KNOTS.);
#1527 = CARTESIAN_POINT('',(-0.34128269,73.419288,14.932269));
#1528 = CARTESIAN_POINT('',(-0.32528507,72.681443,15.339258));
#1529 = CARTESIAN_POINT('',(-0.30643072,71.882881,15.673559));
#1530 = CARTESIAN_POINT('',(-0.28513626,71.019772,15.93062));
#1531 = CARTESIAN_POINT('',(-0.26192542,70.090085,16.106853));
#1532 = CARTESIAN_POINT('',(-0.23740897,69.093749,16.199669));
#1533 = CARTESIAN_POINT('',(-0.21225459,68.032771,16.207466));
#1534 = CARTESIAN_POINT('',(-0.18714671,66.91131,16.129545));
#1535 = CARTESIAN_POINT('',(-0.16273627,65.735705,15.965951));
#1536 = PCURVE('',#928,#1537);
#1537 = DEFINITIONAL_REPRESENTATION('',(#1538),#1541);
#1538 = B_SPLINE_CURVE_WITH_KNOTS('',1,(#1539,#1540),.UNSPECIFIED.,.F.,
  .F.,(2,2),(0.,1.),.PIECEWISE_BEZIER_KNOTS.);
#1539 = CARTESIAN_POINT('',(1.,1.));
#1540 = CARTESIAN_POINT('',(0.,1.));
#1541 = ( GEOMETRIC_REPRESENTATION_CONTEXT(2) 
PARAMETRIC_REPRESENTATION_CONTEXT() REPRESENTATION_CONTEXT('2D SPACE',''
  ) );
#1542 = ORIENTED_EDGE('',*,*,#1049,.T.);
#1543 = ORIENTED_EDGE('',*,*,#904,.F.);
#1544 = ORIENTED_EDGE('',*,*,#1496,.F.);
#1545 = ADVANCED_FACE('',(#1546),#1245,.T.);
#1546 = FACE_BOUND('',#1547,.T.);
#1547 = EDGE_LOOP('',(#1548,#1549,#1568,#1587));
#1548 = ORIENTED_EDGE('',*,*,#1222,.F.);
#1549 = ORIENTED_EDGE('',*,*,#1550,.T.);
#1550 = EDGE_CURVE('',#1198,#1551,#1553,.T.);
#1551 = VERTEX_POINT('',#1552);
#1552 = CARTESIAN_POINT('',(3.469446951954E-15,100.51025,-3.9621256));
#1553 = SURFACE_CURVE('',#1554,(#1562),.PCURVE_S1.);
#1554 = B_SPLINE_CURVE_WITH_KNOTS('',6,(#1555,#1556,#1557,#1558,#1559,
    #1560,#1561),.UNSPECIFIED.,.F.,.F.,(7,7),(0.,1.),
  .PIECEWISE_BEZIER_KNOTS.);
#1555 = CARTESIAN_POINT('',(22.948407,100.51025,-10.089394));
#1556 = CARTESIAN_POINT('',(19.477311,100.51025,-8.09353));
#1557 = CARTESIAN_POINT('',(15.797913,100.51025,-6.4599309));
#1558 = CARTESIAN_POINT('',(11.957476,100.51025,-5.2157717));
#1559 = CARTESIAN_POINT('',(8.0079919,100.51025,-4.3800071));
#1560 = CARTESIAN_POINT('',(4.0039959,100.51025,-3.9621256));
#1561 = CARTESIAN_POINT('',(3.5527137E-15,100.51025,-3.9621256));
#1562 = PCURVE('',#1245,#1563);
#1563 = DEFINITIONAL_REPRESENTATION('',(#1564),#1567);
#1564 = B_SPLINE_CURVE_WITH_KNOTS('',1,(#1565,#1566),.UNSPECIFIED.,.F.,
  .F.,(2,2),(0.,1.),.PIECEWISE_BEZIER_KNOTS.);
#1565 = CARTESIAN_POINT('',(1.,0.14575154));
#1566 = CARTESIAN_POINT('',(1.,1.));
#1567 = ( GEOMETRIC_REPRESENTATION_CONTEXT(2) 
PARAMETRIC_REPRESENTATION_CONTEXT() REPRESENTATION_CONTEXT('2D SPACE',''
  ) );
#1568 = ORIENTED_EDGE('',*,*,#1569,.T.);
#1569 = EDGE_CURVE('',#1551,#1353,#1570,.T.);
#1570 = SURFACE_CURVE('',#1571,(#1581),.PCURVE_S1.);
#1571 = B_SPLINE_CURVE_WITH_KNOTS('',8,(#1572,#1573,#1574,#1575,#1576,
    #1577,#1578,#1579,#1580),.UNSPECIFIED.,.F.,.F.,(9,9),(0.,1.),
  .PIECEWISE_BEZIER_KNOTS.);
#1572 = CARTESIAN_POINT('',(0.,100.51025,-3.9621256));
#1573 = CARTESIAN_POINT('',(-5.3290705E-16,98.754106,-4.0299888));
#1574 = CARTESIAN_POINT('',(-1.0152036E-15,97.041481,-4.016366));
#1575 = CARTESIAN_POINT('',(-1.4878745E-03,95.396069,-3.9191141));
#1576 = CARTESIAN_POINT('',(-5.415863E-03,93.834454,-3.7379209));
#1577 = CARTESIAN_POINT('',(-1.2301002E-02,92.367274,-3.474203));
#1578 = CARTESIAN_POINT('',(-2.2315513E-02,91.000227,-3.1309534));
#1579 = CARTESIAN_POINT('',(-3.5367148E-02,89.734956,-2.712553));
#1580 = CARTESIAN_POINT('',(-5.1169491E-02,88.569825,-2.2245628));
#1581 = PCURVE('',#1245,#1582);
#1582 = DEFINITIONAL_REPRESENTATION('',(#1583),#1586);
#1583 = B_SPLINE_CURVE_WITH_KNOTS('',1,(#1584,#1585),.UNSPECIFIED.,.F.,
  .F.,(2,2),(0.,1.),.PIECEWISE_BEZIER_KNOTS.);
#1584 = CARTESIAN_POINT('',(1.,1.));
#1585 = CARTESIAN_POINT('',(0.,1.));
#1586 = ( GEOMETRIC_REPRESENTATION_CONTEXT(2) 
PARAMETRIC_REPRESENTATION_CONTEXT() REPRESENTATION_CONTEXT('2D SPACE',''
  ) );
#1587 = ORIENTED_EDGE('',*,*,#1400,.F.);
#1588 = ( GEOMETRIC_REPRESENTATION_CONTEXT(3) 
GLOBAL_UNCERTAINTY_ASSIGNED_CONTEXT((#1592)) 
GLOBAL_UNIT_ASSIGNED_CONTEXT((#1589,#1590,#1591)) REPRESENTATION_CONTEXT
('Context #1','3D Context with UNIT and UNCERTAINTY') );
#1589 = ( LENGTH_UNIT() NAMED_UNIT(*) SI_UNIT(.MILLI.,.METRE.) );
#1590 = ( NAMED_UNIT(*) PLANE_ANGLE_UNIT() SI_UNIT($,.RADIAN.) );
#1591 = ( NAMED_UNIT(*) SI_UNIT($,.STERADIAN.) SOLID_ANGLE_UNIT() );
#1592 = UNCERTAINTY_MEASURE_WITH_UNIT(LENGTH_MEASURE(1.E-03),#1589,
  'distance_accuracy_value','confusion accuracy');
#1593 = PRODUCT_RELATED_PRODUCT_CATEGORY('part',$,(#7));
ENDSEC;
END-ISO-10303-21;
