ISO-10303-21;
HEADER;
FILE_DESCRIPTION(('Open CASCADE Model'),'2;1');
FILE_NAME('Open CASCADE Shape Model','2026-07-11T20:15:47',('Author'),(
    'Open CASCADE'),'Open CASCADE STEP processor 8.0','Open CASCADE 8.0'
  ,'Unknown');
FILE_SCHEMA(('AUTOMOTIVE_DESIGN { 1 0 10303 214 1 1 1 1 }'));
ENDSEC;
DATA;
#1 = APPLICATION_PROTOCOL_DEFINITION('international standard',
  'automotive_design',2000,#2);
#2 = APPLICATION_CONTEXT(
  'core data for automotive mechanical design processes');
#3 = SHAPE_DEFINITION_REPRESENTATION(#4,#10);
#4 = PRODUCT_DEFINITION_SHAPE('','',#5);
#5 = PRODUCT_DEFINITION('design','',#6,#9);
#6 = PRODUCT_DEFINITION_FORMATION('','',#7);
#7 = PRODUCT('Open CASCADE STEP translator 8.0 1',
  'Open CASCADE STEP translator 8.0 1','',(#8));
#8 = PRODUCT_CONTEXT('',#2,'mechanical');
#9 = PRODUCT_DEFINITION_CONTEXT('part definition',#2,'design');
#10 = ADVANCED_BREP_SHAPE_REPRESENTATION('',(#11,#15),#1499);
#11 = AXIS2_PLACEMENT_3D('',#12,#13,#14);
#12 = CARTESIAN_POINT('',(0.,0.,0.));
#13 = DIRECTION('',(0.,0.,1.));
#14 = DIRECTION('',(1.,0.,-0.));
#15 = MANIFOLD_SOLID_BREP('',#16);
#16 = CLOSED_SHELL('',(#17,#1379,#1383,#1387,#1439,#1491,#1495));
#17 = ADVANCED_FACE('',(#18,#101,#740),#32,.T.);
#18 = FACE_BOUND('',#19,.T.);
#19 = EDGE_LOOP('',(#20,#48,#74,#75));
#20 = ORIENTED_EDGE('',*,*,#21,.T.);
#21 = EDGE_CURVE('',#22,#24,#26,.T.);
#22 = VERTEX_POINT('',#23);
#23 = CARTESIAN_POINT('',(100.,50.,0.));
#24 = VERTEX_POINT('',#25);
#25 = CARTESIAN_POINT('',(100.,50.,150.));
#26 = SEAM_CURVE('',#27,(#31,#42),.PCURVE_S1.);
#27 = LINE('',#28,#29);
#28 = CARTESIAN_POINT('',(100.,50.,0.));
#29 = VECTOR('',#30,1.);
#30 = DIRECTION('',(0.,0.,1.));
#31 = PCURVE('',#32,#37);
#32 = CYLINDRICAL_SURFACE('',#33,50.);
#33 = AXIS2_PLACEMENT_3D('',#34,#35,#36);
#34 = CARTESIAN_POINT('',(50.,50.,0.));
#35 = DIRECTION('',(0.,0.,1.));
#36 = DIRECTION('',(1.,0.,0.));
#37 = DEFINITIONAL_REPRESENTATION('',(#38),#41);
#38 = B_SPLINE_CURVE_WITH_KNOTS('',1,(#39,#40),.UNSPECIFIED.,.F.,.F.,(2,
    2),(0.,150.),.PIECEWISE_BEZIER_KNOTS.);
#39 = CARTESIAN_POINT('',(6.28318530718,0.));
#40 = CARTESIAN_POINT('',(6.28318530718,150.));
#41 = ( GEOMETRIC_REPRESENTATION_CONTEXT(2) 
PARAMETRIC_REPRESENTATION_CONTEXT() REPRESENTATION_CONTEXT('2D SPACE',''
  ) );
#42 = PCURVE('',#32,#43);
#43 = DEFINITIONAL_REPRESENTATION('',(#44),#47);
#44 = B_SPLINE_CURVE_WITH_KNOTS('',1,(#45,#46),.UNSPECIFIED.,.F.,.F.,(2,
    2),(0.,150.),.PIECEWISE_BEZIER_KNOTS.);
#45 = CARTESIAN_POINT('',(0.,0.));
#46 = CARTESIAN_POINT('',(0.,150.));
#47 = ( GEOMETRIC_REPRESENTATION_CONTEXT(2) 
PARAMETRIC_REPRESENTATION_CONTEXT() REPRESENTATION_CONTEXT('2D SPACE',''
  ) );
#48 = ORIENTED_EDGE('',*,*,#49,.F.);
#49 = EDGE_CURVE('',#24,#24,#50,.T.);
#50 = SURFACE_CURVE('',#51,(#56,#62),.PCURVE_S1.);
#51 = CIRCLE('',#52,50.);
#52 = AXIS2_PLACEMENT_3D('',#53,#54,#55);
#53 = CARTESIAN_POINT('',(50.,50.,150.));
#54 = DIRECTION('',(0.,0.,1.));
#55 = DIRECTION('',(1.,0.,-0.));
#56 = PCURVE('',#32,#57);
#57 = DEFINITIONAL_REPRESENTATION('',(#58),#61);
#58 = B_SPLINE_CURVE_WITH_KNOTS('',1,(#59,#60),.UNSPECIFIED.,.F.,.F.,(2,
    2),(0.,6.28318530718),.PIECEWISE_BEZIER_KNOTS.);
#59 = CARTESIAN_POINT('',(0.,150.));
#60 = CARTESIAN_POINT('',(6.28318530718,150.));
#61 = ( GEOMETRIC_REPRESENTATION_CONTEXT(2) 
PARAMETRIC_REPRESENTATION_CONTEXT() REPRESENTATION_CONTEXT('2D SPACE',''
  ) );
#62 = PCURVE('',#63,#68);
#63 = PLANE('',#64);
#64 = AXIS2_PLACEMENT_3D('',#65,#66,#67);
#65 = CARTESIAN_POINT('',(50.,50.,150.));
#66 = DIRECTION('',(0.,0.,1.));
#67 = DIRECTION('',(1.,0.,0.));
#68 = DEFINITIONAL_REPRESENTATION('',(#69),#73);
#69 = CIRCLE('',#70,50.);
#70 = AXIS2_PLACEMENT_2D('',#71,#72);
#71 = CARTESIAN_POINT('',(0.,0.));
#72 = DIRECTION('',(1.,0.));
#73 = ( GEOMETRIC_REPRESENTATION_CONTEXT(2) 
PARAMETRIC_REPRESENTATION_CONTEXT() REPRESENTATION_CONTEXT('2D SPACE',''
  ) );
#74 = ORIENTED_EDGE('',*,*,#21,.F.);
#75 = ORIENTED_EDGE('',*,*,#76,.T.);
#76 = EDGE_CURVE('',#22,#22,#77,.T.);
#77 = SURFACE_CURVE('',#78,(#83,#89),.PCURVE_S1.);
#78 = CIRCLE('',#79,50.);
#79 = AXIS2_PLACEMENT_3D('',#80,#81,#82);
#80 = CARTESIAN_POINT('',(50.,50.,0.));
#81 = DIRECTION('',(0.,0.,1.));
#82 = DIRECTION('',(1.,0.,-0.));
#83 = PCURVE('',#32,#84);
#84 = DEFINITIONAL_REPRESENTATION('',(#85),#88);
#85 = B_SPLINE_CURVE_WITH_KNOTS('',1,(#86,#87),.UNSPECIFIED.,.F.,.F.,(2,
    2),(0.,6.28318530718),.PIECEWISE_BEZIER_KNOTS.);
#86 = CARTESIAN_POINT('',(0.,0.));
#87 = CARTESIAN_POINT('',(6.28318530718,0.));
#88 = ( GEOMETRIC_REPRESENTATION_CONTEXT(2) 
PARAMETRIC_REPRESENTATION_CONTEXT() REPRESENTATION_CONTEXT('2D SPACE',''
  ) );
#89 = PCURVE('',#90,#95);
#90 = PLANE('',#91);
#91 = AXIS2_PLACEMENT_3D('',#92,#93,#94);
#92 = CARTESIAN_POINT('',(50.,50.,0.));
#93 = DIRECTION('',(0.,0.,1.));
#94 = DIRECTION('',(1.,0.,0.));
#95 = DEFINITIONAL_REPRESENTATION('',(#96),#100);
#96 = CIRCLE('',#97,50.);
#97 = AXIS2_PLACEMENT_2D('',#98,#99);
#98 = CARTESIAN_POINT('',(0.,0.));
#99 = DIRECTION('',(1.,0.));
#100 = ( GEOMETRIC_REPRESENTATION_CONTEXT(2) 
PARAMETRIC_REPRESENTATION_CONTEXT() REPRESENTATION_CONTEXT('2D SPACE',''
  ) );
#101 = FACE_BOUND('',#102,.T.);
#102 = EDGE_LOOP('',(#103));
#103 = ORIENTED_EDGE('',*,*,#104,.T.);
#104 = EDGE_CURVE('',#105,#105,#107,.T.);
#105 = VERTEX_POINT('',#106);
#106 = CARTESIAN_POINT('',(80.,90.,70.));
#107 = SURFACE_CURVE('',#108,(#315,#525),.PCURVE_S1.);
#108 = B_SPLINE_CURVE_WITH_KNOTS('',7,(#109,#110,#111,#112,#113,#114,
    #115,#116,#117,#118,#119,#120,#121,#122,#123,#124,#125,#126,#127,
    #128,#129,#130,#131,#132,#133,#134,#135,#136,#137,#138,#139,#140,
    #141,#142,#143,#144,#145,#146,#147,#148,#149,#150,#151,#152,#153,
    #154,#155,#156,#157,#158,#159,#160,#161,#162,#163,#164,#165,#166,
    #167,#168,#169,#170,#171,#172,#173,#174,#175,#176,#177,#178,#179,
    #180,#181,#182,#183,#184,#185,#186,#187,#188,#189,#190,#191,#192,
    #193,#194,#195,#196,#197,#198,#199,#200,#201,#202,#203,#204,#205,
    #206,#207,#208,#209,#210,#211,#212,#213,#214,#215,#216,#217,#218,
    #219,#220,#221,#222,#223,#224,#225,#226,#227,#228,#229,#230,#231,
    #232,#233,#234,#235,#236,#237,#238,#239,#240,#241,#242,#243,#244,
    #245,#246,#247,#248,#249,#250,#251,#252,#253,#254,#255,#256,#257,
    #258,#259,#260,#261,#262,#263,#264,#265,#266,#267,#268,#269,#270,
    #271,#272,#273,#274,#275,#276,#277,#278,#279,#280,#281,#282,#283,
    #284,#285,#286,#287,#288,#289,#290,#291,#292,#293,#294,#295,#296,
    #297,#298,#299,#300,#301,#302,#303,#304,#305,#306,#307,#308,#309,
    #310,#311,#312,#313,#314),.UNSPECIFIED.,.T.,.F.,(8,6,6,6,6,6,6,6,6,6
    ,6,6,6,6,6,6,6,6,6,6,6,6,6,6,6,6,6,6,6,6,6,6,6,6,8),(0.,
    5.000017977189E-02,9.925936642336E-02,0.137790072988,0.152243277788,
    0.171060429181,0.196364841843,0.217076806586,0.22805449254,
    0.250044489448,0.272041181222,0.283026399646,0.303354778004,
    0.328518952561,0.347498062387,0.362031862726,0.400686141221,
    0.450009454538,0.49982084007,0.549820363178,0.599078902902,
    0.670922561307,0.696251379663,0.716983320759,0.727971594021,
    0.749982797952,0.772000703204,0.782996514931,0.803344494989,
    0.828532934172,0.847530344657,0.862078159253,0.900769710242,
    0.950140583702,1.),.UNSPECIFIED.);
#109 = CARTESIAN_POINT('',(80.,90.,70.));
#110 = CARTESIAN_POINT('',(80.,90.,71.20189044852));
#111 = CARTESIAN_POINT('',(79.943823686646,90.04213221305,
    72.403031984125));
#112 = CARTESIAN_POINT('',(79.831595647487,90.12630331182,
    73.600668266927));
#113 = CARTESIAN_POINT('',(79.663555184427,90.251556982752,
    74.791997655293));
#114 = CARTESIAN_POINT('',(79.440072464368,90.416072008458,
    75.974104593734));
#115 = CARTESIAN_POINT('',(79.161741336897,90.617214980114,
    77.14389258307));
#116 = CARTESIAN_POINT('',(78.502279330882,91.082606052325,
    79.435040953397));
#117 = CARTESIAN_POINT('',(78.122696460755,91.345900542363,
    80.556990464513));
#118 = CARTESIAN_POINT('',(77.691143505373,91.638760950201,
    81.662682754536));
#119 = CARTESIAN_POINT('',(77.207726718515,91.958129603555,
    82.750740063327));
#120 = CARTESIAN_POINT('',(76.6723794051,92.300705991648,83.819560695684
    ));
#121 = CARTESIAN_POINT('',(76.084913618706,92.662979051355,
    84.86728938785));
#122 = CARTESIAN_POINT('',(74.944563323384,93.337129617402,
    86.693155661983));
#123 = CARTESIAN_POINT('',(74.411856799996,93.642891562676,
    87.480561240193));
#124 = CARTESIAN_POINT('',(73.846455367227,93.956960089682,
    88.253477600342));
#125 = CARTESIAN_POINT('',(73.247727917015,94.277721257609,
    89.011201949981));
#126 = CARTESIAN_POINT('',(72.614920301686,94.603485697693,
    89.752819338733));
#127 = CARTESIAN_POINT('',(71.947178877276,94.932454314481,
    90.477165431357));
#128 = CARTESIAN_POINT('',(70.979645725304,95.386556023575,
    91.447474954066));
#129 = CARTESIAN_POINT('',(70.710652418251,95.510614132451,
    91.709544943606));
#130 = CARTESIAN_POINT('',(70.436536844317,95.634759368087,
    91.968929245691));
#131 = CARTESIAN_POINT('',(70.157239491521,95.75888938867,
    92.225551196259));
#132 = CARTESIAN_POINT('',(69.872698617278,95.882898456219,
    92.479327470943));
#133 = CARTESIAN_POINT('',(69.582850248399,96.006677436579,
    92.730168085072));
#134 = CARTESIAN_POINT('',(68.90326786708,96.290820075947,
    93.300607016017));
#135 = CARTESIAN_POINT('',(68.509801352325,96.450944339844,
    93.618095536301));
#136 = CARTESIAN_POINT('',(68.107080414727,96.610238362739,
    93.93022955391));
#137 = CARTESIAN_POINT('',(67.694958607432,96.768439315058,
    94.236769373126));
#138 = CARTESIAN_POINT('',(67.273291176735,96.925269282592,
    94.537448178316));
#139 = CARTESIAN_POINT('',(66.841934979983,97.080434783048,
    94.831972209113));
#140 = CARTESIAN_POINT('',(65.807461621672,97.439630945084,
    95.507375200346));
#141 = CARTESIAN_POINT('',(65.196288301037,97.642104020881,
    95.883091635455));
#142 = CARTESIAN_POINT('',(64.566998996915,97.840246054963,
    96.246298063274));
#143 = CARTESIAN_POINT('',(63.919399107083,98.033205839171,96.5960446408
    ));
#144 = CARTESIAN_POINT('',(63.25332917087,98.220082297747,
    96.931302914217));
#145 = CARTESIAN_POINT('',(62.568665168278,98.399926372848,
    97.250964873421));
#146 = CARTESIAN_POINT('',(61.28962141086,98.712376802997,
    97.801750566455));
#147 = CARTESIAN_POINT('',(60.701317807889,98.847654446823,98.0384523129
    ));
#148 = CARTESIAN_POINT('',(60.100711903017,98.976939135559,
    98.263133656339));
#149 = CARTESIAN_POINT('',(59.488135092018,99.099601370461,
    98.474999757212));
#150 = CARTESIAN_POINT('',(58.863946336342,99.215022474652,
    98.673272600968));
#151 = CARTESIAN_POINT('',(58.228532225866,99.322598207755,
    98.857189073081));
#152 = CARTESIAN_POINT('',(57.239796941035,99.474290441808,
    99.115471122346));
#153 = CARTESIAN_POINT('',(56.894300931915,99.524462189978,
    99.200686110788));
#154 = CARTESIAN_POINT('',(56.545955553667,99.572160120149,
    99.281515618217));
#155 = CARTESIAN_POINT('',(56.194899365298,99.617292233481,
    99.35783871078));
#156 = CARTESIAN_POINT('',(55.84127294544,99.659772037178,
    99.429541901959));
#157 = CARTESIAN_POINT('',(55.485218892346,99.699518544485,
    99.496519152572));
#158 = CARTESIAN_POINT('',(54.409077446853,99.810448241333,
    99.683173344647));
#159 = CARTESIAN_POINT('',(53.681854101829,99.87319697483,
    99.788360139812));
#160 = CARTESIAN_POINT('',(52.947021149384,99.924014060396,
    99.873300090882));
#161 = CARTESIAN_POINT('',(52.206414404155,99.962373812448,
    99.937291730926));
#162 = CARTESIAN_POINT('',(51.461888366733,99.987917891511,
    99.979862430298));
#163 = CARTESIAN_POINT('',(50.715308455524,100.00045992111,
    100.00076653547));
#164 = CARTESIAN_POINT('',(49.221550668691,99.999520145287,
    99.999200241867));
#165 = CARTESIAN_POINT('',(48.47487449241,99.986030729552,
    99.976717162935));
#166 = CARTESIAN_POINT('',(47.730377253609,99.959541209544,
    99.932567676866));
#167 = CARTESIAN_POINT('',(46.98991793897,99.92024689591,99.86700923257)
  );
#168 = CARTESIAN_POINT('',(46.255344236524,99.868514341155,
    99.78052522299));
#169 = CARTESIAN_POINT('',(45.528484794152,99.804876622872,
    99.673826886017));
#170 = CARTESIAN_POINT('',(44.452897925252,99.692649297756,
    99.484944544068));
#171 = CARTESIAN_POINT('',(44.096962025799,99.652467046902,
    99.417215603818));
#172 = CARTESIAN_POINT('',(43.743476984519,99.609558037984,
    99.344767825209));
#173 = CARTESIAN_POINT('',(43.392583984477,99.56400386455,
    99.267707994215));
#174 = CARTESIAN_POINT('',(43.044422187016,99.515891550127,
    99.186150242222));
#175 = CARTESIAN_POINT('',(42.699128731751,99.465313548219,
    99.100216046029));
#176 = CARTESIAN_POINT('',(41.72342388199,99.314390411908,
    98.843150871488));
#177 = CARTESIAN_POINT('',(41.100457674857,99.20832964767,
    98.661765137006));
#178 = CARTESIAN_POINT('',(40.488328320527,99.094740683231,
    98.466587096319));
#179 = CARTESIAN_POINT('',(39.887398339586,98.974195168671,
    98.258338608565));
#180 = CARTESIAN_POINT('',(39.298004626137,98.847277888252,
    98.03775506761));
#181 = CARTESIAN_POINT('',(38.720458506097,98.71458347815,
    97.805587149551));
#182 = CARTESIAN_POINT('',(37.455130440931,98.406045662076,
    97.261815821977));
#183 = CARTESIAN_POINT('',(36.773687831514,98.227417603265,
    96.944402904671));
#184 = CARTESIAN_POINT('',(36.110634280375,98.041808745216,
    96.611534529738));
#185 = CARTESIAN_POINT('',(35.465850901791,97.850154013338,
    96.264302976175));
#186 = CARTESIAN_POINT('',(34.839183902403,97.653341601453,
    95.903723020744));
#187 = CARTESIAN_POINT('',(34.230444872429,97.452211092244,
    95.53073287818));
#188 = CARTESIAN_POINT('',(33.193646591694,97.093195018376,
    94.856172358312));
#189 = CARTESIAN_POINT('',(32.757891793802,96.936809665399,
    94.55954064996));
#190 = CARTESIAN_POINT('',(32.332001656545,96.778714046291,
    94.25663046045));
#191 = CARTESIAN_POINT('',(31.915829513187,96.619210045417,
    93.947744502789));
#192 = CARTESIAN_POINT('',(31.509226970084,96.458583403583,
    93.633157575152));
#193 = CARTESIAN_POINT('',(31.112043819842,96.297104217617,
    93.313116377158));
#194 = CARTESIAN_POINT('',(30.427070200626,96.010912476304,
    92.738749049667));
#195 = CARTESIAN_POINT('',(30.135448318208,95.886447801081,
    92.486589650384));
#196 = CARTESIAN_POINT('',(29.849194945606,95.761747933209,
    92.231459574453));
#197 = CARTESIAN_POINT('',(29.568244997171,95.636923913938,
    91.973450450184));
#198 = CARTESIAN_POINT('',(29.29253566323,95.512083306841,
    91.712647088042));
#199 = CARTESIAN_POINT('',(29.022006410093,95.387330197817,
    91.449127480657));
#200 = CARTESIAN_POINT('',(28.050718035198,94.931470544413,
    90.475067872188));
#201 = CARTESIAN_POINT('',(27.380931461509,94.601444366972,
    89.748328697863));
#202 = CARTESIAN_POINT('',(26.746301043143,94.274648766616,
    89.004210490088));
#203 = CARTESIAN_POINT('',(26.145965585959,93.952900091759,
    88.243888441358));
#204 = CARTESIAN_POINT('',(25.57916473059,93.637903697194,
    87.468285444244));
#205 = CARTESIAN_POINT('',(25.045262765521,93.331288705914,
    86.678109809233));
#206 = CARTESIAN_POINT('',(23.903864895464,92.656119074063,
    84.84770286694));
#207 = CARTESIAN_POINT('',(23.316472209307,92.29367410586,
    83.798237057544));
#208 = CARTESIAN_POINT('',(22.781329889914,91.951024943296,
    82.727643058465));
#209 = CARTESIAN_POINT('',(22.298254187887,91.631696616671,
    81.637785511323));
#210 = CARTESIAN_POINT('',(21.867182008014,91.339001546269,
    80.530274737678));
#211 = CARTESIAN_POINT('',(21.488223183585,91.076006652848,
    79.406496336624));
#212 = CARTESIAN_POINT('',(20.831996225105,90.612688566135,
    77.117517956987));
#213 = CARTESIAN_POINT('',(20.555738205982,90.412987855943,
    75.951900885407));
#214 = CARTESIAN_POINT('',(20.333924337632,90.249678247871,
    74.774096302618));
#215 = CARTESIAN_POINT('',(20.16714112603,90.125355890485,
    73.587167590703));
#216 = CARTESIAN_POINT('',(20.055754355097,90.041815745015,
    72.394000273666));
#217 = CARTESIAN_POINT('',(20.,90.,71.197367990257));
#218 = CARTESIAN_POINT('',(20.,90.,68.798109551479));
#219 = CARTESIAN_POINT('',(20.056176313354,90.04213221305,
    67.596968015879));
#220 = CARTESIAN_POINT('',(20.168404352514,90.12630331182,66.39933173307
    ));
#221 = CARTESIAN_POINT('',(20.336444815573,90.251556982752,
    65.208002344704));
#222 = CARTESIAN_POINT('',(20.559927535632,90.416072008458,
    64.02589540627));
#223 = CARTESIAN_POINT('',(20.838258663103,90.617214980114,
    62.85610741693));
#224 = CARTESIAN_POINT('',(21.497720669156,91.082606052352,
    60.564959046474));
#225 = CARTESIAN_POINT('',(21.87730353926,91.345900542372,
    59.443009535478));
#226 = CARTESIAN_POINT('',(22.308856494595,91.638760950177,
    58.337317245563));
#227 = CARTESIAN_POINT('',(22.792273281431,91.95812960352,
    57.249259936769));
#228 = CARTESIAN_POINT('',(23.327620594891,92.300705991646,
    56.180439304307));
#229 = CARTESIAN_POINT('',(23.91508638137,92.662979051399,
    55.132710612029));
#230 = CARTESIAN_POINT('',(25.488168840154,93.592951564565,
    52.613977359879));
#231 = CARTESIAN_POINT('',(26.532295070539,94.178359466499,
    51.170027914559));
#232 = CARTESIAN_POINT('',(27.69088017741,94.787661301445,
    49.778160324316));
#233 = CARTESIAN_POINT('',(28.969608361918,95.410681955301,
    48.44290968797));
#234 = CARTESIAN_POINT('',(30.375570134062,96.035899284121,
    47.172293968242));
#235 = CARTESIAN_POINT('',(31.916429591482,96.649306540842,
    45.978685963684));
#236 = CARTESIAN_POINT('',(34.192538378354,97.439630945093,
    44.492624799636));
#237 = CARTESIAN_POINT('',(34.803711698962,97.642104020879,
    44.116908364548));
#238 = CARTESIAN_POINT('',(35.433001003051,97.840246054952,
    43.753701936746));
#239 = CARTESIAN_POINT('',(36.080600892882,98.033205839162,
    43.403955359217));
#240 = CARTESIAN_POINT('',(36.746670829127,98.220082297747,
    43.068697085781));
#241 = CARTESIAN_POINT('',(37.431334831757,98.399926372856,
    42.749035126565));
#242 = CARTESIAN_POINT('',(38.710378589131,98.712376802995,
    42.198249433549));
#243 = CARTESIAN_POINT('',(39.298682192103,98.847654446821,
    41.961547687103));
#244 = CARTESIAN_POINT('',(39.899288096974,98.976939135558,
    41.736866343665));
#245 = CARTESIAN_POINT('',(40.511864907974,99.09960137046,
    41.525000242791));
#246 = CARTESIAN_POINT('',(41.13605366365,99.215022474651,
    41.326727399035));
#247 = CARTESIAN_POINT('',(41.771467774125,99.322598207753,
    41.142810926922));
#248 = CARTESIAN_POINT('',(42.760203043641,99.474290439457,
    40.884528881657));
#249 = CARTESIAN_POINT('',(43.10569906673,99.52446218941,40.799313890194
    ));
#250 = CARTESIAN_POINT('',(43.45404445906,99.572160121616,
    40.718484379306));
#251 = CARTESIAN_POINT('',(43.805100647119,99.617292235224,
    40.642161286259));
#252 = CARTESIAN_POINT('',(44.15872705243,99.659772037302,
    40.570458097813));
#253 = CARTESIAN_POINT('',(44.514781091554,99.699518542825,
    40.50348085022));
#254 = CARTESIAN_POINT('',(45.590922553124,99.81044824133,
    40.316826655357));
#255 = CARTESIAN_POINT('',(46.318145898159,99.87319697483,
    40.211639860189));
#256 = CARTESIAN_POINT('',(47.052978850616,99.924014060396,
    40.126699909118));
#257 = CARTESIAN_POINT('',(47.793585595845,99.962373812448,
    40.062708269074));
#258 = CARTESIAN_POINT('',(48.538111633256,99.98791789151,
    40.020137569703));
#259 = CARTESIAN_POINT('',(49.284691544454,100.00045992111,
    39.99923346453));
#260 = CARTESIAN_POINT('',(50.778449331314,99.999520145287,
    40.000799758133));
#261 = CARTESIAN_POINT('',(51.525125507581,99.986030729552,
    40.023282837065));
#262 = CARTESIAN_POINT('',(52.269622746369,99.959541209544,
    40.067432323133));
#263 = CARTESIAN_POINT('',(53.010082061008,99.920246895912,
    40.132990767427));
#264 = CARTESIAN_POINT('',(53.744655763468,99.868514341156,
    40.219474777008));
#265 = CARTESIAN_POINT('',(54.471515205853,99.804876622871,
    40.326173113984));
#266 = CARTESIAN_POINT('',(55.547102049456,99.692649300395,
    40.51505545149));
#267 = CARTESIAN_POINT('',(55.903037970857,99.652467046712,
    40.582784396535));
#268 = CARTESIAN_POINT('',(56.256523034996,99.60955803522,
    40.655232179487));
#269 = CARTESIAN_POINT('',(56.607416035527,99.564003862219,
    40.732292009722));
#270 = CARTESIAN_POINT('',(56.955577810863,99.51589155102,
    40.813849756232));
#271 = CARTESIAN_POINT('',(57.30087124418,99.465313551942,
    40.899783947629));
#272 = CARTESIAN_POINT('',(58.27657611794,99.314390411919,
    41.156849128493));
#273 = CARTESIAN_POINT('',(58.899542325129,99.208329647674,
    41.338234862987));
#274 = CARTESIAN_POINT('',(59.511671679511,99.094740683225,
    41.533412903692));
#275 = CARTESIAN_POINT('',(60.11260166045,98.974195168663,41.74166139145
    ));
#276 = CARTESIAN_POINT('',(60.701995373848,98.847277888253,
    41.962244932388));
#277 = CARTESIAN_POINT('',(61.279541493843,98.714583478164,
    42.194412850423));
#278 = CARTESIAN_POINT('',(62.544869559021,98.406045662087,
    42.738184178002));
#279 = CARTESIAN_POINT('',(63.226312168476,98.227417603269,
    43.055597095322));
#280 = CARTESIAN_POINT('',(63.889365719649,98.04180874521,
    43.388465470272));
#281 = CARTESIAN_POINT('',(64.534149098231,97.850154013331,
    43.735697023838));
#282 = CARTESIAN_POINT('',(65.160816097587,97.653341601455,
    44.096276979252));
#283 = CARTESIAN_POINT('',(65.769555127534,97.452211092256,
    44.469267121796));
#284 = CARTESIAN_POINT('',(66.806353408302,97.093195018378,
    45.143827641686));
#285 = CARTESIAN_POINT('',(67.242108206193,96.936809665401,
    45.440459350037));
#286 = CARTESIAN_POINT('',(67.667998343451,96.778714046293,
    45.743369539547));
#287 = CARTESIAN_POINT('',(68.084170486809,96.619210045418,
    46.052255497208));
#288 = CARTESIAN_POINT('',(68.490773029913,96.458583403584,
    46.366842424846));
#289 = CARTESIAN_POINT('',(68.887956180153,96.297104217619,
    46.686883622838));
#290 = CARTESIAN_POINT('',(69.57292979937,96.010912476306,
    47.261250950329));
#291 = CARTESIAN_POINT('',(69.864551681789,95.886447801082,
    47.513410349613));
#292 = CARTESIAN_POINT('',(70.15080505439,95.76174793321,47.768540425543
    ));
#293 = CARTESIAN_POINT('',(70.431755002826,95.636923913939,
    48.026549549813));
#294 = CARTESIAN_POINT('',(70.707464336766,95.512083306843,
    48.287352911954));
#295 = CARTESIAN_POINT('',(70.977993589904,95.387330197818,
    48.55087251934));
#296 = CARTESIAN_POINT('',(71.949281964802,94.931470544414,
    49.524932127811));
#297 = CARTESIAN_POINT('',(72.619068538488,94.601444366973,
    50.251671302134));
#298 = CARTESIAN_POINT('',(73.253698956852,94.274648766618,
    50.995789509907));
#299 = CARTESIAN_POINT('',(73.854034414037,93.952900091761,
    51.756111558638));
#300 = CARTESIAN_POINT('',(74.420835269409,93.637903697195,
    52.531714555754));
#301 = CARTESIAN_POINT('',(74.95473723448,93.331288705914,
    53.321890190768));
#302 = CARTESIAN_POINT('',(76.09613510454,92.656119074061,
    55.152297133065));
#303 = CARTESIAN_POINT('',(76.683527790692,92.293674105861,
    56.201762942454));
#304 = CARTESIAN_POINT('',(77.218670110082,91.951024943298,
    57.272356941527));
#305 = CARTESIAN_POINT('',(77.70174581211,91.631696616672,
    58.362214488669));
#306 = CARTESIAN_POINT('',(78.132817991986,91.339001546269,
    59.46972526232));
#307 = CARTESIAN_POINT('',(78.511776816416,91.076006652847,
    60.593503663379));
#308 = CARTESIAN_POINT('',(79.168003774894,90.612688566136,
    62.882482043008));
#309 = CARTESIAN_POINT('',(79.444261794017,90.412987855944,
    64.048099114588));
#310 = CARTESIAN_POINT('',(79.666075662369,90.249678247871,
    65.225903697385));
#311 = CARTESIAN_POINT('',(79.83285887397,90.125355890485,66.4128324093)
  );
#312 = CARTESIAN_POINT('',(79.944245644902,90.041815745015,
    67.60599972633));
#313 = CARTESIAN_POINT('',(80.,90.,68.802632009738));
#314 = CARTESIAN_POINT('',(80.,90.,70.));
#315 = PCURVE('',#32,#316);
#316 = DEFINITIONAL_REPRESENTATION('',(#317),#524);
#317 = B_SPLINE_CURVE_WITH_KNOTS('',7,(#318,#319,#320,#321,#322,#323,
    #324,#325,#326,#327,#328,#329,#330,#331,#332,#333,#334,#335,#336,
    #337,#338,#339,#340,#341,#342,#343,#344,#345,#346,#347,#348,#349,
    #350,#351,#352,#353,#354,#355,#356,#357,#358,#359,#360,#361,#362,
    #363,#364,#365,#366,#367,#368,#369,#370,#371,#372,#373,#374,#375,
    #376,#377,#378,#379,#380,#381,#382,#383,#384,#385,#386,#387,#388,
    #389,#390,#391,#392,#393,#394,#395,#396,#397,#398,#399,#400,#401,
    #402,#403,#404,#405,#406,#407,#408,#409,#410,#411,#412,#413,#414,
    #415,#416,#417,#418,#419,#420,#421,#422,#423,#424,#425,#426,#427,
    #428,#429,#430,#431,#432,#433,#434,#435,#436,#437,#438,#439,#440,
    #441,#442,#443,#444,#445,#446,#447,#448,#449,#450,#451,#452,#453,
    #454,#455,#456,#457,#458,#459,#460,#461,#462,#463,#464,#465,#466,
    #467,#468,#469,#470,#471,#472,#473,#474,#475,#476,#477,#478,#479,
    #480,#481,#482,#483,#484,#485,#486,#487,#488,#489,#490,#491,#492,
    #493,#494,#495,#496,#497,#498,#499,#500,#501,#502,#503,#504,#505,
    #506,#507,#508,#509,#510,#511,#512,#513,#514,#515,#516,#517,#518,
    #519,#520,#521,#522,#523),.UNSPECIFIED.,.T.,.F.,(8,6,6,6,6,6,6,6,6,6
    ,6,6,6,6,6,6,6,6,6,6,6,6,6,6,6,6,6,6,6,6,6,6,6,6,8),(0.,
    5.000017977189E-02,9.925936642336E-02,0.137790072988,0.152243277788,
    0.171060429181,0.196364841843,0.217076806586,0.22805449254,
    0.250044489448,0.272041181222,0.283026399646,0.303354778004,
    0.328518952561,0.347498062387,0.362031862726,0.400686141221,
    0.450009454538,0.49982084007,0.549820363178,0.599078902902,
    0.670922561307,0.696251379663,0.716983320759,0.727971594021,
    0.749982797952,0.772000703204,0.782996514931,0.803344494989,
    0.828532934172,0.847530344657,0.862078159253,0.900769710242,
    0.950140583702,1.),.UNSPECIFIED.);
#318 = CARTESIAN_POINT('',(0.927295218002,70.));
#319 = CARTESIAN_POINT('',(0.927295218002,71.20189044852));
#320 = CARTESIAN_POINT('',(0.928699622432,72.403031984125));
#321 = CARTESIAN_POINT('',(0.931505334722,73.600668266927));
#322 = CARTESIAN_POINT('',(0.935697013596,74.791997655293));
#323 = CARTESIAN_POINT('',(0.941246918151,75.974104593734));
#324 = CARTESIAN_POINT('',(0.948114572885,77.14389258307));
#325 = CARTESIAN_POINT('',(0.96425742254,79.435040953397));
#326 = CARTESIAN_POINT('',(0.973496320736,80.556990464513));
#327 = CARTESIAN_POINT('',(0.983926235903,81.662682754536));
#328 = CARTESIAN_POINT('',(0.9955121601,82.750740063327));
#329 = CARTESIAN_POINT('',(1.008221084814,83.819560695684));
#330 = CARTESIAN_POINT('',(1.022022412169,84.86728938785));
#331 = CARTESIAN_POINT('',(1.048516772186,86.693155661983));
#332 = CARTESIAN_POINT('',(1.060800156544,87.480561240193));
#333 = CARTESIAN_POINT('',(1.073733571196,88.253477600342));
#334 = CARTESIAN_POINT('',(1.087315284919,89.011201949981));
#335 = CARTESIAN_POINT('',(1.10154659029,89.752819338733));
#336 = CARTESIAN_POINT('',(1.116431495497,90.477165431357));
#337 = CARTESIAN_POINT('',(1.137807451732,91.447474954066));
#338 = CARTESIAN_POINT('',(1.14373177288,91.709544943606));
#339 = CARTESIAN_POINT('',(1.149749893824,91.968929245691));
#340 = CARTESIAN_POINT('',(1.155862394125,92.225551196259));
#341 = CARTESIAN_POINT('',(1.16206991866,92.479327470943));
#342 = CARTESIAN_POINT('',(1.16837317762,92.730168085072));
#343 = CARTESIAN_POINT('',(1.183105037686,93.300607016017));
#344 = CARTESIAN_POINT('',(1.191600666387,93.618095536301));
#345 = CARTESIAN_POINT('',(1.200261598249,93.93022955391));
#346 = CARTESIAN_POINT('',(1.209089618362,94.236769373126));
#347 = CARTESIAN_POINT('',(1.218086553198,94.537448178316));
#348 = CARTESIAN_POINT('',(1.227254292535,94.831972209113));
#349 = CARTESIAN_POINT('',(1.24915549809,95.507375200346));
#350 = CARTESIAN_POINT('',(1.262030954337,95.883091635455));
#351 = CARTESIAN_POINT('',(1.275223509639,96.246298063274));
#352 = CARTESIAN_POINT('',(1.288735220599,96.5960446408));
#353 = CARTESIAN_POINT('',(1.302567989438,96.931302914217));
#354 = CARTESIAN_POINT('',(1.316723682533,97.250964873421));
#355 = CARTESIAN_POINT('',(1.343056765943,97.801750566455));
#356 = CARTESIAN_POINT('',(1.355128784304,98.0384523129));
#357 = CARTESIAN_POINT('',(1.367414094153,98.263133656339));
#358 = CARTESIAN_POINT('',(1.379906446244,98.474999757212));
#359 = CARTESIAN_POINT('',(1.392599561084,98.673272600968));
#360 = CARTESIAN_POINT('',(1.405487138047,98.857189073081));
#361 = CARTESIAN_POINT('',(1.425493217097,99.115471122346));
#362 = CARTESIAN_POINT('',(1.432475388027,99.200686110788));
#363 = CARTESIAN_POINT('',(1.439506930804,99.281515618217));
#364 = CARTESIAN_POINT('',(1.446585406501,99.35783871078));
#365 = CARTESIAN_POINT('',(1.453708383755,99.429541901959));
#366 = CARTESIAN_POINT('',(1.460873438765,99.496519152572));
#367 = CARTESIAN_POINT('',(1.482510312923,99.683173344647));
#368 = CARTESIAN_POINT('',(1.497106801831,99.788360139812));
#369 = CARTESIAN_POINT('',(1.511835115795,99.873300090882));
#370 = CARTESIAN_POINT('',(1.526663078142,99.937291730926));
#371 = CARTESIAN_POINT('',(1.541558719368,99.979862430298));
#372 = CARTESIAN_POINT('',(1.55649015477,100.00076653547));
#373 = CARTESIAN_POINT('',(1.586365316419,99.999200241867));
#374 = CARTESIAN_POINT('',(1.601299004628,99.976717162935));
#375 = CARTESIAN_POINT('',(1.616194729655,99.932567676866));
#376 = CARTESIAN_POINT('',(1.631020727858,99.86700923257));
#377 = CARTESIAN_POINT('',(1.64574514778,99.78052522299));
#378 = CARTESIAN_POINT('',(1.660335928948,99.673826886017));
#379 = CARTESIAN_POINT('',(1.681964447946,99.484944544068));
#380 = CARTESIAN_POINT('',(1.689128126989,99.417215603818));
#381 = CARTESIAN_POINT('',(1.696249326426,99.344767825209));
#382 = CARTESIAN_POINT('',(1.703325647169,99.267707994215));
#383 = CARTESIAN_POINT('',(1.710354682414,99.186150242222));
#384 = CARTESIAN_POINT('',(1.717334017644,99.100216046029));
#385 = CARTESIAN_POINT('',(1.737080184329,98.843150871488));
#386 = CARTESIAN_POINT('',(1.74971733345,98.661765137006));
#387 = CARTESIAN_POINT('',(1.762166751342,98.466587096319));
#388 = CARTESIAN_POINT('',(1.774422522759,98.258338608565));
#389 = CARTESIAN_POINT('',(1.786478752458,98.03775506761));
#390 = CARTESIAN_POINT('',(1.798329573796,97.805587149551));
#391 = CARTESIAN_POINT('',(1.824377611699,97.261815821977));
#392 = CARTESIAN_POINT('',(1.838464845614,96.944402904671));
#393 = CARTESIAN_POINT('',(1.852232726439,96.611534529738));
#394 = CARTESIAN_POINT('',(1.865683042925,96.264302976175));
#395 = CARTESIAN_POINT('',(1.878817620553,95.903723020744));
#396 = CARTESIAN_POINT('',(1.891638436875,95.53073287818));
#397 = CARTESIAN_POINT('',(1.913582394734,94.856172358312));
#398 = CARTESIAN_POINT('',(1.922841156499,94.55954064996));
#399 = CARTESIAN_POINT('',(1.931926049156,94.25663046045));
#400 = CARTESIAN_POINT('',(1.940839011759,93.947744502789));
#401 = CARTESIAN_POINT('',(1.949581918402,93.633157575152));
#402 = CARTESIAN_POINT('',(1.958156601209,93.313116377158));
#403 = CARTESIAN_POINT('',(1.973003750051,92.738749049667));
#404 = CARTESIAN_POINT('',(1.979345012087,92.486589650384));
#405 = CARTESIAN_POINT('',(1.985589449368,92.231459574453));
#406 = CARTESIAN_POINT('',(1.99173778511,91.973450450184));
#407 = CARTESIAN_POINT('',(1.997790675829,91.712647088042));
#408 = CARTESIAN_POINT('',(2.003748711334,91.449127480657));
#409 = CARTESIAN_POINT('',(2.025207594164,90.475067872188));
#410 = CARTESIAN_POINT('',(2.040138512588,89.748328697863));
#411 = CARTESIAN_POINT('',(2.054411639516,89.004210490088));
#412 = CARTESIAN_POINT('',(2.06803100362,88.243888441358));
#413 = CARTESIAN_POINT('',(2.080997881936,87.468285444244));
#414 = CARTESIAN_POINT('',(2.093310489079,86.678109809233));
#415 = CARTESIAN_POINT('',(2.119833257634,84.84770286694));
#416 = CARTESIAN_POINT('',(2.133635143527,83.798237057544));
#417 = CARTESIAN_POINT('',(2.146341400557,82.727643058465));
#418 = CARTESIAN_POINT('',(2.157921192451,81.637785511323));
#419 = CARTESIAN_POINT('',(2.168341298878,80.530274737678));
#420 = CARTESIAN_POINT('',(2.177566529125,79.406496336624));
#421 = CARTESIAN_POINT('',(2.193632611044,77.117517956987));
#422 = CARTESIAN_POINT('',(2.200449774423,75.951900885407));
#423 = CARTESIAN_POINT('',(2.205958512311,74.774096302618));
#424 = CARTESIAN_POINT('',(2.210118899753,73.587167590703));
#425 = CARTESIAN_POINT('',(2.212903580019,72.394000273666));
#426 = CARTESIAN_POINT('',(2.214297435588,71.197367990257));
#427 = CARTESIAN_POINT('',(2.214297435588,68.798109551479));
#428 = CARTESIAN_POINT('',(2.212893031158,67.596968015879));
#429 = CARTESIAN_POINT('',(2.210087318868,66.39933173307));
#430 = CARTESIAN_POINT('',(2.205895639994,65.208002344704));
#431 = CARTESIAN_POINT('',(2.200345735439,64.02589540627));
#432 = CARTESIAN_POINT('',(2.193478080705,62.85610741693));
#433 = CARTESIAN_POINT('',(2.177335231049,60.564959046474));
#434 = CARTESIAN_POINT('',(2.168096332853,59.443009535478));
#435 = CARTESIAN_POINT('',(2.157666417687,58.337317245563));
#436 = CARTESIAN_POINT('',(2.146080493491,57.249259936769));
#437 = CARTESIAN_POINT('',(2.133371568776,56.180439304307));
#438 = CARTESIAN_POINT('',(2.119570241419,55.132710612029));
#439 = CARTESIAN_POINT('',(2.083021986756,52.613977359879));
#440 = CARTESIAN_POINT('',(2.059087491922,51.17002791456));
#441 = CARTESIAN_POINT('',(2.032922582296,49.778160324315));
#442 = CARTESIAN_POINT('',(2.004500709397,48.442909687971));
#443 = CARTESIAN_POINT('',(1.973761754558,47.172293968242));
#444 = CARTESIAN_POINT('',(1.940625468911,45.978685963684));
#445 = CARTESIAN_POINT('',(1.892437155499,44.492624799636));
#446 = CARTESIAN_POINT('',(1.879561699253,44.116908364548));
#447 = CARTESIAN_POINT('',(1.866369143951,43.753701936746));
#448 = CARTESIAN_POINT('',(1.852857432992,43.403955359217));
#449 = CARTESIAN_POINT('',(1.839024664152,43.068697085781));
#450 = CARTESIAN_POINT('',(1.824868971057,42.749035126565));
#451 = CARTESIAN_POINT('',(1.798535887647,42.198249433549));
#452 = CARTESIAN_POINT('',(1.786463869286,41.961547687103));
#453 = CARTESIAN_POINT('',(1.774178559437,41.736866343665));
#454 = CARTESIAN_POINT('',(1.761686207345,41.525000242791));
#455 = CARTESIAN_POINT('',(1.748993092506,41.326727399035));
#456 = CARTESIAN_POINT('',(1.736105515543,41.142810926922));
#457 = CARTESIAN_POINT('',(1.716099436803,40.884528881657));
#458 = CARTESIAN_POINT('',(1.709117265591,40.799313890194));
#459 = CARTESIAN_POINT('',(1.70208572253,40.718484379306));
#460 = CARTESIAN_POINT('',(1.695007246838,40.642161286259));
#461 = CARTESIAN_POINT('',(1.687884269877,40.570458097813));
#462 = CARTESIAN_POINT('',(1.680719215149,40.50348085022));
#463 = CARTESIAN_POINT('',(1.659082340667,40.316826655357));
#464 = CARTESIAN_POINT('',(1.644485851759,40.211639860189));
#465 = CARTESIAN_POINT('',(1.629757537795,40.126699909118));
#466 = CARTESIAN_POINT('',(1.614929575448,40.062708269074));
#467 = CARTESIAN_POINT('',(1.600033934222,40.020137569703));
#468 = CARTESIAN_POINT('',(1.58510249882,39.99923346453));
#469 = CARTESIAN_POINT('',(1.55522733717,40.000799758133));
#470 = CARTESIAN_POINT('',(1.540293648962,40.023282837065));
#471 = CARTESIAN_POINT('',(1.525397923935,40.067432323133));
#472 = CARTESIAN_POINT('',(1.510571925733,40.132990767427));
#473 = CARTESIAN_POINT('',(1.49584750581,40.219474777008));
#474 = CARTESIAN_POINT('',(1.481256724641,40.326173113984));
#475 = CARTESIAN_POINT('',(1.459628206153,40.51505545149));
#476 = CARTESIAN_POINT('',(1.452464526667,40.582784396535));
#477 = CARTESIAN_POINT('',(1.44534332677,40.655232179487));
#478 = CARTESIAN_POINT('',(1.438267006018,40.732292009722));
#479 = CARTESIAN_POINT('',(1.43123797122,40.813849756232));
#480 = CARTESIAN_POINT('',(1.424258636433,40.899783947629));
#481 = CARTESIAN_POINT('',(1.404512469262,41.156849128493));
#482 = CARTESIAN_POINT('',(1.39187532014,41.338234862987));
#483 = CARTESIAN_POINT('',(1.379425902247,41.533412903692));
#484 = CARTESIAN_POINT('',(1.36717013083,41.74166139145));
#485 = CARTESIAN_POINT('',(1.355113901132,41.962244932388));
#486 = CARTESIAN_POINT('',(1.343263079795,42.194412850423));
#487 = CARTESIAN_POINT('',(1.317215041892,42.738184178002));
#488 = CARTESIAN_POINT('',(1.303127807976,43.055597095322));
#489 = CARTESIAN_POINT('',(1.28935992715,43.388465470272));
#490 = CARTESIAN_POINT('',(1.275909610665,43.735697023838));
#491 = CARTESIAN_POINT('',(1.262775033037,44.096276979252));
#492 = CARTESIAN_POINT('',(1.249954216715,44.469267121796));
#493 = CARTESIAN_POINT('',(1.228010258856,45.143827641686));
#494 = CARTESIAN_POINT('',(1.21875149709,45.440459350037));
#495 = CARTESIAN_POINT('',(1.209666604434,45.743369539547));
#496 = CARTESIAN_POINT('',(1.20075364183,46.052255497208));
#497 = CARTESIAN_POINT('',(1.192010735188,46.366842424846));
#498 = CARTESIAN_POINT('',(1.183436052381,46.686883622838));
#499 = CARTESIAN_POINT('',(1.168588903539,47.261250950329));
#500 = CARTESIAN_POINT('',(1.162247641503,47.513410349613));
#501 = CARTESIAN_POINT('',(1.156003204222,47.768540425543));
#502 = CARTESIAN_POINT('',(1.14985486848,48.026549549813));
#503 = CARTESIAN_POINT('',(1.143801977761,48.287352911954));
#504 = CARTESIAN_POINT('',(1.137843942256,48.55087251934));
#505 = CARTESIAN_POINT('',(1.116385059426,49.524932127811));
#506 = CARTESIAN_POINT('',(1.101454141002,50.251671302134));
#507 = CARTESIAN_POINT('',(1.087181014074,50.995789509907));
#508 = CARTESIAN_POINT('',(1.07356164997,51.756111558638));
#509 = CARTESIAN_POINT('',(1.060594771654,52.531714555754));
#510 = CARTESIAN_POINT('',(1.048282164511,53.321890190768));
#511 = CARTESIAN_POINT('',(1.021759395956,55.152297133065));
#512 = CARTESIAN_POINT('',(1.007957510063,56.201762942454));
#513 = CARTESIAN_POINT('',(0.995251253033,57.272356941527));
#514 = CARTESIAN_POINT('',(0.983671461138,58.362214488669));
#515 = CARTESIAN_POINT('',(0.973251354712,59.46972526232));
#516 = CARTESIAN_POINT('',(0.964026124464,60.593503663379));
#517 = CARTESIAN_POINT('',(0.947960042546,62.882482043008));
#518 = CARTESIAN_POINT('',(0.941142879167,64.048099114588));
#519 = CARTESIAN_POINT('',(0.935634141279,65.225903697385));
#520 = CARTESIAN_POINT('',(0.931473753837,66.4128324093));
#521 = CARTESIAN_POINT('',(0.928689073571,67.60599972633));
#522 = CARTESIAN_POINT('',(0.927295218002,68.802632009738));
#523 = CARTESIAN_POINT('',(0.927295218002,70.));
#524 = ( GEOMETRIC_REPRESENTATION_CONTEXT(2) 
PARAMETRIC_REPRESENTATION_CONTEXT() REPRESENTATION_CONTEXT('2D SPACE',''
  ) );
#525 = PCURVE('',#526,#531);
#526 = CYLINDRICAL_SURFACE('',#527,30.);
#527 = AXIS2_PLACEMENT_3D('',#528,#529,#530);
#528 = CARTESIAN_POINT('',(50.,150.,70.));
#529 = DIRECTION('',(0.,-1.,1.110223024625E-16));
#530 = DIRECTION('',(1.,0.,0.));
#531 = DEFINITIONAL_REPRESENTATION('',(#532),#739);
#532 = B_SPLINE_CURVE_WITH_KNOTS('',7,(#533,#534,#535,#536,#537,#538,
    #539,#540,#541,#542,#543,#544,#545,#546,#547,#548,#549,#550,#551,
    #552,#553,#554,#555,#556,#557,#558,#559,#560,#561,#562,#563,#564,
    #565,#566,#567,#568,#569,#570,#571,#572,#573,#574,#575,#576,#577,
    #578,#579,#580,#581,#582,#583,#584,#585,#586,#587,#588,#589,#590,
    #591,#592,#593,#594,#595,#596,#597,#598,#599,#600,#601,#602,#603,
    #604,#605,#606,#607,#608,#609,#610,#611,#612,#613,#614,#615,#616,
    #617,#618,#619,#620,#621,#622,#623,#624,#625,#626,#627,#628,#629,
    #630,#631,#632,#633,#634,#635,#636,#637,#638,#639,#640,#641,#642,
    #643,#644,#645,#646,#647,#648,#649,#650,#651,#652,#653,#654,#655,
    #656,#657,#658,#659,#660,#661,#662,#663,#664,#665,#666,#667,#668,
    #669,#670,#671,#672,#673,#674,#675,#676,#677,#678,#679,#680,#681,
    #682,#683,#684,#685,#686,#687,#688,#689,#690,#691,#692,#693,#694,
    #695,#696,#697,#698,#699,#700,#701,#702,#703,#704,#705,#706,#707,
    #708,#709,#710,#711,#712,#713,#714,#715,#716,#717,#718,#719,#720,
    #721,#722,#723,#724,#725,#726,#727,#728,#729,#730,#731,#732,#733,
    #734,#735,#736,#737,#738),.UNSPECIFIED.,.F.,.F.,(8,6,6,6,6,6,6,6,6,6
    ,6,6,6,6,6,6,6,6,6,6,6,6,6,6,6,6,6,6,6,6,6,6,6,6,8),(0.,
    5.000017977189E-02,9.925936642336E-02,0.137790072988,0.152243277788,
    0.171060429181,0.196364841843,0.217076806586,0.22805449254,
    0.250044489448,0.272041181222,0.283026399646,0.303354778004,
    0.328518952561,0.347498062387,0.362031862726,0.400686141221,
    0.450009454538,0.49982084007,0.549820363178,0.599078902902,
    0.670922561307,0.696251379663,0.716983320759,0.727971594021,
    0.749982797952,0.772000703204,0.782996514931,0.803344494989,
    0.828532934172,0.847530344657,0.862078159253,0.900769710242,
    0.950140583702,1.),.UNSPECIFIED.);
#533 = CARTESIAN_POINT('',(0.,60.));
#534 = CARTESIAN_POINT('',(4.006301495065E-02,60.));
#535 = CARTESIAN_POINT('',(8.01010540019E-02,59.95786778695));
#536 = CARTESIAN_POINT('',(0.120127333116,59.87369668818));
#537 = CARTESIAN_POINT('',(0.160152753327,59.748443017248));
#538 = CARTESIAN_POINT('',(0.200184331115,59.583927991542));
#539 = CARTESIAN_POINT('',(0.240222161277,59.382785019886));
#540 = CARTESIAN_POINT('',(0.319694385581,58.917393947675));
#541 = CARTESIAN_POINT('',(0.359133372206,58.654099457637));
#542 = CARTESIAN_POINT('',(0.398630939104,58.361239049799));
#543 = CARTESIAN_POINT('',(0.438242221519,58.041870396446));
#544 = CARTESIAN_POINT('',(0.478019739251,57.699294008352));
#545 = CARTESIAN_POINT('',(0.518014633859,57.337020948645));
#546 = CARTESIAN_POINT('',(0.589771835953,56.662870382598));
#547 = CARTESIAN_POINT('',(0.621439860453,56.357108437324));
#548 = CARTESIAN_POINT('',(0.653326633742,56.043039910318));
#549 = CARTESIAN_POINT('',(0.68547690225,55.722278742391));
#550 = CARTESIAN_POINT('',(0.717935859407,55.396514302307));
#551 = CARTESIAN_POINT('',(0.750749579615,55.067545685519));
#552 = CARTESIAN_POINT('',(0.796425016365,54.613443976425));
#553 = CARTESIAN_POINT('',(0.808942062092,54.489385867549));
#554 = CARTESIAN_POINT('',(0.821519419687,54.365240631913));
#555 = CARTESIAN_POINT('',(0.834159976266,54.24111061133));
#556 = CARTESIAN_POINT('',(0.846866675791,54.117101543781));
#557 = CARTESIAN_POINT('',(0.859642519067,53.993322563421));
#558 = CARTESIAN_POINT('',(0.889217898973,53.709179924053));
#559 = CARTESIAN_POINT('',(0.906067525781,53.549055660156));
#560 = CARTESIAN_POINT('',(0.923046323985,53.389761637261));
#561 = CARTESIAN_POINT('',(0.940161040295,53.231560684942));
#562 = CARTESIAN_POINT('',(0.957418390013,53.074730717408));
#563 = CARTESIAN_POINT('',(0.974825158721,52.919565216952));
#564 = CARTESIAN_POINT('',(1.016006388664,52.560369054916));
#565 = CARTESIAN_POINT('',(1.039911623616,52.357895979119));
#566 = CARTESIAN_POINT('',(1.064116061709,52.159753945037));
#567 = CARTESIAN_POINT('',(1.088631672447,51.966794160829));
#568 = CARTESIAN_POINT('',(1.113470751383,51.779917702253));
#569 = CARTESIAN_POINT('',(1.138646329531,51.600073627152));
#570 = CARTESIAN_POINT('',(1.185066126709,51.287623197003));
#571 = CARTESIAN_POINT('',(1.206197865133,51.152345553177));
#572 = CARTESIAN_POINT('',(1.227562672519,51.023060864441));
#573 = CARTESIAN_POINT('',(1.24915634184,50.900398629539));
#574 = CARTESIAN_POINT('',(1.27097554919,50.784977525348));
#575 = CARTESIAN_POINT('',(1.293017818402,50.677401792245));
#576 = CARTESIAN_POINT('',(1.327081599761,50.525709558192));
#577 = CARTESIAN_POINT('',(1.33894214053,50.475537810022));
#578 = CARTESIAN_POINT('',(1.350860323454,50.427839879851));
#579 = CARTESIAN_POINT('',(1.362833464118,50.382707766519));
#580 = CARTESIAN_POINT('',(1.374858978197,50.340227962822));
#581 = CARTESIAN_POINT('',(1.386934381456,50.300481455515));
#582 = CARTESIAN_POINT('',(1.423341343521,50.189551758667));
#583 = CARTESIAN_POINT('',(1.44782471799,50.12680302517));
#584 = CARTESIAN_POINT('',(1.472466066602,50.075985939604));
#585 = CARTESIAN_POINT('',(1.4972262204,50.037626187552));
#586 = CARTESIAN_POINT('',(1.522067445094,50.012082108489));
#587 = CARTESIAN_POINT('',(1.546952698119,49.999540078882));
#588 = CARTESIAN_POINT('',(1.596744651719,50.000479854713));
#589 = CARTESIAN_POINT('',(1.621634630048,50.013969270448));
#590 = CARTESIAN_POINT('',(1.646477948839,50.040458790456));
#591 = CARTESIAN_POINT('',(1.67123775932,50.07975310409));
#592 = CARTESIAN_POINT('',(1.695876496857,50.131485658845));
#593 = CARTESIAN_POINT('',(1.72035514202,50.195123377128));
#594 = CARTESIAN_POINT('',(1.756756662924,50.307350702244));
#595 = CARTESIAN_POINT('',(1.768832854012,50.347532953098));
#596 = CARTESIAN_POINT('',(1.780858707838,50.390441962016));
#597 = CARTESIAN_POINT('',(1.792831776661,50.43599613545));
#598 = CARTESIAN_POINT('',(1.804749512076,50.484108449873));
#599 = CARTESIAN_POINT('',(1.816609265015,50.534686451781));
#600 = CARTESIAN_POINT('',(1.850242622428,50.685609588092));
#601 = CARTESIAN_POINT('',(1.871863325753,50.79167035233));
#602 = CARTESIAN_POINT('',(1.893268847341,50.905259316769));
#603 = CARTESIAN_POINT('',(1.914456884736,51.025804831329));
#604 = CARTESIAN_POINT('',(1.935424350349,51.152722111748));
#605 = CARTESIAN_POINT('',(1.956167340412,51.28541652185));
#606 = CARTESIAN_POINT('',(2.002074763791,51.593954337924));
#607 = CARTESIAN_POINT('',(2.027121517833,51.772582396735));
#608 = CARTESIAN_POINT('',(2.051835242745,51.958191254784));
#609 = CARTESIAN_POINT('',(2.076228693942,52.149845986662));
#610 = CARTESIAN_POINT('',(2.100313902612,52.346658398547));
#611 = CARTESIAN_POINT('',(2.124102572771,52.547788907756));
#612 = CARTESIAN_POINT('',(2.16533339417,52.906804981624));
#613 = CARTESIAN_POINT('',(2.182900777809,53.063190334601));
#614 = CARTESIAN_POINT('',(2.200315770043,53.221285953709));
#615 = CARTESIAN_POINT('',(2.217585331654,53.380789954583));
#616 = CARTESIAN_POINT('',(2.234716349742,53.541416596417));
#617 = CARTESIAN_POINT('',(2.251715744068,53.702895782383));
#618 = CARTESIAN_POINT('',(2.281512960304,53.989087523696));
#619 = CARTESIAN_POINT('',(2.294362248127,54.113552198919));
#620 = CARTESIAN_POINT('',(2.307141547243,54.238252066791));
#621 = CARTESIAN_POINT('',(2.319853909998,54.363076086062));
#622 = CARTESIAN_POINT('',(2.332502330709,54.487916693159));
#623 = CARTESIAN_POINT('',(2.345089745661,54.612669802183));
#624 = CARTESIAN_POINT('',(2.390942083879,55.068529455587));
#625 = CARTESIAN_POINT('',(2.423860415704,55.398555633028));
#626 = CARTESIAN_POINT('',(2.4564218641,55.725351233384));
#627 = CARTESIAN_POINT('',(2.488672925009,56.047099908241));
#628 = CARTESIAN_POINT('',(2.520659199232,56.362096302806));
#629 = CARTESIAN_POINT('',(2.552425836844,56.668711294086));
#630 = CARTESIAN_POINT('',(2.624329929389,57.343880925937));
#631 = CARTESIAN_POINT('',(2.664373988528,57.70632589414));
#632 = CARTESIAN_POINT('',(2.70420105556,58.048975056704));
#633 = CARTESIAN_POINT('',(2.743862288163,58.368303383329));
#634 = CARTESIAN_POINT('',(2.783410255695,58.660998453731));
#635 = CARTESIAN_POINT('',(2.822900178217,58.923993347152));
#636 = CARTESIAN_POINT('',(2.902273108415,59.387311433865));
#637 = CARTESIAN_POINT('',(2.942160195515,59.587012144057));
#638 = CARTESIAN_POINT('',(2.982041321286,59.750321752129));
#639 = CARTESIAN_POINT('',(3.021916524844,59.874644109515));
#640 = CARTESIAN_POINT('',(3.061792656314,59.958184254985));
#641 = CARTESIAN_POINT('',(3.101680387248,60.));
#642 = CARTESIAN_POINT('',(3.18165566854,60.));
#643 = CARTESIAN_POINT('',(3.221693707592,59.95786778695));
#644 = CARTESIAN_POINT('',(3.261719986705,59.87369668818));
#645 = CARTESIAN_POINT('',(3.301745406916,59.748443017248));
#646 = CARTESIAN_POINT('',(3.341776984705,59.583927991542));
#647 = CARTESIAN_POINT('',(3.381814814867,59.382785019886));
#648 = CARTESIAN_POINT('',(3.461287039175,58.917393947648));
#649 = CARTESIAN_POINT('',(3.500726025796,58.654099457628));
#650 = CARTESIAN_POINT('',(3.54022359269,58.361239049823));
#651 = CARTESIAN_POINT('',(3.579834875105,58.04187039648));
#652 = CARTESIAN_POINT('',(3.61961239284,57.699294008354));
#653 = CARTESIAN_POINT('',(3.659607287454,57.337020948601));
#654 = CARTESIAN_POINT('',(3.758594411295,56.407048435435));
#655 = CARTESIAN_POINT('',(3.817854859071,55.8216405335));
#656 = CARTESIAN_POINT('',(3.877994727454,55.212338698557));
#657 = CARTESIAN_POINT('',(3.93934388138,54.589318044698));
#658 = CARTESIAN_POINT('',(4.002231364004,53.964100715879));
#659 = CARTESIAN_POINT('',(4.066989691541,53.350693459158));
#660 = CARTESIAN_POINT('',(4.157599042254,52.560369054907));
#661 = CARTESIAN_POINT('',(4.181504277206,52.357895979121));
#662 = CARTESIAN_POINT('',(4.205708715298,52.159753945048));
#663 = CARTESIAN_POINT('',(4.230224326036,51.966794160838));
#664 = CARTESIAN_POINT('',(4.255063404972,51.779917702253));
#665 = CARTESIAN_POINT('',(4.280238983122,51.600073627144));
#666 = CARTESIAN_POINT('',(4.326658780298,51.287623197005));
#667 = CARTESIAN_POINT('',(4.347790518722,51.152345553179));
#668 = CARTESIAN_POINT('',(4.369155326108,51.023060864442));
#669 = CARTESIAN_POINT('',(4.390748995429,50.90039862954));
#670 = CARTESIAN_POINT('',(4.41256820278,50.784977525349));
#671 = CARTESIAN_POINT('',(4.434610471992,50.677401792247));
#672 = CARTESIAN_POINT('',(4.468674252823,50.525709560543));
#673 = CARTESIAN_POINT('',(4.480534794068,50.47553781059));
#674 = CARTESIAN_POINT('',(4.492452977476,50.427839878384));
#675 = CARTESIAN_POINT('',(4.504426118134,50.382707764776));
#676 = CARTESIAN_POINT('',(4.516451631719,50.340227962698));
#677 = CARTESIAN_POINT('',(4.528527034501,50.300481457175));
#678 = CARTESIAN_POINT('',(4.56493399711,50.18955175867));
#679 = CARTESIAN_POINT('',(4.58941737158,50.12680302517));
#680 = CARTESIAN_POINT('',(4.614058720192,50.075985939604));
#681 = CARTESIAN_POINT('',(4.63881887399,50.037626187552));
#682 = CARTESIAN_POINT('',(4.663660098683,50.01208210849));
#683 = CARTESIAN_POINT('',(4.688545351708,49.999540078882));
#684 = CARTESIAN_POINT('',(4.738337305309,50.000479854713));
#685 = CARTESIAN_POINT('',(4.763227283638,50.013969270448));
#686 = CARTESIAN_POINT('',(4.788070602429,50.040458790456));
#687 = CARTESIAN_POINT('',(4.812830412909,50.079753104088));
#688 = CARTESIAN_POINT('',(4.837469150447,50.131485658844));
#689 = CARTESIAN_POINT('',(4.86194779561,50.195123377129));
#690 = CARTESIAN_POINT('',(4.898349315657,50.307350699605));
#691 = CARTESIAN_POINT('',(4.910425507496,50.347532953288));
#692 = CARTESIAN_POINT('',(4.922451362097,50.39044196478));
#693 = CARTESIAN_POINT('',(4.934424430931,50.435996137781));
#694 = CARTESIAN_POINT('',(4.946342165586,50.48410844898));
#695 = CARTESIAN_POINT('',(4.958201917775,50.534686448058));
#696 = CARTESIAN_POINT('',(4.991835276016,50.685609588081));
#697 = CARTESIAN_POINT('',(5.013455979342,50.791670352326));
#698 = CARTESIAN_POINT('',(5.034861500932,50.905259316775));
#699 = CARTESIAN_POINT('',(5.056049538327,51.025804831337));
#700 = CARTESIAN_POINT('',(5.077017003939,51.152722111747));
#701 = CARTESIAN_POINT('',(5.097759994,51.285416521836));
#702 = CARTESIAN_POINT('',(5.143667417379,51.593954337913));
#703 = CARTESIAN_POINT('',(5.168714171422,51.772582396731));
#704 = CARTESIAN_POINT('',(5.193427896335,51.95819125479));
#705 = CARTESIAN_POINT('',(5.217821347533,52.149845986669));
#706 = CARTESIAN_POINT('',(5.241906556201,52.346658398545));
#707 = CARTESIAN_POINT('',(5.26569522636,52.547788907744));
#708 = CARTESIAN_POINT('',(5.30692604776,52.906804981622));
#709 = CARTESIAN_POINT('',(5.324493431398,53.063190334599));
#710 = CARTESIAN_POINT('',(5.341908423633,53.221285953707));
#711 = CARTESIAN_POINT('',(5.359177985244,53.380789954582));
#712 = CARTESIAN_POINT('',(5.376309003331,53.541416596416));
#713 = CARTESIAN_POINT('',(5.393308397657,53.702895782381));
#714 = CARTESIAN_POINT('',(5.423105613894,53.989087523694));
#715 = CARTESIAN_POINT('',(5.435954901717,54.113552198918));
#716 = CARTESIAN_POINT('',(5.448734200833,54.23825206679));
#717 = CARTESIAN_POINT('',(5.461446563588,54.363076086061));
#718 = CARTESIAN_POINT('',(5.474094984298,54.487916693157));
#719 = CARTESIAN_POINT('',(5.486682399251,54.612669802182));
#720 = CARTESIAN_POINT('',(5.532534737469,55.068529455586));
#721 = CARTESIAN_POINT('',(5.565453069294,55.398555633027));
#722 = CARTESIAN_POINT('',(5.598014517689,55.725351233382));
#723 = CARTESIAN_POINT('',(5.630265578599,56.047099908239));
#724 = CARTESIAN_POINT('',(5.662251852822,56.362096302805));
#725 = CARTESIAN_POINT('',(5.694018490434,56.668711294086));
#726 = CARTESIAN_POINT('',(5.765922582979,57.343880925939));
#727 = CARTESIAN_POINT('',(5.805966642118,57.706325894139));
#728 = CARTESIAN_POINT('',(5.84579370915,58.048975056702));
#729 = CARTESIAN_POINT('',(5.885454941753,58.368303383327));
#730 = CARTESIAN_POINT('',(5.925002909285,58.660998453731));
#731 = CARTESIAN_POINT('',(5.964492831807,58.923993347153));
#732 = CARTESIAN_POINT('',(6.043865762005,59.387311433864));
#733 = CARTESIAN_POINT('',(6.083752849105,59.587012144056));
#734 = CARTESIAN_POINT('',(6.123633974876,59.750321752129));
#735 = CARTESIAN_POINT('',(6.163509178434,59.874644109515));
#736 = CARTESIAN_POINT('',(6.203385309904,59.958184254985));
#737 = CARTESIAN_POINT('',(6.243273040838,60.));
#738 = CARTESIAN_POINT('',(6.28318530718,60.));
#739 = ( GEOMETRIC_REPRESENTATION_CONTEXT(2) 
PARAMETRIC_REPRESENTATION_CONTEXT() REPRESENTATION_CONTEXT('2D SPACE',''
  ) );
#740 = FACE_BOUND('',#741,.T.);
#741 = EDGE_LOOP('',(#742));
#742 = ORIENTED_EDGE('',*,*,#743,.F.);
#743 = EDGE_CURVE('',#744,#744,#746,.T.);
#744 = VERTEX_POINT('',#745);
#745 = CARTESIAN_POINT('',(80.,10.,70.));
#746 = SURFACE_CURVE('',#747,(#954,#1164),.PCURVE_S1.);
#747 = B_SPLINE_CURVE_WITH_KNOTS('',7,(#748,#749,#750,#751,#752,#753,
    #754,#755,#756,#757,#758,#759,#760,#761,#762,#763,#764,#765,#766,
    #767,#768,#769,#770,#771,#772,#773,#774,#775,#776,#777,#778,#779,
    #780,#781,#782,#783,#784,#785,#786,#787,#788,#789,#790,#791,#792,
    #793,#794,#795,#796,#797,#798,#799,#800,#801,#802,#803,#804,#805,
    #806,#807,#808,#809,#810,#811,#812,#813,#814,#815,#816,#817,#818,
    #819,#820,#821,#822,#823,#824,#825,#826,#827,#828,#829,#830,#831,
    #832,#833,#834,#835,#836,#837,#838,#839,#840,#841,#842,#843,#844,
    #845,#846,#847,#848,#849,#850,#851,#852,#853,#854,#855,#856,#857,
    #858,#859,#860,#861,#862,#863,#864,#865,#866,#867,#868,#869,#870,
    #871,#872,#873,#874,#875,#876,#877,#878,#879,#880,#881,#882,#883,
    #884,#885,#886,#887,#888,#889,#890,#891,#892,#893,#894,#895,#896,
    #897,#898,#899,#900,#901,#902,#903,#904,#905,#906,#907,#908,#909,
    #910,#911,#912,#913,#914,#915,#916,#917,#918,#919,#920,#921,#922,
    #923,#924,#925,#926,#927,#928,#929,#930,#931,#932,#933,#934,#935,
    #936,#937,#938,#939,#940,#941,#942,#943,#944,#945,#946,#947,#948,
    #949,#950,#951,#952,#953),.UNSPECIFIED.,.T.,.F.,(8,6,6,6,6,6,6,6,6,6
    ,6,6,6,6,6,6,6,6,6,6,6,6,6,6,6,6,6,6,6,6,6,6,6,6,8),(0.,
    5.000018448146E-02,9.925937577857E-02,0.137790086974,0.152243293118,
    0.171060446146,0.196364860853,0.217076827273,0.228054514117,
    0.250044512696,0.272041206254,0.283026424793,0.303354801938,
    0.328518974989,0.347498083801,0.362031883455,0.400686159068,
    0.450009469992,0.499820853106,0.549820373788,0.599078911123,
    0.670922566041,0.696251383167,0.716983323255,0.727971595983,
    0.74998279873,0.772000702912,0.782996514386,0.803344494497,
    0.828532933745,0.84753034428,0.862078158913,0.900769710003,
    0.950140583584,1.),.UNSPECIFIED.);
#748 = CARTESIAN_POINT('',(80.,10.,70.));
#749 = CARTESIAN_POINT('',(80.,10.,71.20189044852));
#750 = CARTESIAN_POINT('',(79.943823686646,9.95786778695,72.403031984123
    ));
#751 = CARTESIAN_POINT('',(79.831595647487,9.87369668818,73.60066826693)
  );
#752 = CARTESIAN_POINT('',(79.663555184427,9.748443017248,
    74.791997655295));
#753 = CARTESIAN_POINT('',(79.440072464368,9.583927991542,
    75.974104593732));
#754 = CARTESIAN_POINT('',(79.161741336897,9.382785019886,
    77.143892583069));
#755 = CARTESIAN_POINT('',(78.502279330843,8.917393947647,
    79.435040953533));
#756 = CARTESIAN_POINT('',(78.12269646074,8.654099457627,80.556990464522
    ));
#757 = CARTESIAN_POINT('',(77.691143505405,8.361239049823,
    81.662682754436));
#758 = CARTESIAN_POINT('',(77.207726718569,8.04187039648,82.750740063231
    ));
#759 = CARTESIAN_POINT('',(76.672379405109,7.699294008354,
    83.819560695693));
#760 = CARTESIAN_POINT('',(76.084913618627,7.337020948599,
    84.867289387976));
#761 = CARTESIAN_POINT('',(74.944563310507,6.662870374985,
    86.693155682602));
#762 = CARTESIAN_POINT('',(74.411856816343,6.357108445726,
    87.480561220384));
#763 = CARTESIAN_POINT('',(73.846455377679,6.043039916459,
    88.253477583895));
#764 = CARTESIAN_POINT('',(73.247727902005,5.722278735247,
    89.011201965415));
#765 = CARTESIAN_POINT('',(72.614920286244,5.396514294088,
    89.752819358812));
#766 = CARTESIAN_POINT('',(71.947178896341,5.067545694467,
    90.477165412238));
#767 = CARTESIAN_POINT('',(70.979645725304,4.613443976425,
    91.447474954066));
#768 = CARTESIAN_POINT('',(70.710652418251,4.489385867549,
    91.709544943606));
#769 = CARTESIAN_POINT('',(70.436536844317,4.365240631913,
    91.968929245691));
#770 = CARTESIAN_POINT('',(70.157239491521,4.24111061133,92.225551196259
    ));
#771 = CARTESIAN_POINT('',(69.872698617278,4.117101543781,
    92.479327470943));
#772 = CARTESIAN_POINT('',(69.582850248399,3.993322563421,
    92.730168085072));
#773 = CARTESIAN_POINT('',(68.90326786945,3.709179925044,93.300607014028
    ));
#774 = CARTESIAN_POINT('',(68.509801352729,3.54905566026,93.618095536133
    ));
#775 = CARTESIAN_POINT('',(68.107080412812,3.389761636485,
    93.930229555453));
#776 = CARTESIAN_POINT('',(67.694958605313,3.231560684183,94.23676937457
    ));
#777 = CARTESIAN_POINT('',(67.273291176914,3.074730717525,
    94.537448178054));
#778 = CARTESIAN_POINT('',(66.841934982698,2.919565217895,94.83197220734
    ));
#779 = CARTESIAN_POINT('',(65.807461621641,2.560369054905,
    95.507375200367));
#780 = CARTESIAN_POINT('',(65.196288301033,2.357895979119,
    95.883091635455));
#781 = CARTESIAN_POINT('',(64.566998996943,2.159753945047,
    96.246298063257));
#782 = CARTESIAN_POINT('',(63.919399107112,1.966794160837,
    96.596044640787));
#783 = CARTESIAN_POINT('',(63.253329170866,1.779917702251,
    96.931302914222));
#784 = CARTESIAN_POINT('',(62.568665168237,1.600073627142,
    97.250964873438));
#785 = CARTESIAN_POINT('',(61.289621410795,1.287623196987,
    97.801750566483));
#786 = CARTESIAN_POINT('',(60.701317807882,1.152345553178,
    98.038452312899));
#787 = CARTESIAN_POINT('',(60.100711903075,1.023060864454,
    98.263133656316));
#788 = CARTESIAN_POINT('',(59.488135092078,0.900398629549,
    98.474999757195));
#789 = CARTESIAN_POINT('',(58.863946336334,0.784977525344,
    98.673272600974));
#790 = CARTESIAN_POINT('',(58.228532225786,0.677401792233,
    98.857189073102));
#791 = CARTESIAN_POINT('',(57.239796941035,0.525709558192,
    99.115471122346));
#792 = CARTESIAN_POINT('',(56.894300931915,0.475537810022,
    99.200686110788));
#793 = CARTESIAN_POINT('',(56.545955553667,0.427839879851,
    99.281515618217));
#794 = CARTESIAN_POINT('',(56.194899365298,0.382707766519,99.35783871078
    ));
#795 = CARTESIAN_POINT('',(55.84127294544,0.340227962822,99.429541901959
    ));
#796 = CARTESIAN_POINT('',(55.485218892347,0.300481455515,
    99.496519152572));
#797 = CARTESIAN_POINT('',(54.409077450527,0.189551759046,99.68317334401
    ));
#798 = CARTESIAN_POINT('',(53.681854098031,0.126803025008,
    99.788360140083));
#799 = CARTESIAN_POINT('',(52.94702114642,7.598593931344E-02,
    99.87330009137));
#800 = CARTESIAN_POINT('',(52.206414407237,3.762618756495E-02,
    99.937291730905));
#801 = CARTESIAN_POINT('',(51.461888370508,1.208210870838E-02,
    99.97986242993));
#802 = CARTESIAN_POINT('',(50.715308451688,-4.599211159497E-04,
    100.00076653546));
#803 = CARTESIAN_POINT('',(49.221550668691,4.79854712868E-04,
    99.999200241867));
#804 = CARTESIAN_POINT('',(48.47487449241,1.396927044783E-02,
    99.976717162935));
#805 = CARTESIAN_POINT('',(47.730377253609,4.045879045643E-02,
    99.932567676866));
#806 = CARTESIAN_POINT('',(46.989917938971,7.97531040899E-02,
    99.86700923257));
#807 = CARTESIAN_POINT('',(46.255344236524,0.131485658845,99.78052522299
    ));
#808 = CARTESIAN_POINT('',(45.528484794151,0.195123377128,
    99.673826886017));
#809 = CARTESIAN_POINT('',(44.452897950535,0.307350699606,
    99.484944548508));
#810 = CARTESIAN_POINT('',(44.096962029134,0.347532953289,
    99.417215603463));
#811 = CARTESIAN_POINT('',(43.743476964994,0.390441964782,
    99.344767820511));
#812 = CARTESIAN_POINT('',(43.392583964463,0.435996137782,
    99.267707990276));
#813 = CARTESIAN_POINT('',(43.044422189126,0.484108448981,
    99.186150243766));
#814 = CARTESIAN_POINT('',(42.699128755809,0.53468644806,99.100216052368
    ));
#815 = CARTESIAN_POINT('',(41.72342388199,0.685609588092,98.843150871488
    ));
#816 = CARTESIAN_POINT('',(41.100457674856,0.79167035233,98.661765137005
    ));
#817 = CARTESIAN_POINT('',(40.488328320527,0.905259316769,
    98.466587096319));
#818 = CARTESIAN_POINT('',(39.887398339586,1.025804831329,
    98.258338608565));
#819 = CARTESIAN_POINT('',(39.298004626138,1.152722111748,98.03775506761
    ));
#820 = CARTESIAN_POINT('',(38.720458506098,1.28541652185,97.805587149552
    ));
#821 = CARTESIAN_POINT('',(37.455130440971,1.593954337915,
    97.261815821994));
#822 = CARTESIAN_POINT('',(36.773687831518,1.772582396733,
    96.944402904675));
#823 = CARTESIAN_POINT('',(36.110634280345,1.958191254792,
    96.611534529725));
#824 = CARTESIAN_POINT('',(35.465850901764,2.149845986671,
    96.264302976158));
#825 = CARTESIAN_POINT('',(34.839183902408,2.346658398547,
    95.903723020744));
#826 = CARTESIAN_POINT('',(34.230444872461,2.547788907745,
    95.530732878201));
#827 = CARTESIAN_POINT('',(33.193646588826,2.906804982617,
    94.856172356445));
#828 = CARTESIAN_POINT('',(32.757891793591,3.063190334732,
    94.559540649668));
#829 = CARTESIAN_POINT('',(32.332001658758,3.221285952919,
    94.256630461951));
#830 = CARTESIAN_POINT('',(31.915829515211,3.380789953764,
    93.947744504415));
#831 = CARTESIAN_POINT('',(31.509226969699,3.54141659651,93.633157575007
    ));
#832 = CARTESIAN_POINT('',(31.112043817402,3.702895783403,
    93.313116375112));
#833 = CARTESIAN_POINT('',(30.427070200626,3.989087523696,
    92.738749049668));
#834 = CARTESIAN_POINT('',(30.135448318208,4.113552198919,
    92.486589650384));
#835 = CARTESIAN_POINT('',(29.849194945606,4.238252066791,
    92.231459574453));
#836 = CARTESIAN_POINT('',(29.568244997171,4.363076086062,
    91.973450450184));
#837 = CARTESIAN_POINT('',(29.29253566323,4.487916693159,91.712647088042
    ));
#838 = CARTESIAN_POINT('',(29.022006410093,4.612669802183,
    91.449127480657));
#839 = CARTESIAN_POINT('',(28.050718054551,5.068529446503,
    90.475067891597));
#840 = CARTESIAN_POINT('',(27.380931445849,5.398555641366,
    89.748328677482));
#841 = CARTESIAN_POINT('',(26.746301027908,5.725351240637,
    89.004210474419));
#842 = CARTESIAN_POINT('',(26.145965596549,6.047099902015,
    88.243888458048));
#843 = CARTESIAN_POINT('',(25.579164747172,6.362096294281,
    87.468285464351));
#844 = CARTESIAN_POINT('',(25.045262752472,6.668711301804,
    86.678109788308));
#845 = CARTESIAN_POINT('',(23.903864895457,7.343880925941,84.84770286693
    ));
#846 = CARTESIAN_POINT('',(23.316472209308,7.70632589414,83.798237057544
    ));
#847 = CARTESIAN_POINT('',(22.781329889917,8.048975056703,82.72764305847
    ));
#848 = CARTESIAN_POINT('',(22.298254187888,8.368303383329,
    81.637785511327));
#849 = CARTESIAN_POINT('',(21.867182008013,8.660998453731,
    80.530274737678));
#850 = CARTESIAN_POINT('',(21.488223183584,8.923993347154,
    79.406496336618));
#851 = CARTESIAN_POINT('',(20.831996225104,9.387311433866,
    77.117517956986));
#852 = CARTESIAN_POINT('',(20.555738205982,9.587012144057,
    75.951900885405));
#853 = CARTESIAN_POINT('',(20.333924337632,9.750321752129,74.77409630262
    ));
#854 = CARTESIAN_POINT('',(20.16714112603,9.874644109515,73.587167590705
    ));
#855 = CARTESIAN_POINT('',(20.055754355097,9.958184254985,
    72.394000273664));
#856 = CARTESIAN_POINT('',(20.,10.,71.197367990256));
#857 = CARTESIAN_POINT('',(20.,10.,68.798109551481));
#858 = CARTESIAN_POINT('',(20.056176313354,9.957867786949,
    67.596968015876));
#859 = CARTESIAN_POINT('',(20.168404352513,9.87369668818,66.399331733072
    ));
#860 = CARTESIAN_POINT('',(20.336444815573,9.748443017248,
    65.208002344706));
#861 = CARTESIAN_POINT('',(20.559927535632,9.583927991542,
    64.025895406267));
#862 = CARTESIAN_POINT('',(20.838258663102,9.382785019887,
    62.856107416932));
#863 = CARTESIAN_POINT('',(21.497720669156,8.917393947648,
    60.564959046473));
#864 = CARTESIAN_POINT('',(21.877303539261,8.654099457627,
    59.443009535475));
#865 = CARTESIAN_POINT('',(22.308856494594,8.361239049823,
    58.337317245565));
#866 = CARTESIAN_POINT('',(22.79227328143,8.04187039648,57.249259936772)
  );
#867 = CARTESIAN_POINT('',(23.327620594892,7.699294008353,
    56.180439304305));
#868 = CARTESIAN_POINT('',(23.915086381369,7.337020948601,55.13271061203
    ));
#869 = CARTESIAN_POINT('',(25.488168840154,6.407048435435,
    52.613977359879));
#870 = CARTESIAN_POINT('',(26.532295070538,5.821640533501,
    51.170027914562));
#871 = CARTESIAN_POINT('',(27.690880177411,5.212338698556,
    49.778160324311));
#872 = CARTESIAN_POINT('',(28.969608361917,4.589318044698,
    48.442909687975));
#873 = CARTESIAN_POINT('',(30.375570134063,3.964100715879,47.17229396824
    ));
#874 = CARTESIAN_POINT('',(31.916429591482,3.350693459158,
    45.978685963683));
#875 = CARTESIAN_POINT('',(34.192538378323,2.560369054918,
    44.492624799657));
#876 = CARTESIAN_POINT('',(34.803711698957,2.357895979121,
    44.116908364548));
#877 = CARTESIAN_POINT('',(35.433001003079,2.159753945039,
    43.753701936729));
#878 = CARTESIAN_POINT('',(36.080600892912,1.966794160831,
    43.403955359203));
#879 = CARTESIAN_POINT('',(36.746670829124,1.779917702255,
    43.068697085786));
#880 = CARTESIAN_POINT('',(37.431334831716,1.600073627154,
    42.749035126582));
#881 = CARTESIAN_POINT('',(38.710378589131,1.287623197005,
    42.198249433549));
#882 = CARTESIAN_POINT('',(39.298682192103,1.152345553179,
    41.961547687103));
#883 = CARTESIAN_POINT('',(39.899288096975,1.023060864442,
    41.736866343665));
#884 = CARTESIAN_POINT('',(40.511864907973,0.90039862954,41.525000242791
    ));
#885 = CARTESIAN_POINT('',(41.136053663649,0.784977525349,
    41.326727399035));
#886 = CARTESIAN_POINT('',(41.771467774126,0.677401792247,
    41.142810926922));
#887 = CARTESIAN_POINT('',(42.760203043641,0.525709560543,
    40.884528881657));
#888 = CARTESIAN_POINT('',(43.105699066729,0.47553781059,40.799313890194
    ));
#889 = CARTESIAN_POINT('',(43.45404445906,0.427839878384,40.718484379306
    ));
#890 = CARTESIAN_POINT('',(43.805100647119,0.382707764776,
    40.642161286259));
#891 = CARTESIAN_POINT('',(44.15872705243,0.340227962698,40.570458097812
    ));
#892 = CARTESIAN_POINT('',(44.514781091555,0.300481457175,40.50348085022
    ));
#893 = CARTESIAN_POINT('',(45.590922549449,0.189551759048,
    40.316826655994));
#894 = CARTESIAN_POINT('',(46.318145901958,0.126803025009,
    40.211639859918));
#895 = CARTESIAN_POINT('',(47.052978853581,7.598593931306E-02,
    40.126699908629));
#896 = CARTESIAN_POINT('',(47.793585592763,3.762618756522E-02,
    40.062708269096));
#897 = CARTESIAN_POINT('',(48.53811162948,1.208210870918E-02,
    40.020137570071));
#898 = CARTESIAN_POINT('',(49.284691548288,-4.599211158098E-04,
    39.999233464534));
#899 = CARTESIAN_POINT('',(50.778449331315,4.798547127226E-04,
    40.000799758133));
#900 = CARTESIAN_POINT('',(51.525125507582,1.396927044803E-02,
    40.023282837065));
#901 = CARTESIAN_POINT('',(52.269622746368,4.045879045575E-02,
    40.067432323133));
#902 = CARTESIAN_POINT('',(53.010082061007,7.975310408826E-02,
    40.132990767427));
#903 = CARTESIAN_POINT('',(53.744655763468,0.131485658844,
    40.219474777008));
#904 = CARTESIAN_POINT('',(54.471515205854,0.195123377129,
    40.326173113985));
#905 = CARTESIAN_POINT('',(55.547102058648,0.307350700564,
    40.515055453104));
#906 = CARTESIAN_POINT('',(55.90303797207,0.347532953219,40.582784396407
    ));
#907 = CARTESIAN_POINT('',(56.256523027899,0.390441963775,
    40.655232177779));
#908 = CARTESIAN_POINT('',(56.607416028251,0.435996136933,40.73229200829
    ));
#909 = CARTESIAN_POINT('',(56.95557781163,0.484108449304,40.813849756793
    ));
#910 = CARTESIAN_POINT('',(57.300871252925,0.534686449411,
    40.899783949934));
#911 = CARTESIAN_POINT('',(58.276576117941,0.685609588081,
    41.156849128493));
#912 = CARTESIAN_POINT('',(58.899542325129,0.791670352326,
    41.338234862987));
#913 = CARTESIAN_POINT('',(59.511671679511,0.905259316775,
    41.533412903692));
#914 = CARTESIAN_POINT('',(60.11260166045,1.025804831337,41.74166139145)
  );
#915 = CARTESIAN_POINT('',(60.701995373848,1.152722111747,
    41.962244932387));
#916 = CARTESIAN_POINT('',(61.279541493842,1.285416521835,
    42.194412850423));
#917 = CARTESIAN_POINT('',(62.544869559021,1.593954337913,
    42.738184178002));
#918 = CARTESIAN_POINT('',(63.226312168475,1.772582396731,
    43.055597095322));
#919 = CARTESIAN_POINT('',(63.889365719649,1.95819125479,43.388465470272
    ));
#920 = CARTESIAN_POINT('',(64.534149098231,2.149845986669,
    43.735697023838));
#921 = CARTESIAN_POINT('',(65.160816097587,2.346658398545,
    44.096276979252));
#922 = CARTESIAN_POINT('',(65.769555127534,2.547788907744,
    44.469267121796));
#923 = CARTESIAN_POINT('',(66.806353408302,2.906804981623,
    45.143827641686));
#924 = CARTESIAN_POINT('',(67.242108206194,3.063190334599,
    45.440459350037));
#925 = CARTESIAN_POINT('',(67.667998343451,3.221285953707,
    45.743369539547));
#926 = CARTESIAN_POINT('',(68.084170486809,3.380789954582,
    46.052255497208));
#927 = CARTESIAN_POINT('',(68.490773029913,3.541416596416,
    46.366842424846));
#928 = CARTESIAN_POINT('',(68.887956180153,3.702895782381,
    46.686883622838));
#929 = CARTESIAN_POINT('',(69.57292979937,3.989087523694,47.261250950329
    ));
#930 = CARTESIAN_POINT('',(69.864551681789,4.113552198918,
    47.513410349613));
#931 = CARTESIAN_POINT('',(70.15080505439,4.23825206679,47.768540425543)
  );
#932 = CARTESIAN_POINT('',(70.431755002826,4.363076086061,
    48.026549549813));
#933 = CARTESIAN_POINT('',(70.707464336766,4.487916693157,
    48.287352911954));
#934 = CARTESIAN_POINT('',(70.977993589904,4.612669802182,48.55087251934
    ));
#935 = CARTESIAN_POINT('',(71.949281964798,5.068529455585,
    49.524932127808));
#936 = CARTESIAN_POINT('',(72.619068538487,5.398555633026,
    50.251671302133));
#937 = CARTESIAN_POINT('',(73.253698956853,5.725351233382,
    50.995789509908));
#938 = CARTESIAN_POINT('',(73.854034414039,6.04709990824,51.75611155864)
  );
#939 = CARTESIAN_POINT('',(74.420835269409,6.362096302806,
    52.531714555756));
#940 = CARTESIAN_POINT('',(74.95473723448,6.668711294086,53.321890190768
    ));
#941 = CARTESIAN_POINT('',(76.096135104463,7.343880925893,
    55.152297132941));
#942 = CARTESIAN_POINT('',(76.683527790697,7.706325894139,
    56.201762942437));
#943 = CARTESIAN_POINT('',(77.218670110136,8.048975056737,
    57.272356941626));
#944 = CARTESIAN_POINT('',(77.701745812144,8.368303383352,
    58.362214488772));
#945 = CARTESIAN_POINT('',(78.13281799197,8.66099845372,59.469725262308)
  );
#946 = CARTESIAN_POINT('',(78.511776816379,8.923993347127,60.59350366325
    ));
#947 = CARTESIAN_POINT('',(79.168003774894,9.387311433864,
    62.882482043006));
#948 = CARTESIAN_POINT('',(79.444261794018,9.587012144056,
    64.048099114591));
#949 = CARTESIAN_POINT('',(79.666075662368,9.750321752129,
    65.225903697382));
#950 = CARTESIAN_POINT('',(79.83285887397,9.874644109515,66.412832409298
    ));
#951 = CARTESIAN_POINT('',(79.944245644903,9.958184254985,
    67.605999726334));
#952 = CARTESIAN_POINT('',(80.,10.,68.802632009738));
#953 = CARTESIAN_POINT('',(80.,10.,70.));
#954 = PCURVE('',#32,#955);
#955 = DEFINITIONAL_REPRESENTATION('',(#956),#1163);
#956 = B_SPLINE_CURVE_WITH_KNOTS('',7,(#957,#958,#959,#960,#961,#962,
    #963,#964,#965,#966,#967,#968,#969,#970,#971,#972,#973,#974,#975,
    #976,#977,#978,#979,#980,#981,#982,#983,#984,#985,#986,#987,#988,
    #989,#990,#991,#992,#993,#994,#995,#996,#997,#998,#999,#1000,#1001,
    #1002,#1003,#1004,#1005,#1006,#1007,#1008,#1009,#1010,#1011,#1012,
    #1013,#1014,#1015,#1016,#1017,#1018,#1019,#1020,#1021,#1022,#1023,
    #1024,#1025,#1026,#1027,#1028,#1029,#1030,#1031,#1032,#1033,#1034,
    #1035,#1036,#1037,#1038,#1039,#1040,#1041,#1042,#1043,#1044,#1045,
    #1046,#1047,#1048,#1049,#1050,#1051,#1052,#1053,#1054,#1055,#1056,
    #1057,#1058,#1059,#1060,#1061,#1062,#1063,#1064,#1065,#1066,#1067,
    #1068,#1069,#1070,#1071,#1072,#1073,#1074,#1075,#1076,#1077,#1078,
    #1079,#1080,#1081,#1082,#1083,#1084,#1085,#1086,#1087,#1088,#1089,
    #1090,#1091,#1092,#1093,#1094,#1095,#1096,#1097,#1098,#1099,#1100,
    #1101,#1102,#1103,#1104,#1105,#1106,#1107,#1108,#1109,#1110,#1111,
    #1112,#1113,#1114,#1115,#1116,#1117,#1118,#1119,#1120,#1121,#1122,
    #1123,#1124,#1125,#1126,#1127,#1128,#1129,#1130,#1131,#1132,#1133,
    #1134,#1135,#1136,#1137,#1138,#1139,#1140,#1141,#1142,#1143,#1144,
    #1145,#1146,#1147,#1148,#1149,#1150,#1151,#1152,#1153,#1154,#1155,
    #1156,#1157,#1158,#1159,#1160,#1161,#1162),.UNSPECIFIED.,.T.,.F.,(8,
    6,6,6,6,6,6,6,6,6,6,6,6,6,6,6,6,6,6,6,6,6,6,6,6,6,6,6,6,6,6,6,6,6,8)
  ,(0.,5.000018448146E-02,9.925937577857E-02,0.137790086974,
    0.152243293118,0.171060446146,0.196364860853,0.217076827273,
    0.228054514117,0.250044512696,0.272041206254,0.283026424793,
    0.303354801938,0.328518974989,0.347498083801,0.362031883455,
    0.400686159068,0.450009469992,0.499820853106,0.549820373788,
    0.599078911123,0.670922566041,0.696251383167,0.716983323255,
    0.727971595983,0.74998279873,0.772000702912,0.782996514386,
    0.803344494497,0.828532933745,0.84753034428,0.862078158913,
    0.900769710003,0.950140583584,1.),.UNSPECIFIED.);
#957 = CARTESIAN_POINT('',(5.355890089178,70.));
#958 = CARTESIAN_POINT('',(5.355890089178,71.20189044852));
#959 = CARTESIAN_POINT('',(5.354485684748,72.403031984122));
#960 = CARTESIAN_POINT('',(5.351679972458,73.60066826693));
#961 = CARTESIAN_POINT('',(5.347488293584,74.791997655296));
#962 = CARTESIAN_POINT('',(5.341938389029,75.974104593731));
#963 = CARTESIAN_POINT('',(5.335070734294,77.143892583069));
#964 = CARTESIAN_POINT('',(5.318927884638,79.435040953533));
#965 = CARTESIAN_POINT('',(5.309688986443,80.556990464522));
#966 = CARTESIAN_POINT('',(5.299259071277,81.662682754436));
#967 = CARTESIAN_POINT('',(5.287673147081,82.75074006323));
#968 = CARTESIAN_POINT('',(5.274964222366,83.819560695694));
#969 = CARTESIAN_POINT('',(5.261162895009,84.867289387976));
#970 = CARTESIAN_POINT('',(5.234668534695,86.693155682602));
#971 = CARTESIAN_POINT('',(5.222385151004,87.480561220384));
#972 = CARTESIAN_POINT('',(5.209451736226,88.253477583895));
#973 = CARTESIAN_POINT('',(5.195870021928,89.011201965415));
#974 = CARTESIAN_POINT('',(5.181638716539,89.752819358812));
#975 = CARTESIAN_POINT('',(5.166753812104,90.477165412238));
#976 = CARTESIAN_POINT('',(5.145377855448,91.447474954066));
#977 = CARTESIAN_POINT('',(5.1394535343,91.709544943606));
#978 = CARTESIAN_POINT('',(5.133435413356,91.968929245691));
#979 = CARTESIAN_POINT('',(5.127322913054,92.225551196259));
#980 = CARTESIAN_POINT('',(5.12111538852,92.479327470943));
#981 = CARTESIAN_POINT('',(5.11481212956,92.730168085072));
#982 = CARTESIAN_POINT('',(5.100080269545,93.300607014028));
#983 = CARTESIAN_POINT('',(5.0915846408,93.618095536133));
#984 = CARTESIAN_POINT('',(5.082923708889,93.930229555453));
#985 = CARTESIAN_POINT('',(5.074095688773,94.23676937457));
#986 = CARTESIAN_POINT('',(5.065098753986,94.537448178054));
#987 = CARTESIAN_POINT('',(5.055931014702,94.83197220734));
#988 = CARTESIAN_POINT('',(5.034029809089,95.507375200367));
#989 = CARTESIAN_POINT('',(5.021154352842,95.883091635455));
#990 = CARTESIAN_POINT('',(5.007961797541,96.246298063257));
#991 = CARTESIAN_POINT('',(4.994450086581,96.596044640787));
#992 = CARTESIAN_POINT('',(4.980617317742,96.931302914222));
#993 = CARTESIAN_POINT('',(4.966461624646,97.250964873438));
#994 = CARTESIAN_POINT('',(4.940128541236,97.801750566483));
#995 = CARTESIAN_POINT('',(4.928056522876,98.038452312899));
#996 = CARTESIAN_POINT('',(4.915771213028,98.263133656316));
#997 = CARTESIAN_POINT('',(4.903278860936,98.474999757195));
#998 = CARTESIAN_POINT('',(4.890585746096,98.673272600974));
#999 = CARTESIAN_POINT('',(4.877698169131,98.857189073102));
#1000 = CARTESIAN_POINT('',(4.857692090083,99.115471122346));
#1001 = CARTESIAN_POINT('',(4.850709919153,99.200686110788));
#1002 = CARTESIAN_POINT('',(4.843678376376,99.281515618217));
#1003 = CARTESIAN_POINT('',(4.836599900679,99.35783871078));
#1004 = CARTESIAN_POINT('',(4.829476923424,99.429541901959));
#1005 = CARTESIAN_POINT('',(4.822311868415,99.496519152572));
#1006 = CARTESIAN_POINT('',(4.80067499433,99.68317334401));
#1007 = CARTESIAN_POINT('',(4.786078505272,99.788360140083));
#1008 = CARTESIAN_POINT('',(4.771350191325,99.87330009137));
#1009 = CARTESIAN_POINT('',(4.7565222291,99.937291730905));
#1010 = CARTESIAN_POINT('',(4.741626587887,99.97986242993));
#1011 = CARTESIAN_POINT('',(4.726695152333,100.00076653546));
#1012 = CARTESIAN_POINT('',(4.69681999076,99.999200241867));
#1013 = CARTESIAN_POINT('',(4.681886302552,99.976717162935));
#1014 = CARTESIAN_POINT('',(4.666990577525,99.932567676866));
#1015 = CARTESIAN_POINT('',(4.652164579322,99.86700923257));
#1016 = CARTESIAN_POINT('',(4.6374401594,99.78052522299));
#1017 = CARTESIAN_POINT('',(4.622849378231,99.673826886017));
#1018 = CARTESIAN_POINT('',(4.601220859742,99.484944548508));
#1019 = CARTESIAN_POINT('',(4.594057180257,99.417215603463));
#1020 = CARTESIAN_POINT('',(4.586935980359,99.344767820511));
#1021 = CARTESIAN_POINT('',(4.579859659608,99.267707990276));
#1022 = CARTESIAN_POINT('',(4.57283062481,99.186150243766));
#1023 = CARTESIAN_POINT('',(4.565851290023,99.100216052368));
#1024 = CARTESIAN_POINT('',(4.546105122851,98.843150871488));
#1025 = CARTESIAN_POINT('',(4.533467973729,98.661765137005));
#1026 = CARTESIAN_POINT('',(4.521018555838,98.466587096319));
#1027 = CARTESIAN_POINT('',(4.508762784421,98.258338608565));
#1028 = CARTESIAN_POINT('',(4.496706554722,98.03775506761));
#1029 = CARTESIAN_POINT('',(4.484855733383,97.805587149552));
#1030 = CARTESIAN_POINT('',(4.458807695481,97.261815821994));
#1031 = CARTESIAN_POINT('',(4.444720461565,96.944402904675));
#1032 = CARTESIAN_POINT('',(4.43095258074,96.611534529725));
#1033 = CARTESIAN_POINT('',(4.417502264254,96.264302976158));
#1034 = CARTESIAN_POINT('',(4.404367686626,95.903723020744));
#1035 = CARTESIAN_POINT('',(4.391546870305,95.530732878201));
#1036 = CARTESIAN_POINT('',(4.369602912385,94.856172356445));
#1037 = CARTESIAN_POINT('',(4.360344150675,94.559540649668));
#1038 = CARTESIAN_POINT('',(4.35125925807,94.256630461951));
#1039 = CARTESIAN_POINT('',(4.342346295464,93.947744504415));
#1040 = CARTESIAN_POINT('',(4.33360338877,93.633157575007));
#1041 = CARTESIAN_POINT('',(4.325028705918,93.313116375112));
#1042 = CARTESIAN_POINT('',(4.310181557129,92.738749049668));
#1043 = CARTESIAN_POINT('',(4.303840295093,92.486589650384));
#1044 = CARTESIAN_POINT('',(4.297595857812,92.231459574453));
#1045 = CARTESIAN_POINT('',(4.291447522069,91.973450450184));
#1046 = CARTESIAN_POINT('',(4.28539463135,91.712647088042));
#1047 = CARTESIAN_POINT('',(4.279436595846,91.449127480657));
#1048 = CARTESIAN_POINT('',(4.257977713443,90.475067891597));
#1049 = CARTESIAN_POINT('',(4.243046794237,89.748328677482));
#1050 = CARTESIAN_POINT('',(4.228773667326,89.004210474419));
#1051 = CARTESIAN_POINT('',(4.215154303805,88.243888458048));
#1052 = CARTESIAN_POINT('',(4.202187425617,87.468285464351));
#1053 = CARTESIAN_POINT('',(4.189874817797,86.678109788308));
#1054 = CARTESIAN_POINT('',(4.163352049545,84.84770286693));
#1055 = CARTESIAN_POINT('',(4.149550163652,83.798237057544));
#1056 = CARTESIAN_POINT('',(4.136843906623,82.72764305847));
#1057 = CARTESIAN_POINT('',(4.125264114728,81.637785511327));
#1058 = CARTESIAN_POINT('',(4.114844008301,80.530274737678));
#1059 = CARTESIAN_POINT('',(4.105618778054,79.406496336618));
#1060 = CARTESIAN_POINT('',(4.089552696136,77.117517956986));
#1061 = CARTESIAN_POINT('',(4.082735532756,75.951900885405));
#1062 = CARTESIAN_POINT('',(4.077226794868,74.77409630262));
#1063 = CARTESIAN_POINT('',(4.073066407427,73.587167590705));
#1064 = CARTESIAN_POINT('',(4.070281727161,72.394000273664));
#1065 = CARTESIAN_POINT('',(4.068887871591,71.197367990256));
#1066 = CARTESIAN_POINT('',(4.068887871591,68.798109551481));
#1067 = CARTESIAN_POINT('',(4.070292276022,67.596968015876));
#1068 = CARTESIAN_POINT('',(4.073097988312,66.399331733072));
#1069 = CARTESIAN_POINT('',(4.077289667186,65.208002344706));
#1070 = CARTESIAN_POINT('',(4.082839571741,64.025895406267));
#1071 = CARTESIAN_POINT('',(4.089707226475,62.856107416932));
#1072 = CARTESIAN_POINT('',(4.105850076131,60.564959046473));
#1073 = CARTESIAN_POINT('',(4.115088974327,59.443009535475));
#1074 = CARTESIAN_POINT('',(4.125518889492,58.337317245565));
#1075 = CARTESIAN_POINT('',(4.137104813689,57.249259936772));
#1076 = CARTESIAN_POINT('',(4.149813738404,56.180439304305));
#1077 = CARTESIAN_POINT('',(4.16361506576,55.13271061203));
#1078 = CARTESIAN_POINT('',(4.200163320424,52.613977359879));
#1079 = CARTESIAN_POINT('',(4.224097815258,51.170027914562));
#1080 = CARTESIAN_POINT('',(4.250262724884,49.778160324311));
#1081 = CARTESIAN_POINT('',(4.278684597782,48.442909687975));
#1082 = CARTESIAN_POINT('',(4.309423552622,47.17229396824));
#1083 = CARTESIAN_POINT('',(4.342559838269,45.978685963683));
#1084 = CARTESIAN_POINT('',(4.39074815168,44.492624799657));
#1085 = CARTESIAN_POINT('',(4.403623607927,44.116908364548));
#1086 = CARTESIAN_POINT('',(4.416816163229,43.753701936729));
#1087 = CARTESIAN_POINT('',(4.430327874188,43.403955359203));
#1088 = CARTESIAN_POINT('',(4.444160643027,43.068697085786));
#1089 = CARTESIAN_POINT('',(4.458316336122,42.749035126582));
#1090 = CARTESIAN_POINT('',(4.484649419532,42.198249433549));
#1091 = CARTESIAN_POINT('',(4.496721437893,41.961547687103));
#1092 = CARTESIAN_POINT('',(4.509006747743,41.736866343665));
#1093 = CARTESIAN_POINT('',(4.521499099834,41.525000242791));
#1094 = CARTESIAN_POINT('',(4.534192214673,41.326727399035));
#1095 = CARTESIAN_POINT('',(4.547079791637,41.142810926922));
#1096 = CARTESIAN_POINT('',(4.567085870376,40.884528881657));
#1097 = CARTESIAN_POINT('',(4.574068041588,40.799313890194));
#1098 = CARTESIAN_POINT('',(4.58109958465,40.718484379306));
#1099 = CARTESIAN_POINT('',(4.588178060342,40.642161286259));
#1100 = CARTESIAN_POINT('',(4.595301037303,40.570458097812));
#1101 = CARTESIAN_POINT('',(4.602466092031,40.50348085022));
#1102 = CARTESIAN_POINT('',(4.624102966439,40.316826655994));
#1103 = CARTESIAN_POINT('',(4.638699455497,40.211639859918));
#1104 = CARTESIAN_POINT('',(4.653427769445,40.126699908629));
#1105 = CARTESIAN_POINT('',(4.66825573167,40.062708269096));
#1106 = CARTESIAN_POINT('',(4.683151372882,40.020137570071));
#1107 = CARTESIAN_POINT('',(4.698082808436,39.999233464534));
#1108 = CARTESIAN_POINT('',(4.727957970009,40.000799758133));
#1109 = CARTESIAN_POINT('',(4.742891658217,40.023282837065));
#1110 = CARTESIAN_POINT('',(4.757787383244,40.067432323133));
#1111 = CARTESIAN_POINT('',(4.772613381447,40.132990767427));
#1112 = CARTESIAN_POINT('',(4.787337801369,40.219474777008));
#1113 = CARTESIAN_POINT('',(4.801928582538,40.326173113985));
#1114 = CARTESIAN_POINT('',(4.823557101212,40.515055453104));
#1115 = CARTESIAN_POINT('',(4.830720780536,40.582784396407));
#1116 = CARTESIAN_POINT('',(4.837841980266,40.655232177779));
#1117 = CARTESIAN_POINT('',(4.844918301015,40.73229200829));
#1118 = CARTESIAN_POINT('',(4.851947335976,40.813849756793));
#1119 = CARTESIAN_POINT('',(4.858926670923,40.899783949934));
#1120 = CARTESIAN_POINT('',(4.878672837917,41.156849128493));
#1121 = CARTESIAN_POINT('',(4.89130998704,41.338234862987));
#1122 = CARTESIAN_POINT('',(4.903759404932,41.533412903692));
#1123 = CARTESIAN_POINT('',(4.916015176349,41.74166139145));
#1124 = CARTESIAN_POINT('',(4.928071406047,41.962244932387));
#1125 = CARTESIAN_POINT('',(4.939922227385,42.194412850423));
#1126 = CARTESIAN_POINT('',(4.965970265288,42.738184178002));
#1127 = CARTESIAN_POINT('',(4.980057499204,43.055597095322));
#1128 = CARTESIAN_POINT('',(4.993825380029,43.388465470272));
#1129 = CARTESIAN_POINT('',(5.007275696515,43.735697023838));
#1130 = CARTESIAN_POINT('',(5.020410274143,44.096276979252));
#1131 = CARTESIAN_POINT('',(5.033231090464,44.469267121796));
#1132 = CARTESIAN_POINT('',(5.055175048323,45.143827641686));
#1133 = CARTESIAN_POINT('',(5.064433810089,45.440459350037));
#1134 = CARTESIAN_POINT('',(5.073518702746,45.743369539547));
#1135 = CARTESIAN_POINT('',(5.082431665349,46.052255497208));
#1136 = CARTESIAN_POINT('',(5.091174571991,46.366842424846));
#1137 = CARTESIAN_POINT('',(5.099749254799,46.686883622838));
#1138 = CARTESIAN_POINT('',(5.11459640364,47.261250950329));
#1139 = CARTESIAN_POINT('',(5.120937665677,47.513410349613));
#1140 = CARTESIAN_POINT('',(5.127182102957,47.768540425543));
#1141 = CARTESIAN_POINT('',(5.1333304387,48.026549549813));
#1142 = CARTESIAN_POINT('',(5.139383329419,48.287352911954));
#1143 = CARTESIAN_POINT('',(5.145341364924,48.55087251934));
#1144 = CARTESIAN_POINT('',(5.166800247754,49.524932127808));
#1145 = CARTESIAN_POINT('',(5.181731166178,50.251671302133));
#1146 = CARTESIAN_POINT('',(5.196004293106,50.995789509908));
#1147 = CARTESIAN_POINT('',(5.20962365721,51.75611155864));
#1148 = CARTESIAN_POINT('',(5.222590535526,52.531714555756));
#1149 = CARTESIAN_POINT('',(5.234903142669,53.321890190768));
#1150 = CARTESIAN_POINT('',(5.261425911222,55.152297132941));
#1151 = CARTESIAN_POINT('',(5.275227797117,56.201762942437));
#1152 = CARTESIAN_POINT('',(5.287934054148,57.272356941626));
#1153 = CARTESIAN_POINT('',(5.299513846042,58.362214488771));
#1154 = CARTESIAN_POINT('',(5.309933952468,59.469725262308));
#1155 = CARTESIAN_POINT('',(5.319159182714,60.59350366325));
#1156 = CARTESIAN_POINT('',(5.335225264634,62.882482043006));
#1157 = CARTESIAN_POINT('',(5.342042428013,64.048099114591));
#1158 = CARTESIAN_POINT('',(5.347551165901,65.225903697382));
#1159 = CARTESIAN_POINT('',(5.351711553343,66.412832409298));
#1160 = CARTESIAN_POINT('',(5.354496233608,67.605999726334));
#1161 = CARTESIAN_POINT('',(5.355890089178,68.802632009738));
#1162 = CARTESIAN_POINT('',(5.355890089178,70.));
#1163 = ( GEOMETRIC_REPRESENTATION_CONTEXT(2) 
PARAMETRIC_REPRESENTATION_CONTEXT() REPRESENTATION_CONTEXT('2D SPACE',''
  ) );
#1164 = PCURVE('',#1165,#1170);
#1165 = CYLINDRICAL_SURFACE('',#1166,30.);
#1166 = AXIS2_PLACEMENT_3D('',#1167,#1168,#1169);
#1167 = CARTESIAN_POINT('',(50.,150.,70.));
#1168 = DIRECTION('',(0.,-1.,1.110223024625E-16));
#1169 = DIRECTION('',(1.,0.,0.));
#1170 = DEFINITIONAL_REPRESENTATION('',(#1171),#1378);
#1171 = B_SPLINE_CURVE_WITH_KNOTS('',7,(#1172,#1173,#1174,#1175,#1176,
    #1177,#1178,#1179,#1180,#1181,#1182,#1183,#1184,#1185,#1186,#1187,
    #1188,#1189,#1190,#1191,#1192,#1193,#1194,#1195,#1196,#1197,#1198,
    #1199,#1200,#1201,#1202,#1203,#1204,#1205,#1206,#1207,#1208,#1209,
    #1210,#1211,#1212,#1213,#1214,#1215,#1216,#1217,#1218,#1219,#1220,
    #1221,#1222,#1223,#1224,#1225,#1226,#1227,#1228,#1229,#1230,#1231,
    #1232,#1233,#1234,#1235,#1236,#1237,#1238,#1239,#1240,#1241,#1242,
    #1243,#1244,#1245,#1246,#1247,#1248,#1249,#1250,#1251,#1252,#1253,
    #1254,#1255,#1256,#1257,#1258,#1259,#1260,#1261,#1262,#1263,#1264,
    #1265,#1266,#1267,#1268,#1269,#1270,#1271,#1272,#1273,#1274,#1275,
    #1276,#1277,#1278,#1279,#1280,#1281,#1282,#1283,#1284,#1285,#1286,
    #1287,#1288,#1289,#1290,#1291,#1292,#1293,#1294,#1295,#1296,#1297,
    #1298,#1299,#1300,#1301,#1302,#1303,#1304,#1305,#1306,#1307,#1308,
    #1309,#1310,#1311,#1312,#1313,#1314,#1315,#1316,#1317,#1318,#1319,
    #1320,#1321,#1322,#1323,#1324,#1325,#1326,#1327,#1328,#1329,#1330,
    #1331,#1332,#1333,#1334,#1335,#1336,#1337,#1338,#1339,#1340,#1341,
    #1342,#1343,#1344,#1345,#1346,#1347,#1348,#1349,#1350,#1351,#1352,
    #1353,#1354,#1355,#1356,#1357,#1358,#1359,#1360,#1361,#1362,#1363,
    #1364,#1365,#1366,#1367,#1368,#1369,#1370,#1371,#1372,#1373,#1374,
    #1375,#1376,#1377),.UNSPECIFIED.,.F.,.F.,(8,6,6,6,6,6,6,6,6,6,6,6,6,
    6,6,6,6,6,6,6,6,6,6,6,6,6,6,6,6,6,6,6,6,6,8),(0.,5.000018448146E-02,
    9.925937577857E-02,0.137790086974,0.152243293118,0.171060446146,
    0.196364860853,0.217076827273,0.228054514117,0.250044512696,
    0.272041206254,0.283026424793,0.303354801938,0.328518974989,
    0.347498083801,0.362031883455,0.400686159068,0.450009469992,
    0.499820853106,0.549820373788,0.599078911123,0.670922566041,
    0.696251383167,0.716983323255,0.727971595983,0.74998279873,
    0.772000702912,0.782996514386,0.803344494497,0.828532933745,
    0.84753034428,0.862078158913,0.900769710003,0.950140583584,1.),
  .UNSPECIFIED.);
#1172 = CARTESIAN_POINT('',(0.,140.));
#1173 = CARTESIAN_POINT('',(4.006301495068E-02,140.));
#1174 = CARTESIAN_POINT('',(8.010105400181E-02,140.04213221305));
#1175 = CARTESIAN_POINT('',(0.120127333116,140.12630331182));
#1176 = CARTESIAN_POINT('',(0.160152753327,140.25155698275));
#1177 = CARTESIAN_POINT('',(0.200184331115,140.41607200845));
#1178 = CARTESIAN_POINT('',(0.240222161277,140.61721498011));
#1179 = CARTESIAN_POINT('',(0.319694385586,141.08260605235));
#1180 = CARTESIAN_POINT('',(0.359133372207,141.34590054237));
#1181 = CARTESIAN_POINT('',(0.3986309391,141.63876095017));
#1182 = CARTESIAN_POINT('',(0.438242221515,141.95812960352));
#1183 = CARTESIAN_POINT('',(0.478019739251,142.30070599164));
#1184 = CARTESIAN_POINT('',(0.518014633864,142.6629790514));
#1185 = CARTESIAN_POINT('',(0.589771836763,143.33712962501));
#1186 = CARTESIAN_POINT('',(0.621439859592,143.64289155427));
#1187 = CARTESIAN_POINT('',(0.653326633092,143.95696008354));
#1188 = CARTESIAN_POINT('',(0.685476902968,144.27772126475));
#1189 = CARTESIAN_POINT('',(0.717935860256,144.60348570591));
#1190 = CARTESIAN_POINT('',(0.750749578715,144.93245430553));
#1191 = CARTESIAN_POINT('',(0.796425016365,145.38655602357));
#1192 = CARTESIAN_POINT('',(0.808942062092,145.51061413245));
#1193 = CARTESIAN_POINT('',(0.821519419687,145.63475936808));
#1194 = CARTESIAN_POINT('',(0.834159976266,145.75888938867));
#1195 = CARTESIAN_POINT('',(0.846866675791,145.88289845621));
#1196 = CARTESIAN_POINT('',(0.859642519067,146.00667743657));
#1197 = CARTESIAN_POINT('',(0.88921789887,146.29082007495));
#1198 = CARTESIAN_POINT('',(0.906067525767,146.45094433974));
#1199 = CARTESIAN_POINT('',(0.923046324067,146.61023836351));
#1200 = CARTESIAN_POINT('',(0.940161040381,146.76843931581));
#1201 = CARTESIAN_POINT('',(0.957418390003,146.92526928247));
#1202 = CARTESIAN_POINT('',(0.974825158613,147.0804347821));
#1203 = CARTESIAN_POINT('',(1.016006388665,147.43963094509));
#1204 = CARTESIAN_POINT('',(1.039911623617,147.64210402088));
#1205 = CARTESIAN_POINT('',(1.064116061708,147.84024605495));
#1206 = CARTESIAN_POINT('',(1.088631672446,148.03320583916));
#1207 = CARTESIAN_POINT('',(1.113470751383,148.22008229774));
#1208 = CARTESIAN_POINT('',(1.138646329532,148.39992637285));
#1209 = CARTESIAN_POINT('',(1.185066126711,148.71237680301));
#1210 = CARTESIAN_POINT('',(1.206197865133,148.84765444682));
#1211 = CARTESIAN_POINT('',(1.227562672517,148.97693913554));
#1212 = CARTESIAN_POINT('',(1.249156341838,149.09960137045));
#1213 = CARTESIAN_POINT('',(1.270975549191,149.21502247465));
#1214 = CARTESIAN_POINT('',(1.293017818405,149.32259820776));
#1215 = CARTESIAN_POINT('',(1.327081599761,149.4742904418));
#1216 = CARTESIAN_POINT('',(1.33894214053,149.52446218997));
#1217 = CARTESIAN_POINT('',(1.350860323454,149.57216012014));
#1218 = CARTESIAN_POINT('',(1.362833464118,149.61729223348));
#1219 = CARTESIAN_POINT('',(1.374858978197,149.65977203717));
#1220 = CARTESIAN_POINT('',(1.386934381456,149.69951854448));
#1221 = CARTESIAN_POINT('',(1.423341343397,149.81044824095));
#1222 = CARTESIAN_POINT('',(1.447824718118,149.87319697499));
#1223 = CARTESIAN_POINT('',(1.472466066702,149.92401406068));
#1224 = CARTESIAN_POINT('',(1.497226220297,149.96237381243));
#1225 = CARTESIAN_POINT('',(1.522067444967,149.98791789129));
#1226 = CARTESIAN_POINT('',(1.546952698247,150.00045992111));
#1227 = CARTESIAN_POINT('',(1.596744651719,149.99952014528));
#1228 = CARTESIAN_POINT('',(1.621634630048,149.98603072955));
#1229 = CARTESIAN_POINT('',(1.646477948839,149.95954120954));
#1230 = CARTESIAN_POINT('',(1.67123775932,149.92024689591));
#1231 = CARTESIAN_POINT('',(1.695876496857,149.86851434115));
#1232 = CARTESIAN_POINT('',(1.72035514202,149.80487662287));
#1233 = CARTESIAN_POINT('',(1.756756662068,149.69264930039));
#1234 = CARTESIAN_POINT('',(1.768832853906,149.65246704671));
#1235 = CARTESIAN_POINT('',(1.780858708508,149.60955803521));
#1236 = CARTESIAN_POINT('',(1.792831777341,149.56400386221));
#1237 = CARTESIAN_POINT('',(1.804749511996,149.51589155101));
#1238 = CARTESIAN_POINT('',(1.816609264186,149.46531355194));
#1239 = CARTESIAN_POINT('',(1.850242622428,149.3143904119));
#1240 = CARTESIAN_POINT('',(1.871863325753,149.20832964767));
#1241 = CARTESIAN_POINT('',(1.893268847341,149.09474068323));
#1242 = CARTESIAN_POINT('',(1.914456884736,148.97419516867));
#1243 = CARTESIAN_POINT('',(1.935424350349,148.84727788825));
#1244 = CARTESIAN_POINT('',(1.956167340412,148.71458347815));
#1245 = CARTESIAN_POINT('',(2.00207476379,148.40604566208));
#1246 = CARTESIAN_POINT('',(2.027121517833,148.22741760326));
#1247 = CARTESIAN_POINT('',(2.051835242746,148.0418087452));
#1248 = CARTESIAN_POINT('',(2.076228693943,147.85015401332));
#1249 = CARTESIAN_POINT('',(2.100313902612,147.65334160145));
#1250 = CARTESIAN_POINT('',(2.12410257277,147.45221109225));
#1251 = CARTESIAN_POINT('',(2.165333394284,147.09319501738));
#1252 = CARTESIAN_POINT('',(2.18290077782,146.93680966526));
#1253 = CARTESIAN_POINT('',(2.200315769954,146.77871404708));
#1254 = CARTESIAN_POINT('',(2.217585331568,146.61921004623));
#1255 = CARTESIAN_POINT('',(2.234716349755,146.45858340349));
#1256 = CARTESIAN_POINT('',(2.251715744174,146.29710421659));
#1257 = CARTESIAN_POINT('',(2.281512960304,146.0109124763));
#1258 = CARTESIAN_POINT('',(2.294362248127,145.88644780108));
#1259 = CARTESIAN_POINT('',(2.307141547243,145.7617479332));
#1260 = CARTESIAN_POINT('',(2.319853909998,145.63692391393));
#1261 = CARTESIAN_POINT('',(2.332502330709,145.51208330684));
#1262 = CARTESIAN_POINT('',(2.345089745661,145.38733019781));
#1263 = CARTESIAN_POINT('',(2.390942082966,144.93147055349));
#1264 = CARTESIAN_POINT('',(2.423860416565,144.60144435863));
#1265 = CARTESIAN_POINT('',(2.456421864828,144.27464875936));
#1266 = CARTESIAN_POINT('',(2.48867292435,143.95290009798));
#1267 = CARTESIAN_POINT('',(2.520659198359,143.63790370571));
#1268 = CARTESIAN_POINT('',(2.552425837666,143.33128869819));
#1269 = CARTESIAN_POINT('',(2.624329929389,142.65611907405));
#1270 = CARTESIAN_POINT('',(2.664373988528,142.29367410586));
#1271 = CARTESIAN_POINT('',(2.70420105556,141.95102494329));
#1272 = CARTESIAN_POINT('',(2.743862288163,141.63169661667));
#1273 = CARTESIAN_POINT('',(2.783410255695,141.33900154626));
#1274 = CARTESIAN_POINT('',(2.822900178217,141.07600665284));
#1275 = CARTESIAN_POINT('',(2.902273108415,140.61268856613));
#1276 = CARTESIAN_POINT('',(2.942160195515,140.41298785594));
#1277 = CARTESIAN_POINT('',(2.982041321286,140.24967824787));
#1278 = CARTESIAN_POINT('',(3.021916524844,140.12535589048));
#1279 = CARTESIAN_POINT('',(3.061792656314,140.04181574501));
#1280 = CARTESIAN_POINT('',(3.101680387248,140.));
#1281 = CARTESIAN_POINT('',(3.18165566854,140.));
#1282 = CARTESIAN_POINT('',(3.221693707592,140.04213221305));
#1283 = CARTESIAN_POINT('',(3.261719986705,140.12630331182));
#1284 = CARTESIAN_POINT('',(3.301745406916,140.25155698275));
#1285 = CARTESIAN_POINT('',(3.341776984705,140.41607200845));
#1286 = CARTESIAN_POINT('',(3.381814814867,140.61721498011));
#1287 = CARTESIAN_POINT('',(3.461287039175,141.08260605235));
#1288 = CARTESIAN_POINT('',(3.500726025796,141.34590054237));
#1289 = CARTESIAN_POINT('',(3.54022359269,141.63876095017));
#1290 = CARTESIAN_POINT('',(3.579834875105,141.95812960352));
#1291 = CARTESIAN_POINT('',(3.619612392841,142.30070599164));
#1292 = CARTESIAN_POINT('',(3.659607287454,142.66297905139));
#1293 = CARTESIAN_POINT('',(3.758594411295,143.59295156456));
#1294 = CARTESIAN_POINT('',(3.817854859071,144.17835946649));
#1295 = CARTESIAN_POINT('',(3.877994727455,144.78766130144));
#1296 = CARTESIAN_POINT('',(3.939343881379,145.4106819553));
#1297 = CARTESIAN_POINT('',(4.002231364004,146.03589928412));
#1298 = CARTESIAN_POINT('',(4.066989691541,146.64930654084));
#1299 = CARTESIAN_POINT('',(4.157599042253,147.43963094508));
#1300 = CARTESIAN_POINT('',(4.181504277206,147.64210402087));
#1301 = CARTESIAN_POINT('',(4.205708715299,147.84024605496));
#1302 = CARTESIAN_POINT('',(4.230224326037,148.03320583916));
#1303 = CARTESIAN_POINT('',(4.255063404972,148.22008229774));
#1304 = CARTESIAN_POINT('',(4.28023898312,148.39992637284));
#1305 = CARTESIAN_POINT('',(4.326658780298,148.71237680299));
#1306 = CARTESIAN_POINT('',(4.347790518722,148.84765444682));
#1307 = CARTESIAN_POINT('',(4.369155326108,148.97693913555));
#1308 = CARTESIAN_POINT('',(4.390748995429,149.09960137046));
#1309 = CARTESIAN_POINT('',(4.41256820278,149.21502247465));
#1310 = CARTESIAN_POINT('',(4.434610471992,149.32259820775));
#1311 = CARTESIAN_POINT('',(4.468674252823,149.47429043945));
#1312 = CARTESIAN_POINT('',(4.480534794068,149.52446218941));
#1313 = CARTESIAN_POINT('',(4.492452977476,149.57216012161));
#1314 = CARTESIAN_POINT('',(4.504426118134,149.61729223522));
#1315 = CARTESIAN_POINT('',(4.516451631719,149.6597720373));
#1316 = CARTESIAN_POINT('',(4.528527034501,149.69951854282));
#1317 = CARTESIAN_POINT('',(4.564933996986,149.81044824095));
#1318 = CARTESIAN_POINT('',(4.589417371707,149.87319697499));
#1319 = CARTESIAN_POINT('',(4.614058720292,149.92401406068));
#1320 = CARTESIAN_POINT('',(4.638818873887,149.96237381243));
#1321 = CARTESIAN_POINT('',(4.663660098556,149.98791789129));
#1322 = CARTESIAN_POINT('',(4.688545351836,150.00045992111));
#1323 = CARTESIAN_POINT('',(4.738337305309,149.99952014528));
#1324 = CARTESIAN_POINT('',(4.763227283638,149.98603072955));
#1325 = CARTESIAN_POINT('',(4.788070602428,149.95954120954));
#1326 = CARTESIAN_POINT('',(4.812830412909,149.92024689591));
#1327 = CARTESIAN_POINT('',(4.837469150447,149.86851434115));
#1328 = CARTESIAN_POINT('',(4.86194779561,149.80487662287));
#1329 = CARTESIAN_POINT('',(4.898349315968,149.69264929943));
#1330 = CARTESIAN_POINT('',(4.910425507534,149.65246704678));
#1331 = CARTESIAN_POINT('',(4.922451361854,149.60955803622));
#1332 = CARTESIAN_POINT('',(4.934424430684,149.56400386306));
#1333 = CARTESIAN_POINT('',(4.946342165615,149.51589155069));
#1334 = CARTESIAN_POINT('',(4.958201918076,149.46531355058));
#1335 = CARTESIAN_POINT('',(4.991835276016,149.31439041191));
#1336 = CARTESIAN_POINT('',(5.013455979342,149.20832964767));
#1337 = CARTESIAN_POINT('',(5.034861500932,149.09474068322));
#1338 = CARTESIAN_POINT('',(5.056049538327,148.97419516866));
#1339 = CARTESIAN_POINT('',(5.077017003939,148.84727788825));
#1340 = CARTESIAN_POINT('',(5.097759993999,148.71458347816));
#1341 = CARTESIAN_POINT('',(5.143667417379,148.40604566208));
#1342 = CARTESIAN_POINT('',(5.168714171422,148.22741760326));
#1343 = CARTESIAN_POINT('',(5.193427896335,148.04180874521));
#1344 = CARTESIAN_POINT('',(5.217821347533,147.85015401333));
#1345 = CARTESIAN_POINT('',(5.241906556202,147.65334160145));
#1346 = CARTESIAN_POINT('',(5.26569522636,147.45221109225));
#1347 = CARTESIAN_POINT('',(5.30692604776,147.09319501837));
#1348 = CARTESIAN_POINT('',(5.324493431398,146.9368096654));
#1349 = CARTESIAN_POINT('',(5.341908423633,146.77871404629));
#1350 = CARTESIAN_POINT('',(5.359177985244,146.61921004541));
#1351 = CARTESIAN_POINT('',(5.376309003331,146.45858340358));
#1352 = CARTESIAN_POINT('',(5.393308397657,146.29710421761));
#1353 = CARTESIAN_POINT('',(5.423105613894,146.0109124763));
#1354 = CARTESIAN_POINT('',(5.435954901717,145.88644780108));
#1355 = CARTESIAN_POINT('',(5.448734200833,145.76174793321));
#1356 = CARTESIAN_POINT('',(5.461446563588,145.63692391393));
#1357 = CARTESIAN_POINT('',(5.474094984298,145.51208330684));
#1358 = CARTESIAN_POINT('',(5.486682399251,145.38733019781));
#1359 = CARTESIAN_POINT('',(5.532534737469,144.93147054441));
#1360 = CARTESIAN_POINT('',(5.565453069294,144.60144436697));
#1361 = CARTESIAN_POINT('',(5.598014517689,144.27464876661));
#1362 = CARTESIAN_POINT('',(5.630265578599,143.95290009176));
#1363 = CARTESIAN_POINT('',(5.662251852822,143.63790369719));
#1364 = CARTESIAN_POINT('',(5.694018490434,143.33128870591));
#1365 = CARTESIAN_POINT('',(5.765922582974,142.6561190741));
#1366 = CARTESIAN_POINT('',(5.805966642117,142.29367410586));
#1367 = CARTESIAN_POINT('',(5.845793709154,141.95102494326));
#1368 = CARTESIAN_POINT('',(5.885454941756,141.63169661664));
#1369 = CARTESIAN_POINT('',(5.925002909285,141.33900154628));
#1370 = CARTESIAN_POINT('',(5.964492831802,141.07600665287));
#1371 = CARTESIAN_POINT('',(6.043865762005,140.61268856613));
#1372 = CARTESIAN_POINT('',(6.083752849105,140.41298785594));
#1373 = CARTESIAN_POINT('',(6.123633974876,140.24967824787));
#1374 = CARTESIAN_POINT('',(6.163509178434,140.12535589048));
#1375 = CARTESIAN_POINT('',(6.203385309904,140.04181574501));
#1376 = CARTESIAN_POINT('',(6.243273040838,140.));
#1377 = CARTESIAN_POINT('',(6.28318530718,140.));
#1378 = ( GEOMETRIC_REPRESENTATION_CONTEXT(2) 
PARAMETRIC_REPRESENTATION_CONTEXT() REPRESENTATION_CONTEXT('2D SPACE',''
  ) );
#1379 = ADVANCED_FACE('',(#1380),#90,.F.);
#1380 = FACE_BOUND('',#1381,.T.);
#1381 = EDGE_LOOP('',(#1382));
#1382 = ORIENTED_EDGE('',*,*,#76,.F.);
#1383 = ADVANCED_FACE('',(#1384),#63,.T.);
#1384 = FACE_BOUND('',#1385,.T.);
#1385 = EDGE_LOOP('',(#1386));
#1386 = ORIENTED_EDGE('',*,*,#49,.T.);
#1387 = ADVANCED_FACE('',(#1388),#526,.T.);
#1388 = FACE_BOUND('',#1389,.T.);
#1389 = EDGE_LOOP('',(#1390,#1391,#1412,#1438));
#1390 = ORIENTED_EDGE('',*,*,#104,.F.);
#1391 = ORIENTED_EDGE('',*,*,#1392,.F.);
#1392 = EDGE_CURVE('',#1393,#105,#1395,.T.);
#1393 = VERTEX_POINT('',#1394);
#1394 = CARTESIAN_POINT('',(80.,150.,70.));
#1395 = SEAM_CURVE('',#1396,(#1400,#1406),.PCURVE_S1.);
#1396 = LINE('',#1397,#1398);
#1397 = CARTESIAN_POINT('',(80.,150.,70.));
#1398 = VECTOR('',#1399,1.);
#1399 = DIRECTION('',(0.,-1.,1.110223024625E-16));
#1400 = PCURVE('',#526,#1401);
#1401 = DEFINITIONAL_REPRESENTATION('',(#1402),#1405);
#1402 = B_SPLINE_CURVE_WITH_KNOTS('',1,(#1403,#1404),.UNSPECIFIED.,.F.,
  .F.,(2,2),(0.,200.),.PIECEWISE_BEZIER_KNOTS.);
#1403 = CARTESIAN_POINT('',(6.28318530718,0.));
#1404 = CARTESIAN_POINT('',(6.28318530718,200.));
#1405 = ( GEOMETRIC_REPRESENTATION_CONTEXT(2) 
PARAMETRIC_REPRESENTATION_CONTEXT() REPRESENTATION_CONTEXT('2D SPACE',''
  ) );
#1406 = PCURVE('',#526,#1407);
#1407 = DEFINITIONAL_REPRESENTATION('',(#1408),#1411);
#1408 = B_SPLINE_CURVE_WITH_KNOTS('',1,(#1409,#1410),.UNSPECIFIED.,.F.,
  .F.,(2,2),(0.,200.),.PIECEWISE_BEZIER_KNOTS.);
#1409 = CARTESIAN_POINT('',(0.,0.));
#1410 = CARTESIAN_POINT('',(0.,200.));
#1411 = ( GEOMETRIC_REPRESENTATION_CONTEXT(2) 
PARAMETRIC_REPRESENTATION_CONTEXT() REPRESENTATION_CONTEXT('2D SPACE',''
  ) );
#1412 = ORIENTED_EDGE('',*,*,#1413,.T.);
#1413 = EDGE_CURVE('',#1393,#1393,#1414,.T.);
#1414 = SURFACE_CURVE('',#1415,(#1420,#1426),.PCURVE_S1.);
#1415 = CIRCLE('',#1416,30.);
#1416 = AXIS2_PLACEMENT_3D('',#1417,#1418,#1419);
#1417 = CARTESIAN_POINT('',(50.,150.,70.));
#1418 = DIRECTION('',(0.,-1.,1.110223024625E-16));
#1419 = DIRECTION('',(1.,0.,0.));
#1420 = PCURVE('',#526,#1421);
#1421 = DEFINITIONAL_REPRESENTATION('',(#1422),#1425);
#1422 = B_SPLINE_CURVE_WITH_KNOTS('',1,(#1423,#1424),.UNSPECIFIED.,.F.,
  .F.,(2,2),(0.,6.28318530718),.PIECEWISE_BEZIER_KNOTS.);
#1423 = CARTESIAN_POINT('',(0.,0.));
#1424 = CARTESIAN_POINT('',(6.28318530718,0.));
#1425 = ( GEOMETRIC_REPRESENTATION_CONTEXT(2) 
PARAMETRIC_REPRESENTATION_CONTEXT() REPRESENTATION_CONTEXT('2D SPACE',''
  ) );
#1426 = PCURVE('',#1427,#1432);
#1427 = PLANE('',#1428);
#1428 = AXIS2_PLACEMENT_3D('',#1429,#1430,#1431);
#1429 = CARTESIAN_POINT('',(50.,150.,70.));
#1430 = DIRECTION('',(0.,-1.,1.110223024625E-16));
#1431 = DIRECTION('',(1.,0.,0.));
#1432 = DEFINITIONAL_REPRESENTATION('',(#1433),#1437);
#1433 = CIRCLE('',#1434,30.);
#1434 = AXIS2_PLACEMENT_2D('',#1435,#1436);
#1435 = CARTESIAN_POINT('',(0.,0.));
#1436 = DIRECTION('',(1.,0.));
#1437 = ( GEOMETRIC_REPRESENTATION_CONTEXT(2) 
PARAMETRIC_REPRESENTATION_CONTEXT() REPRESENTATION_CONTEXT('2D SPACE',''
  ) );
#1438 = ORIENTED_EDGE('',*,*,#1392,.T.);
#1439 = ADVANCED_FACE('',(#1440),#1165,.T.);
#1440 = FACE_BOUND('',#1441,.T.);
#1441 = EDGE_LOOP('',(#1442,#1463,#1489,#1490));
#1442 = ORIENTED_EDGE('',*,*,#1443,.T.);
#1443 = EDGE_CURVE('',#744,#1444,#1446,.T.);
#1444 = VERTEX_POINT('',#1445);
#1445 = CARTESIAN_POINT('',(80.,-50.,70.));
#1446 = SEAM_CURVE('',#1447,(#1451,#1457),.PCURVE_S1.);
#1447 = LINE('',#1448,#1449);
#1448 = CARTESIAN_POINT('',(80.,150.,70.));
#1449 = VECTOR('',#1450,1.);
#1450 = DIRECTION('',(0.,-1.,1.110223024625E-16));
#1451 = PCURVE('',#1165,#1452);
#1452 = DEFINITIONAL_REPRESENTATION('',(#1453),#1456);
#1453 = B_SPLINE_CURVE_WITH_KNOTS('',1,(#1454,#1455),.UNSPECIFIED.,.F.,
  .F.,(2,2),(0.,200.),.PIECEWISE_BEZIER_KNOTS.);
#1454 = CARTESIAN_POINT('',(6.28318530718,0.));
#1455 = CARTESIAN_POINT('',(6.28318530718,200.));
#1456 = ( GEOMETRIC_REPRESENTATION_CONTEXT(2) 
PARAMETRIC_REPRESENTATION_CONTEXT() REPRESENTATION_CONTEXT('2D SPACE',''
  ) );
#1457 = PCURVE('',#1165,#1458);
#1458 = DEFINITIONAL_REPRESENTATION('',(#1459),#1462);
#1459 = B_SPLINE_CURVE_WITH_KNOTS('',1,(#1460,#1461),.UNSPECIFIED.,.F.,
  .F.,(2,2),(0.,200.),.PIECEWISE_BEZIER_KNOTS.);
#1460 = CARTESIAN_POINT('',(0.,0.));
#1461 = CARTESIAN_POINT('',(0.,200.));
#1462 = ( GEOMETRIC_REPRESENTATION_CONTEXT(2) 
PARAMETRIC_REPRESENTATION_CONTEXT() REPRESENTATION_CONTEXT('2D SPACE',''
  ) );
#1463 = ORIENTED_EDGE('',*,*,#1464,.F.);
#1464 = EDGE_CURVE('',#1444,#1444,#1465,.T.);
#1465 = SURFACE_CURVE('',#1466,(#1471,#1477),.PCURVE_S1.);
#1466 = CIRCLE('',#1467,30.);
#1467 = AXIS2_PLACEMENT_3D('',#1468,#1469,#1470);
#1468 = CARTESIAN_POINT('',(50.,-50.,70.));
#1469 = DIRECTION('',(0.,-1.,1.110223024625E-16));
#1470 = DIRECTION('',(1.,0.,0.));
#1471 = PCURVE('',#1165,#1472);
#1472 = DEFINITIONAL_REPRESENTATION('',(#1473),#1476);
#1473 = B_SPLINE_CURVE_WITH_KNOTS('',1,(#1474,#1475),.UNSPECIFIED.,.F.,
  .F.,(2,2),(0.,6.28318530718),.PIECEWISE_BEZIER_KNOTS.);
#1474 = CARTESIAN_POINT('',(0.,200.));
#1475 = CARTESIAN_POINT('',(6.28318530718,200.));
#1476 = ( GEOMETRIC_REPRESENTATION_CONTEXT(2) 
PARAMETRIC_REPRESENTATION_CONTEXT() REPRESENTATION_CONTEXT('2D SPACE',''
  ) );
#1477 = PCURVE('',#1478,#1483);
#1478 = PLANE('',#1479);
#1479 = AXIS2_PLACEMENT_3D('',#1480,#1481,#1482);
#1480 = CARTESIAN_POINT('',(50.,-50.,70.));
#1481 = DIRECTION('',(0.,-1.,1.110223024625E-16));
#1482 = DIRECTION('',(1.,0.,0.));
#1483 = DEFINITIONAL_REPRESENTATION('',(#1484),#1488);
#1484 = CIRCLE('',#1485,30.);
#1485 = AXIS2_PLACEMENT_2D('',#1486,#1487);
#1486 = CARTESIAN_POINT('',(0.,0.));
#1487 = DIRECTION('',(1.,0.));
#1488 = ( GEOMETRIC_REPRESENTATION_CONTEXT(2) 
PARAMETRIC_REPRESENTATION_CONTEXT() REPRESENTATION_CONTEXT('2D SPACE',''
  ) );
#1489 = ORIENTED_EDGE('',*,*,#1443,.F.);
#1490 = ORIENTED_EDGE('',*,*,#743,.T.);
#1491 = ADVANCED_FACE('',(#1492),#1427,.F.);
#1492 = FACE_BOUND('',#1493,.T.);
#1493 = EDGE_LOOP('',(#1494));
#1494 = ORIENTED_EDGE('',*,*,#1413,.F.);
#1495 = ADVANCED_FACE('',(#1496),#1478,.T.);
#1496 = FACE_BOUND('',#1497,.T.);
#1497 = EDGE_LOOP('',(#1498));
#1498 = ORIENTED_EDGE('',*,*,#1464,.T.);
#1499 = ( GEOMETRIC_REPRESENTATION_CONTEXT(3) 
GLOBAL_UNCERTAINTY_ASSIGNED_CONTEXT((#1503)) 
GLOBAL_UNIT_ASSIGNED_CONTEXT((#1500,#1501,#1502)) REPRESENTATION_CONTEXT
('Context #1','3D Context with UNIT and UNCERTAINTY') );
#1500 = ( LENGTH_UNIT() NAMED_UNIT(*) SI_UNIT(.MILLI.,.METRE.) );
#1501 = ( NAMED_UNIT(*) PLANE_ANGLE_UNIT() SI_UNIT($,.RADIAN.) );
#1502 = ( NAMED_UNIT(*) SI_UNIT($,.STERADIAN.) SOLID_ANGLE_UNIT() );
#1503 = UNCERTAINTY_MEASURE_WITH_UNIT(LENGTH_MEASURE(1.E-06),#1500,
  'distance_accuracy_value','confusion accuracy');
#1504 = PRODUCT_RELATED_PRODUCT_CATEGORY('part',$,(#7));
ENDSEC;
END-ISO-10303-21;
