ISO-10303-21;
HEADER;
FILE_DESCRIPTION(('Open CASCADE Model'),'2;1');
FILE_NAME('Open CASCADE Shape Model','2026-07-11T20:15:48',('Author'),(
    'Open CASCADE'),'Open CASCADE STEP processor 8.0','Open CASCADE 8.0'
  ,'Unknown');
FILE_SCHEMA(('AUTOMOTIVE_DESIGN { 1 0 10303 214 1 1 1 1 }'));
ENDSEC;
DATA;
#1 = APPLICATION_PROTOCOL_DEFINITION('international standard',
  'automotive_design',2000,#2);
#2 = APPLICATION_CONTEXT(
  'core data for automotive mechanical design processes');
#3 = SHAPE_DEFINITION_REPRESENTATION(#4,#10);
#4 = PRODUCT_DEFINITION_SHAPE('','',#5);
#5 = PRODUCT_DEFINITION('design','',#6,#9);
#6 = PRODUCT_DEFINITION_FORMATION('','',#7);
#7 = PRODUCT('Open CASCADE STEP translator 8.0 1',
  'Open CASCADE STEP translator 8.0 1','',(#8));
#8 = PRODUCT_CONTEXT('',#2,'mechanical');
#9 = PRODUCT_DEFINITION_CONTEXT('part definition',#2,'design');
#10 = ADVANCED_BREP_SHAPE_REPRESENTATION('',(#11,#15),#2029);
#11 = AXIS2_PLACEMENT_3D('',#12,#13,#14);
#12 = CARTESIAN_POINT('',(0.,0.,0.));
#13 = DIRECTION('',(0.,0.,1.));
#14 = DIRECTION('',(1.,0.,-0.));
#15 = MANIFOLD_SOLID_BREP('',#16);
#16 = CLOSED_SHELL('',(#17,#1930,#2013,#2017,#2021,#2025));
#17 = ADVANCED_FACE('',(#18),#32,.T.);
#18 = FACE_BOUND('',#19,.T.);
#19 = EDGE_LOOP('',(#20,#48,#74,#75,#982,#1003,#1029,#1030));
#20 = ORIENTED_EDGE('',*,*,#21,.T.);
#21 = EDGE_CURVE('',#22,#24,#26,.T.);
#22 = VERTEX_POINT('',#23);
#23 = CARTESIAN_POINT('',(30.,-7.347880794884E-15,75.244946933029));
#24 = VERTEX_POINT('',#25);
#25 = CARTESIAN_POINT('',(30.,-7.347880794884E-15,150.));
#26 = SEAM_CURVE('',#27,(#31,#42),.PCURVE_S1.);
#27 = LINE('',#28,#29);
#28 = CARTESIAN_POINT('',(30.,-7.347880794884E-15,0.));
#29 = VECTOR('',#30,1.);
#30 = DIRECTION('',(0.,0.,1.));
#31 = PCURVE('',#32,#37);
#32 = CYLINDRICAL_SURFACE('',#33,30.);
#33 = AXIS2_PLACEMENT_3D('',#34,#35,#36);
#34 = CARTESIAN_POINT('',(0.,0.,0.));
#35 = DIRECTION('',(0.,0.,1.));
#36 = DIRECTION('',(1.,0.,0.));
#37 = DEFINITIONAL_REPRESENTATION('',(#38),#41);
#38 = B_SPLINE_CURVE_WITH_KNOTS('',1,(#39,#40),.UNSPECIFIED.,.F.,.F.,(2,
    2),(0.,150.),.PIECEWISE_BEZIER_KNOTS.);
#39 = CARTESIAN_POINT('',(6.28318530718,0.));
#40 = CARTESIAN_POINT('',(6.28318530718,150.));
#41 = ( GEOMETRIC_REPRESENTATION_CONTEXT(2) 
PARAMETRIC_REPRESENTATION_CONTEXT() REPRESENTATION_CONTEXT('2D SPACE',''
  ) );
#42 = PCURVE('',#32,#43);
#43 = DEFINITIONAL_REPRESENTATION('',(#44),#47);
#44 = B_SPLINE_CURVE_WITH_KNOTS('',1,(#45,#46),.UNSPECIFIED.,.F.,.F.,(2,
    2),(0.,150.),.PIECEWISE_BEZIER_KNOTS.);
#45 = CARTESIAN_POINT('',(0.,0.));
#46 = CARTESIAN_POINT('',(0.,150.));
#47 = ( GEOMETRIC_REPRESENTATION_CONTEXT(2) 
PARAMETRIC_REPRESENTATION_CONTEXT() REPRESENTATION_CONTEXT('2D SPACE',''
  ) );
#48 = ORIENTED_EDGE('',*,*,#49,.F.);
#49 = EDGE_CURVE('',#24,#24,#50,.T.);
#50 = SURFACE_CURVE('',#51,(#56,#62),.PCURVE_S1.);
#51 = CIRCLE('',#52,30.);
#52 = AXIS2_PLACEMENT_3D('',#53,#54,#55);
#53 = CARTESIAN_POINT('',(0.,0.,150.));
#54 = DIRECTION('',(0.,0.,1.));
#55 = DIRECTION('',(1.,0.,-0.));
#56 = PCURVE('',#32,#57);
#57 = DEFINITIONAL_REPRESENTATION('',(#58),#61);
#58 = B_SPLINE_CURVE_WITH_KNOTS('',1,(#59,#60),.UNSPECIFIED.,.F.,.F.,(2,
    2),(0.,6.28318530718),.PIECEWISE_BEZIER_KNOTS.);
#59 = CARTESIAN_POINT('',(0.,150.));
#60 = CARTESIAN_POINT('',(6.28318530718,150.));
#61 = ( GEOMETRIC_REPRESENTATION_CONTEXT(2) 
PARAMETRIC_REPRESENTATION_CONTEXT() REPRESENTATION_CONTEXT('2D SPACE',''
  ) );
#62 = PCURVE('',#63,#68);
#63 = PLANE('',#64);
#64 = AXIS2_PLACEMENT_3D('',#65,#66,#67);
#65 = CARTESIAN_POINT('',(0.,0.,150.));
#66 = DIRECTION('',(0.,0.,1.));
#67 = DIRECTION('',(1.,0.,0.));
#68 = DEFINITIONAL_REPRESENTATION('',(#69),#73);
#69 = CIRCLE('',#70,30.);
#70 = AXIS2_PLACEMENT_2D('',#71,#72);
#71 = CARTESIAN_POINT('',(0.,0.));
#72 = DIRECTION('',(1.,0.));
#73 = ( GEOMETRIC_REPRESENTATION_CONTEXT(2) 
PARAMETRIC_REPRESENTATION_CONTEXT() REPRESENTATION_CONTEXT('2D SPACE',''
  ) );
#74 = ORIENTED_EDGE('',*,*,#21,.F.);
#75 = ORIENTED_EDGE('',*,*,#76,.F.);
#76 = EDGE_CURVE('',#77,#22,#79,.T.);
#77 = VERTEX_POINT('',#78);
#78 = CARTESIAN_POINT('',(30.,-7.347880794884E-15,74.755053066972));
#79 = SURFACE_CURVE('',#80,(#377,#677),.PCURVE_S1.);
#80 = B_SPLINE_CURVE_WITH_KNOTS('',8,(#81,#82,#83,#84,#85,#86,#87,#88,
    #89,#90,#91,#92,#93,#94,#95,#96,#97,#98,#99,#100,#101,#102,#103,#104
    ,#105,#106,#107,#108,#109,#110,#111,#112,#113,#114,#115,#116,#117,
    #118,#119,#120,#121,#122,#123,#124,#125,#126,#127,#128,#129,#130,
    #131,#132,#133,#134,#135,#136,#137,#138,#139,#140,#141,#142,#143,
    #144,#145,#146,#147,#148,#149,#150,#151,#152,#153,#154,#155,#156,
    #157,#158,#159,#160,#161,#162,#163,#164,#165,#166,#167,#168,#169,
    #170,#171,#172,#173,#174,#175,#176,#177,#178,#179,#180,#181,#182,
    #183,#184,#185,#186,#187,#188,#189,#190,#191,#192,#193,#194,#195,
    #196,#197,#198,#199,#200,#201,#202,#203,#204,#205,#206,#207,#208,
    #209,#210,#211,#212,#213,#214,#215,#216,#217,#218,#219,#220,#221,
    #222,#223,#224,#225,#226,#227,#228,#229,#230,#231,#232,#233,#234,
    #235,#236,#237,#238,#239,#240,#241,#242,#243,#244,#245,#246,#247,
    #248,#249,#250,#251,#252,#253,#254,#255,#256,#257,#258,#259,#260,
    #261,#262,#263,#264,#265,#266,#267,#268,#269,#270,#271,#272,#273,
    #274,#275,#276,#277,#278,#279,#280,#281,#282,#283,#284,#285,#286,
    #287,#288,#289,#290,#291,#292,#293,#294,#295,#296,#297,#298,#299,
    #300,#301,#302,#303,#304,#305,#306,#307,#308,#309,#310,#311,#312,
    #313,#314,#315,#316,#317,#318,#319,#320,#321,#322,#323,#324,#325,
    #326,#327,#328,#329,#330,#331,#332,#333,#334,#335,#336,#337,#338,
    #339,#340,#341,#342,#343,#344,#345,#346,#347,#348,#349,#350,#351,
    #352,#353,#354,#355,#356,#357,#358,#359,#360,#361,#362,#363,#364,
    #365,#366,#367,#368,#369,#370,#371,#372,#373,#374,#375,#376),
  .UNSPECIFIED.,.F.,.F.,(9,7,7,7,7,7,7,7,7,7,7,7,7,7,7,7,7,7,7,7,7,7,7,7
    ,7,7,7,7,7,7,7,7,7,7,7,7,7,7,7,7,7,7,9),(0.,6.241323644842E-03,
    1.476815768602E-02,2.394824832833E-02,4.317572492229E-02,
    0.111734162559,0.183758208333,0.22108376445,0.263308834033,
    0.278423651739,0.304556494715,0.325180680694,0.336334592309,
    0.35915857589,0.395721643082,0.488274358787,0.536703652393,
    0.560153477435,0.584306018478,0.595930274258,0.601836282682,
    0.607734779644,0.610865783573,0.616414936564,0.622354929686,
    0.634796231872,0.679184728779,0.725903172796,0.75021572795,
    0.77763866124,0.787395607092,0.803858763045,0.817192534928,
    0.824399058756,0.839420434893,0.863123624515,0.923301441795,
    0.954027102483,0.969183267334,0.984798252435,0.992311594297,
    0.996109231412,1.),.UNSPECIFIED.);
#81 = CARTESIAN_POINT('',(30.,-1.077936775504E-14,74.755053066972));
#82 = CARTESIAN_POINT('',(30.,8.623685534677E-02,74.755053066972));
#83 = CARTESIAN_POINT('',(29.999697708411,0.174454528859,74.715730541028
    ));
#84 = CARTESIAN_POINT('',(29.999107831045,0.263038468052,74.652895732543
    ));
#85 = CARTESIAN_POINT('',(29.998237547471,0.351017609361,74.57834471497)
  );
#86 = CARTESIAN_POINT('',(29.997086511016,0.438064378138,74.499859391814
    ));
#87 = CARTESIAN_POINT('',(29.995646848767,0.524494688657,74.421207496633
    ));
#88 = CARTESIAN_POINT('',(29.993903161566,0.611267944108,74.342142593033
    ));
#89 = CARTESIAN_POINT('',(29.98900363967,0.821194174865,74.144001347062)
  );
#90 = CARTESIAN_POINT('',(29.985481295387,0.948200766022,74.021649625165
    ));
#91 = CARTESIAN_POINT('',(29.981268045727,1.076447215135,73.896796371505
    ));
#92 = CARTESIAN_POINT('',(29.976470333231,1.202940668351,73.772916632517
    ));
#93 = CARTESIAN_POINT('',(29.971184359265,1.326741094034,73.651209608026
    ));
#94 = CARTESIAN_POINT('',(29.965417330755,1.448959408907,73.530721752173
    ));
#95 = CARTESIAN_POINT('',(29.959044082798,1.5722676492,73.408896405775)
  );
#96 = CARTESIAN_POINT('',(29.94399901818,1.837354499132,73.146523878474)
  );
#97 = CARTESIAN_POINT('',(29.935470918147,1.97487650798,73.010154714809)
  );
#98 = CARTESIAN_POINT('',(29.926216998754,2.112405034775,72.873602434478
    ));
#99 = CARTESIAN_POINT('',(29.916239493805,2.249901202196,72.736950040694
    ));
#100 = CARTESIAN_POINT('',(29.905538789829,2.387361937683,
    72.600227630503));
#101 = CARTESIAN_POINT('',(29.894112751876,2.524809029157,
    72.463433425406));
#102 = CARTESIAN_POINT('',(29.881957234506,2.662274732916,
    72.326551776638));
#103 = CARTESIAN_POINT('',(29.842071124692,3.087793610674,
    71.902659260172));
#104 = CARTESIAN_POINT('',(29.811890188148,3.375617729777,
    71.615679965462));
#105 = CARTESIAN_POINT('',(29.778518248051,3.663279253011,
    71.328707720741));
#106 = CARTESIAN_POINT('',(29.741947368893,3.950784427421,
    71.041783168971));
#107 = CARTESIAN_POINT('',(29.702167704961,4.238134763226,
    70.754928518194));
#108 = CARTESIAN_POINT('',(29.659167275032,4.525332571285,
    70.468159433018));
#109 = CARTESIAN_POINT('',(29.612932206722,4.812380059959,
    70.181490435671));
#110 = CARTESIAN_POINT('',(29.38700216622,6.122227993391,68.873173420784
    ));
#111 = CARTESIAN_POINT('',(29.169328533809,7.142702436126,
    67.853354331117));
#112 = CARTESIAN_POINT('',(28.909780868033,8.160716357405,
    66.835875879765));
#113 = CARTESIAN_POINT('',(28.607431992865,9.175916508098,
    65.821044514846));
#114 = CARTESIAN_POINT('',(28.26108916615,10.187839770054,
    64.809448877368));
#115 = CARTESIAN_POINT('',(27.869311793717,11.195699402413,
    63.801845523535));
#116 = CARTESIAN_POINT('',(27.430428321009,12.198443749473,
    62.799323417866));
#117 = CARTESIAN_POINT('',(26.430025956453,14.241197116142,
    60.756961904597));
#118 = CARTESIAN_POINT('',(25.864048329462,15.279264415271,
    59.71906177774));
#119 = CARTESIAN_POINT('',(25.241705313148,16.309192797889,
    58.689278115366));
#120 = CARTESIAN_POINT('',(24.559437937278,17.330496449189,
    57.668102716376));
#121 = CARTESIAN_POINT('',(23.813148635389,18.341722504356,
    56.65699195533));
#122 = CARTESIAN_POINT('',(22.998316769209,19.340298527501,
    55.658520900536));
#123 = CARTESIAN_POINT('',(22.110129096516,20.322359486029,
    54.676556859834));
#124 = CARTESIAN_POINT('',(20.642746681409,21.780163068386,
    53.218890265994));
#125 = CARTESIAN_POINT('',(20.120636882352,22.272095821858,
    52.727002507057));
#126 = CARTESIAN_POINT('',(19.576169757138,22.75800355499,
    52.241138252219));
#127 = CARTESIAN_POINT('',(19.008174635898,23.237336640736,
    51.761847337153));
#128 = CARTESIAN_POINT('',(18.415453393304,23.709331018971,
    51.289893998282));
#129 = CARTESIAN_POINT('',(17.796797634885,24.172994464591,
    50.826270612812));
#130 = CARTESIAN_POINT('',(17.151005883343,24.627092855615,
    50.372211438778));
#131 = CARTESIAN_POINT('',(15.714309701376,25.571335838695,
    49.428050513576));
#132 = CARTESIAN_POINT('',(14.914865821907,26.058793801197,
    48.940635226609));
#133 = CARTESIAN_POINT('',(14.076580302344,26.530434084246,
    48.469036929163));
#134 = CARTESIAN_POINT('',(13.197521626756,26.98367126457,
    48.015841213549));
#135 = CARTESIAN_POINT('',(12.275880886413,27.415381119455,
    47.584172459026));
#136 = CARTESIAN_POINT('',(11.31003707881,27.821871006036,
    47.177723461416));
#137 = CARTESIAN_POINT('',(10.298622406679,28.198850240576,
    46.800785062728));
#138 = CARTESIAN_POINT('',(8.861855138316,28.66401920737,46.335671711416
    ));
#139 = CARTESIAN_POINT('',(8.47723057582,28.78219996823,46.217505622938)
  );
#140 = CARTESIAN_POINT('',(8.086832728198,28.895667786502,
    46.104052490858));
#141 = CARTESIAN_POINT('',(7.690786273715,29.004152810439,
    45.995582169279));
#142 = CARTESIAN_POINT('',(7.289221730221,29.107390310372,45.89235939088
    ));
#143 = CARTESIAN_POINT('',(6.882275455157,29.20512067872,45.794643766921
    ));
#144 = CARTESIAN_POINT('',(6.470089645548,29.297089429981,
    45.702689787238));
#145 = CARTESIAN_POINT('',(5.331358558874,29.531664337206,
    45.468155278827));
#146 = CARTESIAN_POINT('',(4.593694608715,29.662517012722,
    45.337328329553));
#147 = CARTESIAN_POINT('',(3.842299485122,29.773861380343,
    45.226009782285));
#148 = CARTESIAN_POINT('',(3.079693221648,29.864282394718,
    45.135614657519));
#149 = CARTESIAN_POINT('',(2.308428843878,29.932694587791,
    45.067228407668));
#150 = CARTESIAN_POINT('',(1.531084325504,29.978342844509,45.02160613834
    ));
#151 = CARTESIAN_POINT('',(0.750254544385,30.000803178516,
    44.999171829622));
#152 = CARTESIAN_POINT('',(-0.648387700248,29.999336619198,
    45.000685010427));
#153 = CARTESIAN_POINT('',(-1.264928871359,29.984190713135,
    45.015851469457));
#154 = CARTESIAN_POINT('',(-1.879698502041,29.954578744774,
    45.045483973001));
#155 = CARTESIAN_POINT('',(-2.491322529912,29.910674961912,
    45.089408267027));
#156 = CARTESIAN_POINT('',(-3.098434674787,29.852794901442,
    45.147308807409));
#157 = CARTESIAN_POINT('',(-3.69967651059,29.781395385745,
    45.218728762425));
#158 = CARTESIAN_POINT('',(-4.293697537267,29.697074519087,
    45.303070015258));
#159 = CARTESIAN_POINT('',(-5.195780772775,29.548381304514,
    45.451794533299));
#160 = CARTESIAN_POINT('',(-5.509999365132,29.492611850477,
    45.50757495754));
#161 = CARTESIAN_POINT('',(-5.821705263685,29.433358504358,
    45.566839257874));
#162 = CARTESIAN_POINT('',(-6.13079431424,29.370720967838,
    45.629487733505));
#163 = CARTESIAN_POINT('',(-6.437163974482,29.304803461814,
    45.695416164176));
#164 = CARTESIAN_POINT('',(-6.740713313977,29.235714726404,
    45.764515810168));
#165 = CARTESIAN_POINT('',(-7.041343014173,29.163568020944,
    45.836673412304));
#166 = CARTESIAN_POINT('',(-7.947952437856,28.93483259579,
    46.065441989116));
#167 = CARTESIAN_POINT('',(-8.544067783325,28.768935358224,
    46.231361428165));
#168 = CARTESIAN_POINT('',(-9.127167870873,28.591642440372,
    46.408676503617));
#169 = CARTESIAN_POINT('',(-9.697147312868,28.403786838032,
    46.596554241275));
#170 = CARTESIAN_POINT('',(-10.25392886797,28.206181513722,
    46.79418169821));
#171 = CARTESIAN_POINT('',(-10.79746344116,27.99961939668,
    47.000765962767));
#172 = CARTESIAN_POINT('',(-11.3277300837,27.784873382862,47.21553415456
    ));
#173 = CARTESIAN_POINT('',(-12.67295783882,27.206777995664,
    47.793687362463));
#174 = CARTESIAN_POINT('',(-13.46777164837,26.831521678568,
    48.168979418331));
#175 = CARTESIAN_POINT('',(-14.23027051495,26.439473725646,
    48.561063357627));
#176 = CARTESIAN_POINT('',(-14.96166410569,26.032829403507,
    48.967744019261));
#177 = CARTESIAN_POINT('',(-15.6632500234,25.613448626662,
    49.387161597442));
#178 = CARTESIAN_POINT('',(-16.33638516838,25.182871680818,
    49.817775923594));
#179 = CARTESIAN_POINT('',(-16.98245710013,24.742334946166,
    50.258350748286));
#180 = CARTESIAN_POINT('',(-19.17328019655,23.154837275626,
    51.845985961432));
#181 = CARTESIAN_POINT('',(-20.5854531194,21.954614938828,
    53.046312766199));
#182 = CARTESIAN_POINT('',(-21.85213987921,20.712121511973,
    54.288918735199));
#183 = CARTESIAN_POINT('',(-22.98671513967,19.440970523423,
    55.560192472529));
#184 = CARTESIAN_POINT('',(-24.00208880953,18.149520450599,
    56.851779418799));
#185 = CARTESIAN_POINT('',(-24.909986072,16.841639791209,58.159815923345
    ));
#186 = CARTESIAN_POINT('',(-25.72035994813,15.517340556432,
    59.484297361543));
#187 = CARTESIAN_POINT('',(-26.81764951835,13.470345354254,
    61.531639473578));
#188 = CARTESIAN_POINT('',(-27.16900376496,12.763568128,62.238548136142)
  );
#189 = CARTESIAN_POINT('',(-27.49555873959,12.053733815531,
    62.94852832206));
#190 = CARTESIAN_POINT('',(-27.79803606037,11.341280084432,
    63.661146221163));
#191 = CARTESIAN_POINT('',(-28.07709331652,10.626544725654,
    64.37606852808));
#192 = CARTESIAN_POINT('',(-28.33331923508,9.909777730235,
    65.093051284587));
#193 = CARTESIAN_POINT('',(-28.5672288532,9.191154351854,65.811929715228
    ));
#194 = CARTESIAN_POINT('',(-28.88192512664,8.121982956132,
    66.881567366349));
#195 = CARTESIAN_POINT('',(-28.97945220994,7.77280059398,67.230915580294
    ));
#196 = CARTESIAN_POINT('',(-29.0718860103,7.423272857029,67.580625602417
    ));
#197 = CARTESIAN_POINT('',(-29.15926939902,7.073428209098,67.93067165925
    ));
#198 = CARTESIAN_POINT('',(-29.24164205848,6.723293203884,
    68.281030712384));
#199 = CARTESIAN_POINT('',(-29.31904048633,6.372892899288,
    68.631682871381));
#200 = CARTESIAN_POINT('',(-29.39149799976,6.022251271735,
    68.982611806672));
#201 = CARTESIAN_POINT('',(-29.52861563858,5.310017851798,
    69.695522656059));
#202 = CARTESIAN_POINT('',(-29.59297390483,4.948428823744,
    70.057504264126));
#203 = CARTESIAN_POINT('',(-29.6521540917,4.586647607202,70.419742732132
    ));
#204 = CARTESIAN_POINT('',(-29.70618546909,4.224698505493,
    70.782223879571));
#205 = CARTESIAN_POINT('',(-29.75509400044,3.862616367869,
    71.144948471681));
#206 = CARTESIAN_POINT('',(-29.79890138265,3.50043806012,71.507919128626
    ));
#207 = CARTESIAN_POINT('',(-29.83762409321,3.138220742815,
    71.871136577529));
#208 = CARTESIAN_POINT('',(-29.88747125266,2.601863522403,
    72.409602895893));
#209 = CARTESIAN_POINT('',(-29.90245245874,2.428054748745,72.58419300696
    ));
#210 = CARTESIAN_POINT('',(-29.91626131868,2.254395180479,
    72.758758747303));
#211 = CARTESIAN_POINT('',(-29.92891484668,2.080711677631,72.93349973816
    ));
#212 = CARTESIAN_POINT('',(-29.94042394158,1.906867727734,
    73.108615216988));
#213 = CARTESIAN_POINT('',(-29.95078385052,1.732823863608,
    73.284222832821));
#214 = CARTESIAN_POINT('',(-29.95996684905,1.55891414232,73.460112859627
    ));
#215 = CARTESIAN_POINT('',(-29.97200314268,1.298740611082,
    73.724449141108));
#216 = CARTESIAN_POINT('',(-29.97564219685,1.214462108431,
    73.810303834728));
#217 = CARTESIAN_POINT('',(-29.97896563131,1.130774805167,
    73.895771848653));
#218 = CARTESIAN_POINT('',(-29.98203564829,1.046071318483,73.98255191495
    ));
#219 = CARTESIAN_POINT('',(-29.98487625591,0.95992056972,74.071227036711
    ));
#220 = CARTESIAN_POINT('',(-29.98747326821,0.87306778436,74.161264488051
    ));
#221 = CARTESIAN_POINT('',(-29.98977430512,0.787434492031,
    74.251015814107));
#222 = CARTESIAN_POINT('',(-29.99360084497,0.624905981392,
    74.424307578667));
#223 = CARTESIAN_POINT('',(-29.99521102841,0.548899681762,
    74.513006809384));
#224 = CARTESIAN_POINT('',(-29.99658570082,0.46825790727,74.602691692218
    ));
#225 = CARTESIAN_POINT('',(-29.99774061342,0.382103666371,
    74.693755268383));
#226 = CARTESIAN_POINT('',(-29.99864091067,0.298524696323,74.78810645129
    ));
#227 = CARTESIAN_POINT('',(-29.99920113027,0.234573463183,
    74.889170026536));
#228 = CARTESIAN_POINT('',(-29.99928520317,0.216267161808,
    75.001886651912));
#229 = CARTESIAN_POINT('',(-29.99839924518,0.311668329591,
    75.202157220277));
#230 = CARTESIAN_POINT('',(-29.99781942997,0.363441871189,
    75.276645197674));
#231 = CARTESIAN_POINT('',(-29.99708591923,0.422405558689,
    75.349420096625));
#232 = CARTESIAN_POINT('',(-29.99626639521,0.48110860599,75.416741924279
    ));
#233 = CARTESIAN_POINT('',(-29.99537731105,0.53615222286,75.4778873879)
  );
#234 = CARTESIAN_POINT('',(-29.99438389078,0.588189614928,
    75.535149894869));
#235 = CARTESIAN_POINT('',(-29.99320012933,0.64192598369,75.593839552685
    ));
#236 = CARTESIAN_POINT('',(-29.98901021417,0.819888502203,
    75.783587423611));
#237 = CARTESIAN_POINT('',(-29.9856280599,0.94273016617,75.91150068188)
  );
#238 = CARTESIAN_POINT('',(-29.9815312326,1.068532228866,76.040942866227
    ));
#239 = CARTESIAN_POINT('',(-29.97684876631,1.192989140238,
    76.168168937197));
#240 = CARTESIAN_POINT('',(-29.97170321755,1.314496156782,
    76.291874344424));
#241 = CARTESIAN_POINT('',(-29.96610796773,1.434265748712,
    76.413451852123));
#242 = CARTESIAN_POINT('',(-29.95990843698,1.55566534725,76.53639973904)
  );
#243 = CARTESIAN_POINT('',(-29.94512300734,1.818840254831,
    76.802412275802));
#244 = CARTESIAN_POINT('',(-29.93674988126,1.955265447438,
    76.940033752031));
#245 = CARTESIAN_POINT('',(-29.92765062938,2.091872860081,77.0776510103)
  );
#246 = CARTESIAN_POINT('',(-29.91782802972,2.228572198546,
    77.215221092042));
#247 = CARTESIAN_POINT('',(-29.90728264924,2.365334241816,
    77.352743471473));
#248 = CARTESIAN_POINT('',(-29.89601204842,2.502166436104,
    77.490246806241));
#249 = CARTESIAN_POINT('',(-29.88401138101,2.639091865268,
    77.627771838629));
#250 = CARTESIAN_POINT('',(-29.84459988182,3.06316100765,78.053508532645
    ));
#251 = CARTESIAN_POINT('',(-29.81473766024,3.350270516193,
    78.341480125661));
#252 = CARTESIAN_POINT('',(-29.78168243997,3.637372892665,
    78.629287101637));
#253 = CARTESIAN_POINT('',(-29.74542644344,3.924430909782,78.9169348287)
  );
#254 = CARTESIAN_POINT('',(-29.70595966493,4.211421804955,
    79.204428263524));
#255 = CARTESIAN_POINT('',(-29.66327022381,4.498327168202,
    79.491770859976));
#256 = CARTESIAN_POINT('',(-29.61734471976,4.785133799478,
    79.778960636125));
#257 = CARTESIAN_POINT('',(-29.39271137506,6.094719284564,
    81.090098408129));
#258 = CARTESIAN_POINT('',(-29.17595438773,7.115681471768,
    82.111720951163));
#259 = CARTESIAN_POINT('',(-28.91725385037,8.134310809591,
    83.130891095194));
#260 = CARTESIAN_POINT('',(-28.61568484111,9.150302121521,84.14725289221
    ));
#261 = CARTESIAN_POINT('',(-28.27005608383,10.163064068434,
    85.16034496649));
#262 = CARTESIAN_POINT('',(-27.87892772356,11.171840792826,
    86.169379158242));
#263 = CARTESIAN_POINT('',(-27.44062812604,12.175542377044,
    87.173304101686));
#264 = CARTESIAN_POINT('',(-26.4403422007,14.222268721142,
    89.220424394851));
#265 = CARTESIAN_POINT('',(-25.87369649179,15.263312376195,
    90.261636090263));
#266 = CARTESIAN_POINT('',(-25.25040257685,16.296211357284,
    91.294680448632));
#267 = CARTESIAN_POINT('',(-24.5668778524,17.320474610971,
    92.319072476888));
#268 = CARTESIAN_POINT('',(-23.81899489006,18.33463754442,
    93.333351126522));
#269 = CARTESIAN_POINT('',(-23.00219837952,19.33610590809,
    94.334924806474));
#270 = CARTESIAN_POINT('',(-22.11163723186,20.320979959155,
    95.319896074839));
#271 = CARTESIAN_POINT('',(-20.6378691664,21.784946816066,
    96.784000510367));
#272 = CARTESIAN_POINT('',(-20.11189764112,22.280274269518,
    97.279373263554));
#273 = CARTESIAN_POINT('',(-19.56324542772,22.769487171301,
    97.768629928913));
#274 = CARTESIAN_POINT('',(-18.99071463884,23.252024520453,
    98.251209718473));
#275 = CARTESIAN_POINT('',(-18.39307921532,23.727104177167,
    98.726330672184));
#276 = CARTESIAN_POINT('',(-17.76910280184,24.19370863023,
    99.192975433769));
#277 = CARTESIAN_POINT('',(-17.11755662251,24.650570764467,
    99.649877026585));
#278 = CARTESIAN_POINT('',(-15.66988280551,25.598754012326,
    100.59814270883));
#279 = CARTESIAN_POINT('',(-14.86526690355,26.087434879335,
    101.08686639244));
#280 = CARTESIAN_POINT('',(-14.02138779697,26.560072485365,
    101.55954612763));
#281 = CARTESIAN_POINT('',(-13.1363041638,27.014021064877,
    102.01353631877));
#282 = CARTESIAN_POINT('',(-12.20820196243,27.446088755331,
    102.44564526099));
#283 = CARTESIAN_POINT('',(-11.23546118019,27.852507521893,
    102.85210507391));
#284 = CARTESIAN_POINT('',(-10.21672258191,28.228903082134,
    103.22854163534));
#285 = CARTESIAN_POINT('',(-8.771759360694,28.691719675187,
    103.69141399366));
#286 = CARTESIAN_POINT('',(-8.386699326647,28.808711176884,
    103.80842014258));
#287 = CARTESIAN_POINT('',(-7.995898866047,28.920963968216,
    103.92068759569));
#288 = CARTESIAN_POINT('',(-7.599488275787,29.0282082817,104.02794658771
    ));
#289 = CARTESIAN_POINT('',(-7.197603639958,29.130179949986,
    104.12993295419));
#290 = CARTESIAN_POINT('',(-6.790386829855,29.226620405853,
    104.22638813144));
#291 = CARTESIAN_POINT('',(-6.377985503973,29.31727668221,104.3170591566
    ));
#292 = CARTESIAN_POINT('',(-5.256208250638,29.544690984439,
    104.54451318049));
#293 = CARTESIAN_POINT('',(-4.536672829744,29.670484104901,
    104.67033136402));
#294 = CARTESIAN_POINT('',(-3.804247566916,29.777688482867,
    104.77756089383));
#295 = CARTESIAN_POINT('',(-3.061269664619,29.865008916844,
    104.86490654562));
#296 = CARTESIAN_POINT('',(-2.310105738703,29.931447976704,
    104.93137087462));
#297 = CARTESIAN_POINT('',(-1.553144750923,29.976306685925,
    104.97625489527));
#298 = CARTESIAN_POINT('',(-0.792790941448,29.999185203838,
    104.99915876076));
#299 = CARTESIAN_POINT('',(0.585159901472,30.000630066994,
    105.00064955569));
#300 = CARTESIAN_POINT('',(1.201520391887,29.986791699025,
    104.98683173157));
#301 = CARTESIAN_POINT('',(1.816236086429,29.958489956017,
    104.95855051572));
#302 = CARTESIAN_POINT('',(2.427925846142,29.915888589196,104.9159696529
    ));
#303 = CARTESIAN_POINT('',(3.035216087421,29.859293546639,
    104.85939508378));
#304 = CARTESIAN_POINT('',(3.636740852881,29.789152970973,
    104.78927494152));
#305 = CARTESIAN_POINT('',(4.231141882228,29.706057197058,
    104.70619954836));
#306 = CARTESIAN_POINT('',(5.133745426127,29.559221844474,
    104.55939548452));
#307 = CARTESIAN_POINT('',(5.448042162878,29.504119112477,
    104.50430371308));
#308 = CARTESIAN_POINT('',(5.759851469307,29.445524892097,
    104.44572043729));
#309 = CARTESIAN_POINT('',(6.06906750133,29.383538157363,104.38374463204
    ));
#310 = CARTESIAN_POINT('',(6.375585994853,29.318262517938,104.3184799076
    ));
#311 = CARTESIAN_POINT('',(6.679304265768,29.249806219112,
    104.25003450961));
#312 = CARTESIAN_POINT('',(6.98012120996,29.178282141807,104.17852131911
    ));
#313 = CARTESIAN_POINT('',(7.898709212887,28.948572478446,
    103.94884519151));
#314 = CARTESIAN_POINT('',(8.506168059093,28.780587907707,
    103.78088321252));
#315 = CARTESIAN_POINT('',(9.100168445712,28.600753587373,
    103.60107143749));
#316 = CARTESIAN_POINT('',(9.680595179415,28.409947926875,
    103.41028829866));
#317 = CARTESIAN_POINT('',(10.247363269747,28.209028248065,
    103.20939113846));
#318 = CARTESIAN_POINT('',(10.800417929128,27.998830785212,
    102.99921620961));
#319 = CARTESIAN_POINT('',(11.339734572853,27.780170685002,
    102.78057867507));
#320 = CARTESIAN_POINT('',(12.694671798222,27.196703517155,
    102.1971697987));
#321 = CARTESIAN_POINT('',(13.490489304766,26.820186816003,
    101.82068892018));
#322 = CARTESIAN_POINT('',(14.25387339541,26.426849698701,
    101.42738787636));
#323 = CARTESIAN_POINT('',(14.986043180689,26.018896103107,
    101.01947071133));
#324 = CARTESIAN_POINT('',(15.688305936647,25.598191997988,
    100.59880350338));
#325 = CARTESIAN_POINT('',(16.362028216495,25.166281271683,
    100.16693025894));
#326 = CARTESIAN_POINT('',(17.008606962264,24.724401620775,
    99.725088806531));
#327 = CARTESIAN_POINT('',(19.205617274633,23.128749484264,
    98.129574917711));
#328 = CARTESIAN_POINT('',(20.622211220623,21.921232837372,
    96.922163418898));
#329 = CARTESIAN_POINT('',(21.892126490388,20.671186568397,
    95.672230513127));
#330 = CARTESIAN_POINT('',(23.028880525318,19.392368113624,
    94.393535791602));
#331 = CARTESIAN_POINT('',(24.045513565094,18.093209935066,
    93.094515741746));
#332 = CARTESIAN_POINT('',(24.953857942848,16.777598422813,
    91.779061716851));
#333 = CARTESIAN_POINT('',(25.763941762046,15.445515940951,
    90.447163640407));
#334 = CARTESIAN_POINT('',(26.850592941741,13.403614992739,
    88.405611963571));
#335 = CARTESIAN_POINT('',(27.193338804497,12.710004407083,
    87.712131433742));
#336 = CARTESIAN_POINT('',(27.512271065882,12.013461151082,
    87.015732355948));
#337 = CARTESIAN_POINT('',(27.808066832532,11.314390760159,
    86.316823938617));
#338 = CARTESIAN_POINT('',(28.081343906819,10.613106299876,
    85.615723549336));
#339 = CARTESIAN_POINT('',(28.332656423917,9.909838457836,
    84.912667663538));
#340 = CARTESIAN_POINT('',(28.562490493729,9.204744742743,
    84.207823699699));
#341 = CARTESIAN_POINT('',(28.8742403101,8.149258540675,83.152794429758)
  );
#342 = CARTESIAN_POINT('',(28.972086265562,7.800208327667,
    82.803908729212));
#343 = CARTESIAN_POINT('',(29.064843872939,7.450795288335,
    82.454676416724));
#344 = CARTESIAN_POINT('',(29.152556105002,7.101045224879,
    82.105125941339));
#345 = CARTESIAN_POINT('',(29.235262752466,6.750981204948,
    81.755283825232));
#346 = CARTESIAN_POINT('',(29.313000428025,6.400623161662,
    81.405175065067));
#347 = CARTESIAN_POINT('',(29.385802570367,6.049987493623,
    81.054823533367));
#348 = CARTESIAN_POINT('',(29.523651757801,5.337563069403,80.34306843975
    ));
#349 = CARTESIAN_POINT('',(29.588394385559,4.975773260648,
    79.981666294888));
#350 = CARTESIAN_POINT('',(29.647961821859,4.613725685922,
    79.620069651927));
#351 = CARTESIAN_POINT('',(29.702383451473,4.251434824331,79.25830322577
    ));
#352 = CARTESIAN_POINT('',(29.751685337169,3.888901088398,
    78.896401619157));
#353 = CARTESIAN_POINT('',(29.795889350878,3.526122867413,
    78.534401529075));
#354 = CARTESIAN_POINT('',(29.835012310194,3.163099496298,
    78.172358801376));
#355 = CARTESIAN_POINT('',(29.885453984539,2.624970188638,
    77.636286259519));
#356 = CARTESIAN_POINT('',(29.90063258989,2.450455891818,77.462532824545
    ));
#357 = CARTESIAN_POINT('',(29.914640231994,2.275951344226,
    77.288908936828));
#358 = CARTESIAN_POINT('',(29.927491809177,2.101285523938,77.11526905111
    ));
#359 = CARTESIAN_POINT('',(29.939196915854,1.926287377298,
    76.941500612263));
#360 = CARTESIAN_POINT('',(29.949751769634,1.750854546369,76.76757447889
    ));
#361 = CARTESIAN_POINT('',(29.959132793136,1.575159971139,
    76.593779549628));
#362 = CARTESIAN_POINT('',(29.971455253787,1.311384879296,
    76.333956135089));
#363 = CARTESIAN_POINT('',(29.97519223234,1.225576649832,76.24963832267)
  );
#364 = CARTESIAN_POINT('',(29.978618419692,1.140097185877,
    76.165840781738));
#365 = CARTESIAN_POINT('',(29.981789194298,1.053481960504,
    76.081178386142));
#366 = CARTESIAN_POINT('',(29.98472584289,0.96522685051,75.995277958053)
  );
#367 = CARTESIAN_POINT('',(29.987415560473,0.875788136414,75.90877826796
    ));
#368 = CARTESIAN_POINT('',(29.989811450329,0.786582502456,
    75.823330034674));
#369 = CARTESIAN_POINT('',(29.993903161566,0.611267944108,
    75.657857406967));
#370 = CARTESIAN_POINT('',(29.995646848767,0.524494688657,
    75.578792503367));
#371 = CARTESIAN_POINT('',(29.997086511016,0.438064378138,
    75.500140608186));
#372 = CARTESIAN_POINT('',(29.998237547471,0.351017609361,75.42165528503
    ));
#373 = CARTESIAN_POINT('',(29.999107831045,0.263038468052,
    75.347104267457));
#374 = CARTESIAN_POINT('',(29.999697708411,0.174454528859,
    75.284269458972));
#375 = CARTESIAN_POINT('',(30.,8.623685534677E-02,75.244946933028));
#376 = CARTESIAN_POINT('',(30.,-1.077936775504E-14,75.244946933028));
#377 = PCURVE('',#32,#378);
#378 = DEFINITIONAL_REPRESENTATION('',(#379),#676);
#379 = B_SPLINE_CURVE_WITH_KNOTS('',8,(#380,#381,#382,#383,#384,#385,
    #386,#387,#388,#389,#390,#391,#392,#393,#394,#395,#396,#397,#398,
    #399,#400,#401,#402,#403,#404,#405,#406,#407,#408,#409,#410,#411,
    #412,#413,#414,#415,#416,#417,#418,#419,#420,#421,#422,#423,#424,
    #425,#426,#427,#428,#429,#430,#431,#432,#433,#434,#435,#436,#437,
    #438,#439,#440,#441,#442,#443,#444,#445,#446,#447,#448,#449,#450,
    #451,#452,#453,#454,#455,#456,#457,#458,#459,#460,#461,#462,#463,
    #464,#465,#466,#467,#468,#469,#470,#471,#472,#473,#474,#475,#476,
    #477,#478,#479,#480,#481,#482,#483,#484,#485,#486,#487,#488,#489,
    #490,#491,#492,#493,#494,#495,#496,#497,#498,#499,#500,#501,#502,
    #503,#504,#505,#506,#507,#508,#509,#510,#511,#512,#513,#514,#515,
    #516,#517,#518,#519,#520,#521,#522,#523,#524,#525,#526,#527,#528,
    #529,#530,#531,#532,#533,#534,#535,#536,#537,#538,#539,#540,#541,
    #542,#543,#544,#545,#546,#547,#548,#549,#550,#551,#552,#553,#554,
    #555,#556,#557,#558,#559,#560,#561,#562,#563,#564,#565,#566,#567,
    #568,#569,#570,#571,#572,#573,#574,#575,#576,#577,#578,#579,#580,
    #581,#582,#583,#584,#585,#586,#587,#588,#589,#590,#591,#592,#593,
    #594,#595,#596,#597,#598,#599,#600,#601,#602,#603,#604,#605,#606,
    #607,#608,#609,#610,#611,#612,#613,#614,#615,#616,#617,#618,#619,
    #620,#621,#622,#623,#624,#625,#626,#627,#628,#629,#630,#631,#632,
    #633,#634,#635,#636,#637,#638,#639,#640,#641,#642,#643,#644,#645,
    #646,#647,#648,#649,#650,#651,#652,#653,#654,#655,#656,#657,#658,
    #659,#660,#661,#662,#663,#664,#665,#666,#667,#668,#669,#670,#671,
    #672,#673,#674,#675),.UNSPECIFIED.,.F.,.F.,(9,7,7,7,7,7,7,7,7,7,7,7,
    7,7,7,7,7,7,7,7,7,7,7,7,7,7,7,7,7,7,7,7,7,7,7,7,7,7,7,7,7,7,9),(0.,
    6.241323644842E-03,1.476815768602E-02,2.394824832833E-02,
    4.317572492229E-02,0.111734162559,0.183758208333,0.22108376445,
    0.263308834033,0.278423651739,0.304556494715,0.325180680694,
    0.336334592309,0.35915857589,0.395721643082,0.488274358787,
    0.536703652393,0.560153477435,0.584306018478,0.595930274258,
    0.601836282682,0.607734779644,0.610865783573,0.616414936564,
    0.622354929686,0.634796231872,0.679184728779,0.725903172796,
    0.75021572795,0.77763866124,0.787395607092,0.803858763045,
    0.817192534928,0.824399058756,0.839420434893,0.863123624515,
    0.923301441795,0.954027102483,0.969183267334,0.984798252435,
    0.992311594297,0.996109231412,1.),.UNSPECIFIED.);
#380 = CARTESIAN_POINT('',(0.,74.755053066972));
#381 = CARTESIAN_POINT('',(2.874561844893E-03,74.755053066972));
#382 = CARTESIAN_POINT('',(5.815155042204E-03,74.715730541028));
#383 = CARTESIAN_POINT('',(8.767993309826E-03,74.652895732543));
#384 = CARTESIAN_POINT('',(1.17007429096E-02,74.57834471497));
#385 = CARTESIAN_POINT('',(1.460252264732E-02,74.499859391814));
#386 = CARTESIAN_POINT('',(1.748390387271E-02,74.421207496633));
#387 = CARTESIAN_POINT('',(2.037691047947E-02,74.342142593033));
#388 = CARTESIAN_POINT('',(2.737635709844E-02,74.144001347062));
#389 = CARTESIAN_POINT('',(3.161149574913E-02,74.021649625165));
#390 = CARTESIAN_POINT('',(3.58885937524E-02,73.896796371505));
#391 = CARTESIAN_POINT('',(4.010796955125E-02,73.772916632516));
#392 = CARTESIAN_POINT('',(4.423832238731E-02,73.651209608026));
#393 = CARTESIAN_POINT('',(4.831673257374E-02,73.530721752173));
#394 = CARTESIAN_POINT('',(5.243244079006E-02,73.408896405775));
#395 = CARTESIAN_POINT('',(6.128288911366E-02,73.146523878474));
#396 = CARTESIAN_POINT('',(6.587569869464E-02,73.010154714809));
#397 = CARTESIAN_POINT('',(7.047024353675E-02,72.873602434478));
#398 = CARTESIAN_POINT('',(7.506537353847E-02,72.736950040694));
#399 = CARTESIAN_POINT('',(7.966113368209E-02,72.600227630503));
#400 = CARTESIAN_POINT('',(8.425840130849E-02,72.463433425406));
#401 = CARTESIAN_POINT('',(8.885840708676E-02,72.326551776638));
#402 = CARTESIAN_POINT('',(0.103104545631,71.902659260172));
#403 = CARTESIAN_POINT('',(0.112750699225,71.615679965462));
#404 = CARTESIAN_POINT('',(0.122402749444,71.328707720741));
#405 = CARTESIAN_POINT('',(0.132062299187,71.041783168971));
#406 = CARTESIAN_POINT('',(0.141730809629,70.754928518194));
#407 = CARTESIAN_POINT('',(0.15140978891,70.468159433018));
#408 = CARTESIAN_POINT('',(0.161100765148,70.181490435671));
#409 = CARTESIAN_POINT('',(0.205407097677,68.873173420784));
#410 = CARTESIAN_POINT('',(0.240161231018,67.853354331115));
#411 = CARTESIAN_POINT('',(0.275134919398,66.83587587977));
#412 = CARTESIAN_POINT('',(0.310387291918,65.821044514837));
#413 = CARTESIAN_POINT('',(0.345980005579,64.809448877375));
#414 = CARTESIAN_POINT('',(0.381972224346,63.801845523532));
#415 = CARTESIAN_POINT('',(0.418424901254,62.799323417866));
#416 = CARTESIAN_POINT('',(0.494243736557,60.756961904597));
#417 = CARTESIAN_POINT('',(0.533617173483,59.71906177774));
#418 = CARTESIAN_POINT('',(0.573662500209,58.689278115366));
#419 = CARTESIAN_POINT('',(0.614517158378,57.668102716376));
#420 = CARTESIAN_POINT('',(0.656314421986,56.65699195533));
#421 = CARTESIAN_POINT('',(0.699185049446,55.658520900536));
#422 = CARTESIAN_POINT('',(0.743259791943,54.676556859834));
#423 = CARTESIAN_POINT('',(0.812207456773,53.218890265994));
#424 = CARTESIAN_POINT('',(0.836110836538,52.727002507057));
#425 = CARTESIAN_POINT('',(0.860421292205,52.241138252219));
#426 = CARTESIAN_POINT('',(0.885176004725,51.761847337154));
#427 = CARTESIAN_POINT('',(0.910411212528,51.289893998282));
#428 = CARTESIAN_POINT('',(0.936162482886,50.826270612812));
#429 = CARTESIAN_POINT('',(0.962464983269,50.372211438778));
#430 = CARTESIAN_POINT('',(1.019772057977,49.428050513576));
#431 = CARTESIAN_POINT('',(1.050965203022,48.940635226609));
#432 = CARTESIAN_POINT('',(1.082993929823,48.469036929163));
#433 = CARTESIAN_POINT('',(1.115916444551,48.015841213549));
#434 = CARTESIAN_POINT('',(1.149789593768,47.584172459026));
#435 = CARTESIAN_POINT('',(1.184670040643,47.177723461416));
#436 = CARTESIAN_POINT('',(1.220615441164,46.800785062728));
#437 = CARTESIAN_POINT('',(1.270955201803,46.335671711416));
#438 = CARTESIAN_POINT('',(1.284366067794,46.217505622938));
#439 = CARTESIAN_POINT('',(1.297915195574,46.104052490858));
#440 = CARTESIAN_POINT('',(1.311599739513,45.995582169279));
#441 = CARTESIAN_POINT('',(1.325417031096,45.89235939088));
#442 = CARTESIAN_POINT('',(1.339364578917,45.794643766921));
#443 = CARTESIAN_POINT('',(1.353440068685,45.702689787238));
#444 = CARTESIAN_POINT('',(1.39219476553,45.468155278827));
#445 = CARTESIAN_POINT('',(1.417157937577,45.337328329553));
#446 = CARTESIAN_POINT('',(1.442460723682,45.226009782285));
#447 = CARTESIAN_POINT('',(1.468037097506,45.135614657519));
#448 = CARTESIAN_POINT('',(1.493824133758,45.067228407668));
#449 = CARTESIAN_POINT('',(1.519760979899,45.02160613834));
#450 = CARTESIAN_POINT('',(1.54578782785,44.999171829622));
#451 = CARTESIAN_POINT('',(1.592409261634,45.000685010427));
#452 = CARTESIAN_POINT('',(1.612961149612,45.015851469457));
#453 = CARTESIAN_POINT('',(1.6334677491,45.045483973001));
#454 = CARTESIAN_POINT('',(1.65389643044,45.089408267027));
#455 = CARTESIAN_POINT('',(1.674214291001,45.147308807409));
#456 = CARTESIAN_POINT('',(1.694387711322,45.218728762425));
#457 = CARTESIAN_POINT('',(1.714381911259,45.303070015258));
#458 = CARTESIAN_POINT('',(1.744857107656,45.451794533299));
#459 = CARTESIAN_POINT('',(1.75549394354,45.50757495754));
#460 = CARTESIAN_POINT('',(1.766068896409,45.566839257874));
#461 = CARTESIAN_POINT('',(1.776579777498,45.629487733505));
#462 = CARTESIAN_POINT('',(1.787024326655,45.695416164176));
#463 = CARTESIAN_POINT('',(1.797400212343,45.764515810168));
#464 = CARTESIAN_POINT('',(1.807705031638,45.836673412304));
#465 = CARTESIAN_POINT('',(1.838872331842,46.065441989116));
#466 = CARTESIAN_POINT('',(1.859492002811,46.231361428165));
#467 = CARTESIAN_POINT('',(1.879797805658,46.408676503617));
#468 = CARTESIAN_POINT('',(1.899791758628,46.596554241275));
#469 = CARTESIAN_POINT('',(1.919475415691,46.79418169821));
#470 = CARTESIAN_POINT('',(1.938849866541,47.000765962767));
#471 = CARTESIAN_POINT('',(1.957915736596,47.21553415456));
#472 = CARTESIAN_POINT('',(2.006721838103,47.793687362463));
#473 = CARTESIAN_POINT('',(2.036001928369,48.168979418331));
#474 = CARTESIAN_POINT('',(2.064554557108,48.561063357627));
#475 = CARTESIAN_POINT('',(2.092420515213,48.967744019261));
#476 = CARTESIAN_POINT('',(2.119640781132,49.387161597442));
#477 = CARTESIAN_POINT('',(2.146257016842,49.817775923594));
#478 = CARTESIAN_POINT('',(2.172312063815,50.258350748286));
#479 = CARTESIAN_POINT('',(2.262496163755,51.845985961432));
#480 = CARTESIAN_POINT('',(2.324088365833,53.046312766199));
#481 = CARTESIAN_POINT('',(2.382991881852,54.288918735199));
#482 = CARTESIAN_POINT('',(2.439550387414,55.560192472529));
#483 = CARTESIAN_POINT('',(2.494109724921,56.851779418799));
#484 = CARTESIAN_POINT('',(2.547031419517,58.159815923345));
#485 = CARTESIAN_POINT('',(2.598699469764,59.484297361543));
#486 = CARTESIAN_POINT('',(2.676117769055,61.531639473578));
#487 = CARTESIAN_POINT('',(2.702415125999,62.238548136142));
#488 = CARTESIAN_POINT('',(2.728440406953,62.94852832206));
#489 = CARTESIAN_POINT('',(2.754218097081,63.661146221163));
#490 = CARTESIAN_POINT('',(2.7797725381,64.37606852808));
#491 = CARTESIAN_POINT('',(2.80512805425,65.093051284587));
#492 = CARTESIAN_POINT('',(2.830308996274,65.811929715228));
#493 = CARTESIAN_POINT('',(2.867459758461,66.881567366349));
#494 = CARTESIAN_POINT('',(2.879543470712,67.230915580294));
#495 = CARTESIAN_POINT('',(2.891593001723,67.580625602417));
#496 = CARTESIAN_POINT('',(2.9036104898,67.93067165925));
#497 = CARTESIAN_POINT('',(2.91559804565,68.281030712384));
#498 = CARTESIAN_POINT('',(2.927557748028,68.631682871381));
#499 = CARTESIAN_POINT('',(2.939491639377,68.982611806672));
#500 = CARTESIAN_POINT('',(2.963668710501,69.695522656059));
#501 = CARTESIAN_POINT('',(2.975909897702,70.057504264127));
#502 = CARTESIAN_POINT('',(2.988127557545,70.41974273213));
#503 = CARTESIAN_POINT('',(3.000323845301,70.782223879571));
#504 = CARTESIAN_POINT('',(3.012500503378,71.144948471682));
#505 = CARTESIAN_POINT('',(3.024659154659,71.507919128625));
#506 = CARTESIAN_POINT('',(3.036800701847,71.871136577529));
#507 = CARTESIAN_POINT('',(3.054756320193,72.409602895893));
#508 = CARTESIAN_POINT('',(3.060571297766,72.58419300696));
#509 = CARTESIAN_POINT('',(3.066378007957,72.758758747303));
#510 = CARTESIAN_POINT('',(3.072182549224,72.93349973816));
#511 = CARTESIAN_POINT('',(3.077989775894,73.108615216988));
#512 = CARTESIAN_POINT('',(3.083801290458,73.284222832821));
#513 = CARTESIAN_POINT('',(3.089606233234,73.460112859627));
#514 = CARTESIAN_POINT('',(3.098287959811,73.724449141108));
#515 = CARTESIAN_POINT('',(3.10109983929,73.810303834728));
#516 = CARTESIAN_POINT('',(3.103891586348,73.895771848653));
#517 = CARTESIAN_POINT('',(3.106716859623,73.98255191495));
#518 = CARTESIAN_POINT('',(3.109590083691,74.071227036711));
#519 = CARTESIAN_POINT('',(3.112486449072,74.161264488051));
#520 = CARTESIAN_POINT('',(3.115341912222,74.251015814107));
#521 = CARTESIAN_POINT('',(3.120761030557,74.424307578667));
#522 = CARTESIAN_POINT('',(3.123295108095,74.513006809384));
#523 = CARTESIAN_POINT('',(3.125983538494,74.602691692218));
#524 = CARTESIAN_POINT('',(3.1288555952,74.693755268383));
#525 = CARTESIAN_POINT('',(3.131641714773,74.78810645129));
#526 = CARTESIAN_POINT('',(3.13377349688,74.889170026536));
#527 = CARTESIAN_POINT('',(3.134383704301,75.001886651912));
#528 = CARTESIAN_POINT('',(3.131203528251,75.202157220277));
#529 = CARTESIAN_POINT('',(3.129477633494,75.276645197674));
#530 = CARTESIAN_POINT('',(3.127512026554,75.349420096625));
#531 = CARTESIAN_POINT('',(3.125555072615,75.416741924279));
#532 = CARTESIAN_POINT('',(3.123720054148,75.4778873879));
#533 = CARTESIAN_POINT('',(3.121985170906,75.535149894869));
#534 = CARTESIAN_POINT('',(3.120193539929,75.593839552685));
#535 = CARTESIAN_POINT('',(3.114259812097,75.783587423611));
#536 = CARTESIAN_POINT('',(3.110163572087,75.91150068188));
#537 = CARTESIAN_POINT('',(3.10596803244,76.040942866227));
#538 = CARTESIAN_POINT('',(3.101816634509,76.168168937197));
#539 = CARTESIAN_POINT('',(3.097762853247,76.291874344424));
#540 = CARTESIAN_POINT('',(3.093766241155,76.413451852123));
#541 = CARTESIAN_POINT('',(3.089714367022,76.53639973904));
#542 = CARTESIAN_POINT('',(3.080928036672,76.802412275802));
#543 = CARTESIAN_POINT('',(3.076372034392,76.940033752031));
#544 = CARTESIAN_POINT('',(3.071808466827,77.0776510103));
#545 = CARTESIAN_POINT('',(3.067240198594,77.215221092042));
#546 = CARTESIAN_POINT('',(3.062668056728,77.352743471473));
#547 = CARTESIAN_POINT('',(3.058091641753,77.490246806241));
#548 = CARTESIAN_POINT('',(3.053510027815,77.627771838629));
#549 = CARTESIAN_POINT('',(3.039313474877,78.053508532645));
#550 = CARTESIAN_POINT('',(3.029692109739,78.341480125661));
#551 = CARTESIAN_POINT('',(3.020059780131,78.629287101637));
#552 = CARTESIAN_POINT('',(3.010416331611,78.9169348287));
#553 = CARTESIAN_POINT('',(3.000761110991,79.204428263524));
#554 = CARTESIAN_POINT('',(2.991093300478,79.491770859977));
#555 = CARTESIAN_POINT('',(2.981411886078,79.778960636125));
#556 = CARTESIAN_POINT('',(2.937121502342,81.090098408129));
#557 = CARTESIAN_POINT('',(2.902357796355,82.111720951163));
#558 = CARTESIAN_POINT('',(2.867371274438,83.130891095195));
#559 = CARTESIAN_POINT('',(2.832101086588,84.147252892209));
#560 = CARTESIAN_POINT('',(2.796489739979,85.160344966491));
#561 = CARTESIAN_POINT('',(2.760476934202,86.169379158242));
#562 = CARTESIAN_POINT('',(2.72400288057,87.173304101686));
#563 = CARTESIAN_POINT('',(2.648066791507,89.220424394851));
#564 = CARTESIAN_POINT('',(2.608595854579,90.261636090263));
#565 = CARTESIAN_POINT('',(2.568449873752,91.294680448632));
#566 = CARTESIAN_POINT('',(2.527490553786,92.319072476888));
#567 = CARTESIAN_POINT('',(2.485583728936,93.333351126522));
#568 = CARTESIAN_POINT('',(2.442597744749,94.334924806474));
#569 = CARTESIAN_POINT('',(2.398400934146,95.319896074839));
#570 = CARTESIAN_POINT('',(2.32915747261,96.784000510367));
#571 = CARTESIAN_POINT('',(2.305082984281,97.279373263554));
#572 = CARTESIAN_POINT('',(2.280595408375,97.768629928913));
#573 = CARTESIAN_POINT('',(2.255656690971,98.251209718473));
#574 = CARTESIAN_POINT('',(2.230229756112,98.726330672184));
#575 = CARTESIAN_POINT('',(2.2042782233,99.192975433769));
#576 = CARTESIAN_POINT('',(2.17776612499,99.649877026585));
#577 = CARTESIAN_POINT('',(2.120081051319,100.59814270883));
#578 = CARTESIAN_POINT('',(2.088719722301,101.08686639244));
#579 = CARTESIAN_POINT('',(2.056512674934,101.55954612763));
#580 = CARTESIAN_POINT('',(2.023401483326,102.01353631877));
#581 = CARTESIAN_POINT('',(1.989329054925,102.44564526099));
#582 = CARTESIAN_POINT('',(1.954238427651,102.85210507391));
#583 = CARTESIAN_POINT('',(1.918071567024,103.22854163534));
#584 = CARTESIAN_POINT('',(1.867495794284,103.69141399366));
#585 = CARTESIAN_POINT('',(1.85408263192,103.80842014258));
#586 = CARTESIAN_POINT('',(1.840531855017,103.92068759569));
#587 = CARTESIAN_POINT('',(1.826846462522,104.02794658771));
#588 = CARTESIAN_POINT('',(1.81302927352,104.12993295419));
#589 = CARTESIAN_POINT('',(1.799082927236,104.22638813144));
#590 = CARTESIAN_POINT('',(1.785009883037,104.3170591566));
#591 = CARTESIAN_POINT('',(1.746856661665,104.54451318049));
#592 = CARTESIAN_POINT('',(1.722517197662,104.67033136402));
#593 = CARTESIAN_POINT('',(1.697858829467,104.77756089383));
#594 = CARTESIAN_POINT('',(1.672942682258,104.86490654562));
#595 = CARTESIAN_POINT('',(1.647827111317,104.93137087462));
#596 = CARTESIAN_POINT('',(1.622568607987,104.97625489527));
#597 = CARTESIAN_POINT('',(1.597222705653,104.99915876076));
#598 = CARTESIAN_POINT('',(1.551290985639,105.00064955569));
#599 = CARTESIAN_POINT('',(1.530746133344,104.98683173157));
#600 = CARTESIAN_POINT('',(1.510243376242,104.95855051572));
#601 = CARTESIAN_POINT('',(1.489815569466,104.9159696529));
#602 = CARTESIAN_POINT('',(1.469495823129,104.85939508378));
#603 = CARTESIAN_POINT('',(1.449317949595,104.78927494152));
#604 = CARTESIAN_POINT('',(1.429316910748,104.70619954836));
#605 = CARTESIAN_POINT('',(1.398834606624,104.55939548452));
#606 = CARTESIAN_POINT('',(1.388199066042,104.50430371308));
#607 = CARTESIAN_POINT('',(1.377624806158,104.44572043729));
#608 = CARTESIAN_POINT('',(1.367114061777,104.38374463204));
#609 = CARTESIAN_POINT('',(1.35666913987,104.3184799076));
#610 = CARTESIAN_POINT('',(1.346292419571,104.25003450961));
#611 = CARTESIAN_POINT('',(1.335986352182,104.17852131911));
#612 = CARTESIAN_POINT('',(1.304423884166,103.94884519151));
#613 = CARTESIAN_POINT('',(1.283421598976,103.78088321252));
#614 = CARTESIAN_POINT('',(1.262744042332,103.60107143749));
#615 = CARTESIAN_POINT('',(1.242389152537,103.41028829866));
#616 = CARTESIAN_POINT('',(1.222355369463,103.20939113846));
#617 = CARTESIAN_POINT('',(1.202641634547,102.99921620961));
#618 = CARTESIAN_POINT('',(1.183247390796,102.78057867507));
#619 = CARTESIAN_POINT('',(1.134073223903,102.1971697987));
#620 = CARTESIAN_POINT('',(1.104745025419,101.82068892018));
#621 = CARTESIAN_POINT('',(1.076146625955,101.42738787636));
#622 = CARTESIAN_POINT('',(1.048236970594,101.01947071133));
#623 = CARTESIAN_POINT('',(1.020974810798,100.59880350338));
#624 = CARTESIAN_POINT('',(0.994318204328,100.16693025894));
#625 = CARTESIAN_POINT('',(0.968224015157,99.725088806531));
#626 = CARTESIAN_POINT('',(0.87771336475,98.129574917711));
#627 = CARTESIAN_POINT('',(0.815853849412,96.922163418898));
#628 = CARTESIAN_POINT('',(0.756700224077,95.672230513127));
#629 = CARTESIAN_POINT('',(0.69990551623,94.393535791602));
#630 = CARTESIAN_POINT('',(0.645120582236,93.094515741746));
#631 = CARTESIAN_POINT('',(0.591980371734,91.77906171685));
#632 = CARTESIAN_POINT('',(0.540096964544,90.447163640407));
#633 = CARTESIAN_POINT('',(0.462995514287,88.405611963571));
#634 = CARTESIAN_POINT('',(0.437218086404,87.712131433742));
#635 = CARTESIAN_POINT('',(0.411700310404,87.015732355948));
#636 = CARTESIAN_POINT('',(0.386419000669,86.316823938617));
#637 = CARTESIAN_POINT('',(0.361351082803,85.615723549336));
#638 = CARTESIAN_POINT('',(0.336473451979,84.912667663538));
#639 = CARTESIAN_POINT('',(0.311762845061,84.207823699699));
#640 = CARTESIAN_POINT('',(0.275077409399,83.152794429758));
#641 = CARTESIAN_POINT('',(0.262995074685,82.803908729212));
#642 = CARTESIAN_POINT('',(0.250946474141,82.454676416724));
#643 = CARTESIAN_POINT('',(0.238929382643,82.105125941339));
#644 = CARTESIAN_POINT('',(0.226941575373,81.755283825232));
#645 = CARTESIAN_POINT('',(0.214980805056,81.405175065067));
#646 = CARTESIAN_POINT('',(0.203044779186,81.054823533367));
#647 = CARTESIAN_POINT('',(0.178856835479,80.34306843975));
#648 = CARTESIAN_POINT('',(0.166606810988,79.981666294889));
#649 = CARTESIAN_POINT('',(0.154378303362,79.620069651926));
#650 = CARTESIAN_POINT('',(0.142168830669,79.25830322577));
#651 = CARTESIAN_POINT('',(0.129975503662,78.896401619157));
#652 = CARTESIAN_POINT('',(0.117795418166,78.534401529074));
#653 = CARTESIAN_POINT('',(0.105625745361,78.172358801376));
#654 = CARTESIAN_POINT('',(8.760947141338E-02,77.636286259519));
#655 = CARTESIAN_POINT('',(8.177049770372E-02,77.462532824546));
#656 = CARTESIAN_POINT('',(7.593518574025E-02,77.288908936827));
#657 = CARTESIAN_POINT('',(7.009751060815E-02,77.11526905111));
#658 = CARTESIAN_POINT('',(6.425146651581E-02,76.941500612264));
#659 = CARTESIAN_POINT('',(5.839335257003E-02,76.76757447889));
#660 = CARTESIAN_POINT('',(5.252865484045E-02,76.593779549628));
#661 = CARTESIAN_POINT('',(4.372656278398E-02,76.333956135089));
#662 = CARTESIAN_POINT('',(4.086359732838E-02,76.24963832267));
#663 = CARTESIAN_POINT('',(3.801202313486E-02,76.165840781738));
#664 = CARTESIAN_POINT('',(3.512294812353E-02,76.081178386142));
#665 = CARTESIAN_POINT('',(3.217951508885E-02,75.995277958053));
#666 = CARTESIAN_POINT('',(2.919690169969E-02,75.90877826796));
#667 = CARTESIAN_POINT('',(2.622232049927E-02,75.823330034674));
#668 = CARTESIAN_POINT('',(2.037691047947E-02,75.657857406967));
#669 = CARTESIAN_POINT('',(1.748390387271E-02,75.578792503367));
#670 = CARTESIAN_POINT('',(1.460252264732E-02,75.500140608186));
#671 = CARTESIAN_POINT('',(1.17007429096E-02,75.42165528503));
#672 = CARTESIAN_POINT('',(8.767993309827E-03,75.347104267457));
#673 = CARTESIAN_POINT('',(5.815155042204E-03,75.284269458972));
#674 = CARTESIAN_POINT('',(2.874561844893E-03,75.244946933028));
#675 = CARTESIAN_POINT('',(0.,75.244946933028));
#676 = ( GEOMETRIC_REPRESENTATION_CONTEXT(2) 
PARAMETRIC_REPRESENTATION_CONTEXT() REPRESENTATION_CONTEXT('2D SPACE',''
  ) );
#677 = PCURVE('',#678,#683);
#678 = CYLINDRICAL_SURFACE('',#679,30.);
#679 = AXIS2_PLACEMENT_3D('',#680,#681,#682);
#680 = CARTESIAN_POINT('',(1.E-03,75.,75.));
#681 = DIRECTION('',(0.,-1.,1.110223024625E-16));
#682 = DIRECTION('',(1.,0.,0.));
#683 = DEFINITIONAL_REPRESENTATION('',(#684),#981);
#684 = B_SPLINE_CURVE_WITH_KNOTS('',8,(#685,#686,#687,#688,#689,#690,
    #691,#692,#693,#694,#695,#696,#697,#698,#699,#700,#701,#702,#703,
    #704,#705,#706,#707,#708,#709,#710,#711,#712,#713,#714,#715,#716,
    #717,#718,#719,#720,#721,#722,#723,#724,#725,#726,#727,#728,#729,
    #730,#731,#732,#733,#734,#735,#736,#737,#738,#739,#740,#741,#742,
    #743,#744,#745,#746,#747,#748,#749,#750,#751,#752,#753,#754,#755,
    #756,#757,#758,#759,#760,#761,#762,#763,#764,#765,#766,#767,#768,
    #769,#770,#771,#772,#773,#774,#775,#776,#777,#778,#779,#780,#781,
    #782,#783,#784,#785,#786,#787,#788,#789,#790,#791,#792,#793,#794,
    #795,#796,#797,#798,#799,#800,#801,#802,#803,#804,#805,#806,#807,
    #808,#809,#810,#811,#812,#813,#814,#815,#816,#817,#818,#819,#820,
    #821,#822,#823,#824,#825,#826,#827,#828,#829,#830,#831,#832,#833,
    #834,#835,#836,#837,#838,#839,#840,#841,#842,#843,#844,#845,#846,
    #847,#848,#849,#850,#851,#852,#853,#854,#855,#856,#857,#858,#859,
    #860,#861,#862,#863,#864,#865,#866,#867,#868,#869,#870,#871,#872,
    #873,#874,#875,#876,#877,#878,#879,#880,#881,#882,#883,#884,#885,
    #886,#887,#888,#889,#890,#891,#892,#893,#894,#895,#896,#897,#898,
    #899,#900,#901,#902,#903,#904,#905,#906,#907,#908,#909,#910,#911,
    #912,#913,#914,#915,#916,#917,#918,#919,#920,#921,#922,#923,#924,
    #925,#926,#927,#928,#929,#930,#931,#932,#933,#934,#935,#936,#937,
    #938,#939,#940,#941,#942,#943,#944,#945,#946,#947,#948,#949,#950,
    #951,#952,#953,#954,#955,#956,#957,#958,#959,#960,#961,#962,#963,
    #964,#965,#966,#967,#968,#969,#970,#971,#972,#973,#974,#975,#976,
    #977,#978,#979,#980),.UNSPECIFIED.,.F.,.F.,(9,7,7,7,7,7,7,7,7,7,7,7,
    7,7,7,7,7,7,7,7,7,7,7,7,7,7,7,7,7,7,7,7,7,7,7,7,7,7,7,7,7,7,9),(0.,
    6.241323644842E-03,1.476815768602E-02,2.394824832833E-02,
    4.317572492229E-02,0.111734162559,0.183758208333,0.22108376445,
    0.263308834033,0.278423651739,0.304556494715,0.325180680694,
    0.336334592309,0.35915857589,0.395721643082,0.488274358787,
    0.536703652393,0.560153477435,0.584306018478,0.595930274258,
    0.601836282682,0.607734779644,0.610865783573,0.616414936564,
    0.622354929686,0.634796231872,0.679184728779,0.725903172796,
    0.75021572795,0.77763866124,0.787395607092,0.803858763045,
    0.817192534928,0.824399058756,0.839420434893,0.863123624515,
    0.923301441795,0.954027102483,0.969183267334,0.984798252435,
    0.992311594297,0.996109231412,1.),.UNSPECIFIED.);
#685 = CARTESIAN_POINT('',(6.27502031869,75.));
#686 = CARTESIAN_POINT('',(6.27502031869,74.913763144653));
#687 = CARTESIAN_POINT('',(6.273709533144,74.825545471141));
#688 = CARTESIAN_POINT('',(6.271614953339,74.736961531948));
#689 = CARTESIAN_POINT('',(6.26912975755,74.648982390639));
#690 = CARTESIAN_POINT('',(6.266513311042,74.561935621862));
#691 = CARTESIAN_POINT('',(6.263891166071,74.475505311343));
#692 = CARTESIAN_POINT('',(6.261255061882,74.388732055892));
#693 = CARTESIAN_POINT('',(6.254648334782,74.178805825135));
#694 = CARTESIAN_POINT('',(6.250568289151,74.051799233978));
#695 = CARTESIAN_POINT('',(6.246404227312,73.923552784865));
#696 = CARTESIAN_POINT('',(6.242271905707,73.797059331649));
#697 = CARTESIAN_POINT('',(6.238211264626,73.673258905966));
#698 = CARTESIAN_POINT('',(6.234190468878,73.551040591093));
#699 = CARTESIAN_POINT('',(6.230124122232,73.4277323508));
#700 = CARTESIAN_POINT('',(6.221364004459,73.162645500868));
#701 = CARTESIAN_POINT('',(6.216809546752,73.02512349202));
#702 = CARTESIAN_POINT('',(6.212247467068,72.887594965225));
#703 = CARTESIAN_POINT('',(6.207680386404,72.750098797804));
#704 = CARTESIAN_POINT('',(6.203109160597,72.612638062317));
#705 = CARTESIAN_POINT('',(6.198533579279,72.475190970843));
#706 = CARTESIAN_POINT('',(6.193952965346,72.337725267084));
#707 = CARTESIAN_POINT('',(6.17976080134,71.912206389326));
#708 = CARTESIAN_POINT('',(6.170142647588,71.624382270223));
#709 = CARTESIAN_POINT('',(6.160513412112,71.336720746989));
#710 = CARTESIAN_POINT('',(6.150873054988,71.049215572579));
#711 = CARTESIAN_POINT('',(6.14122090562,70.761865236774));
#712 = CARTESIAN_POINT('',(6.131556055017,70.474667428715));
#713 = CARTESIAN_POINT('',(6.121877532714,70.187619940041));
#714 = CARTESIAN_POINT('',(6.077621487368,68.877772006609));
#715 = CARTESIAN_POINT('',(6.042888613857,67.857297563872));
#716 = CARTESIAN_POINT('',(6.007932182941,66.8392836426));
#717 = CARTESIAN_POINT('',(5.972691503868,65.824083491895));
#718 = CARTESIAN_POINT('',(5.937109102011,64.81216022995));
#719 = CARTESIAN_POINT('',(5.901124805464,63.804300597586));
#720 = CARTESIAN_POINT('',(5.864678902848,62.801556250527));
#721 = CARTESIAN_POINT('',(5.78887179792,60.758802883858));
#722 = CARTESIAN_POINT('',(5.749503234961,59.720735584729));
#723 = CARTESIAN_POINT('',(5.709462013742,58.690807202111));
#724 = CARTESIAN_POINT('',(5.66861088811,57.669503550811));
#725 = CARTESIAN_POINT('',(5.626816696777,56.658277495644));
#726 = CARTESIAN_POINT('',(5.583948764305,55.659701472499));
#727 = CARTESIAN_POINT('',(5.539876409808,54.677640513971));
#728 = CARTESIAN_POINT('',(5.470931963162,53.219836931614));
#729 = CARTESIAN_POINT('',(5.447029610694,52.727904178142));
#730 = CARTESIAN_POINT('',(5.42272011809,52.24199644501));
#731 = CARTESIAN_POINT('',(5.397966309947,51.762663359264));
#732 = CARTESIAN_POINT('',(5.372731952193,51.290668981029));
#733 = CARTESIAN_POINT('',(5.346981480964,50.827005535409));
#734 = CARTESIAN_POINT('',(5.320679731478,50.372907144385));
#735 = CARTESIAN_POINT('',(5.263374159013,49.428664161305));
#736 = CARTESIAN_POINT('',(5.232181753081,48.941206198803));
#737 = CARTESIAN_POINT('',(5.20015371014,48.469565915754));
#738 = CARTESIAN_POINT('',(5.167231826057,48.01632873543));
#739 = CARTESIAN_POINT('',(5.133359255382,47.584618880545));
#740 = CARTESIAN_POINT('',(5.098479335187,47.178128993964));
#741 = CARTESIAN_POINT('',(5.062534408914,46.801149759424));
#742 = CARTESIAN_POINT('',(5.012195219266,46.33598079263));
#743 = CARTESIAN_POINT('',(4.998784496859,46.21780003177));
#744 = CARTESIAN_POINT('',(4.985235505617,46.104332213498));
#745 = CARTESIAN_POINT('',(4.971551091048,45.995847189561));
#746 = CARTESIAN_POINT('',(4.957733921554,45.892609689628));
#747 = CARTESIAN_POINT('',(4.943786488422,45.79487932128));
#748 = CARTESIAN_POINT('',(4.929711105832,45.702910570019));
#749 = CARTESIAN_POINT('',(4.89095668066,45.468335662794));
#750 = CARTESIAN_POINT('',(4.865993658162,45.337482987278));
#751 = CARTESIAN_POINT('',(4.840690997909,45.226138619657));
#752 = CARTESIAN_POINT('',(4.815114725406,45.135717605282));
#753 = CARTESIAN_POINT('',(4.789327765354,45.067305412209));
#754 = CARTESIAN_POINT('',(4.763390969906,45.021657155491));
#755 = CARTESIAN_POINT('',(4.737364146903,44.999196821484));
#756 = CARTESIAN_POINT('',(4.690742711463,45.000663380802));
#757 = CARTESIAN_POINT('',(4.670190806643,45.015809286865));
#758 = CARTESIAN_POINT('',(4.649684174241,45.045421255226));
#759 = CARTESIAN_POINT('',(4.629255444013,45.089325038088));
#760 = CARTESIAN_POINT('',(4.608937518763,45.147205098558));
#761 = CARTESIAN_POINT('',(4.588764018208,45.218604614255));
#762 = CARTESIAN_POINT('',(4.568769722846,45.302925480913));
#763 = CARTESIAN_POINT('',(4.538294356727,45.451618695486));
#764 = CARTESIAN_POINT('',(4.527657456947,45.507388149523));
#765 = CARTESIAN_POINT('',(4.517082435906,45.566641495642));
#766 = CARTESIAN_POINT('',(4.506571482419,45.629279032162));
#767 = CARTESIAN_POINT('',(4.496126856691,45.695196538186));
#768 = CARTESIAN_POINT('',(4.485750890315,45.764285273596));
#769 = CARTESIAN_POINT('',(4.475445986271,45.836431979056));
#770 = CARTESIAN_POINT('',(4.444278415717,46.06516740421));
#771 = CARTESIAN_POINT('',(4.423658546488,46.231064641776));
#772 = CARTESIAN_POINT('',(4.403352529051,46.408357559628));
#773 = CARTESIAN_POINT('',(4.383358345455,46.596213161968));
#774 = CARTESIAN_POINT('',(4.363674441991,46.793818486278));
#775 = CARTESIAN_POINT('',(4.344299729197,47.00038060332));
#776 = CARTESIAN_POINT('',(4.325233581852,47.215126617138));
#777 = CARTESIAN_POINT('',(4.276426719345,47.793222004336));
#778 = CARTESIAN_POINT('',(4.247146121281,48.168478321432));
#779 = CARTESIAN_POINT('',(4.218592945436,48.560526274354));
#780 = CARTESIAN_POINT('',(4.190726400464,48.967170596493));
#781 = CARTESIAN_POINT('',(4.163505506961,49.386551373338));
#782 = CARTESIAN_POINT('',(4.136888601403,49.817128319182));
#783 = CARTESIAN_POINT('',(4.11083284009,50.257665053834));
#784 = CARTESIAN_POINT('',(4.020646049915,51.845162724374));
#785 = CARTESIAN_POINT('',(3.959051608261,53.045385061173));
#786 = CARTESIAN_POINT('',(3.900145491989,54.287878488026));
#787 = CARTESIAN_POINT('',(3.843583971391,55.559029476577));
#788 = CARTESIAN_POINT('',(3.789021087183,56.850479549402));
#789 = CARTESIAN_POINT('',(3.736095164584,58.15836020879));
#790 = CARTESIAN_POINT('',(3.684421969498,59.482659443568));
#791 = CARTESIAN_POINT('',(3.606993478298,61.529654645746));
#792 = CARTESIAN_POINT('',(3.580692202507,62.236431872));
#793 = CARTESIAN_POINT('',(3.554662513497,62.946266184469));
#794 = CARTESIAN_POINT('',(3.528879798341,63.658719915569));
#795 = CARTESIAN_POINT('',(3.503319566566,64.373455274346));
#796 = CARTESIAN_POINT('',(3.477957293567,65.090222269765));
#797 = CARTESIAN_POINT('',(3.45276828002,65.808845648146));
#798 = CARTESIAN_POINT('',(3.415602608147,66.878017043868));
#799 = CARTESIAN_POINT('',(3.403513572713,67.22719940602));
#800 = CARTESIAN_POINT('',(3.391458169778,67.576727142971));
#801 = CARTESIAN_POINT('',(3.379434171427,67.926571790902));
#802 = CARTESIAN_POINT('',(3.367439349836,68.276706796116));
#803 = CARTESIAN_POINT('',(3.355471454065,68.627107100712));
#804 = CARTESIAN_POINT('',(3.343528186836,68.977748728265));
#805 = CARTESIAN_POINT('',(3.31932894153,69.689982148202));
#806 = CARTESIAN_POINT('',(3.307074874036,70.051571176256));
#807 = CARTESIAN_POINT('',(3.294842177557,70.413352392798));
#808 = CARTESIAN_POINT('',(3.282628359459,70.775301494507));
#809 = CARTESIAN_POINT('',(3.27043049025,71.137383632132));
#810 = CARTESIAN_POINT('',(3.25824563091,71.499561939879));
#811 = CARTESIAN_POINT('',(3.246070949202,71.861779257185));
#812 = CARTESIAN_POINT('',(3.228045328074,72.398136477597));
#813 = CARTESIAN_POINT('',(3.222204403231,72.571945251255));
#814 = CARTESIAN_POINT('',(3.216367584484,72.745604819521));
#815 = CARTESIAN_POINT('',(3.210527890776,72.919288322369));
#816 = CARTESIAN_POINT('',(3.204678377051,73.093132272266));
#817 = CARTESIAN_POINT('',(3.198814834803,73.267176136392));
#818 = CARTESIAN_POINT('',(3.192943979204,73.44108585768));
#819 = CARTESIAN_POINT('',(3.184123640204,73.701259388918));
#820 = CARTESIAN_POINT('',(3.181259268345,73.785537891569));
#821 = CARTESIAN_POINT('',(3.1784082113,73.869225194833));
#822 = CARTESIAN_POINT('',(3.175513766379,73.953928681517));
#823 = CARTESIAN_POINT('',(3.172556445137,74.04007943028));
#824 = CARTESIAN_POINT('',(3.169553973378,74.12693221564));
#825 = CARTESIAN_POINT('',(3.166561291154,74.212565507969));
#826 = CARTESIAN_POINT('',(3.160783490912,74.375094018608));
#827 = CARTESIAN_POINT('',(3.157826332012,74.451100318238));
#828 = CARTESIAN_POINT('',(3.154836496539,74.53174209273));
#829 = CARTESIAN_POINT('',(3.151800861967,74.617896333629));
#830 = CARTESIAN_POINT('',(3.148655762774,74.701475303677));
#831 = CARTESIAN_POINT('',(3.145286990437,74.765426536817));
#832 = CARTESIAN_POINT('',(3.141529793435,74.783732838192));
#833 = CARTESIAN_POINT('',(3.134854042501,74.688331670409));
#834 = CARTESIAN_POINT('',(3.132371033861,74.636558128811));
#835 = CARTESIAN_POINT('',(3.129945089913,74.577594441311));
#836 = CARTESIAN_POINT('',(3.127700878718,74.51889139401));
#837 = CARTESIAN_POINT('',(3.125662497816,74.46384777714));
#838 = CARTESIAN_POINT('',(3.123753474224,74.411810385072));
#839 = CARTESIAN_POINT('',(3.121796764434,74.35807401631));
#840 = CARTESIAN_POINT('',(3.115470293598,74.180111497798));
#841 = CARTESIAN_POINT('',(3.111205070116,74.05726983383));
#842 = CARTESIAN_POINT('',(3.106888264022,73.931467771134));
#843 = CARTESIAN_POINT('',(3.102644630744,73.807010859762));
#844 = CARTESIAN_POINT('',(3.09851763799,73.685503843218));
#845 = CARTESIAN_POINT('',(3.094460829184,73.565734251288));
#846 = CARTESIAN_POINT('',(3.090357413439,73.44433465275));
#847 = CARTESIAN_POINT('',(3.081476642786,73.181159745169));
#848 = CARTESIAN_POINT('',(3.076880840719,73.044734552562));
#849 = CARTESIAN_POINT('',(3.072283688055,72.908127139919));
#850 = CARTESIAN_POINT('',(3.067686471521,72.771427801454));
#851 = CARTESIAN_POINT('',(3.06308906164,72.634665758184));
#852 = CARTESIAN_POINT('',(3.058490351903,72.497833563896));
#853 = CARTESIAN_POINT('',(3.053888827861,72.360908134732));
#854 = CARTESIAN_POINT('',(3.039636927446,71.93683899235));
#855 = CARTESIAN_POINT('',(3.029986987179,71.649729483807));
#856 = CARTESIAN_POINT('',(3.020331332174,71.362627107335));
#857 = CARTESIAN_POINT('',(3.010668388167,71.075569090218));
#858 = CARTESIAN_POINT('',(3.000996578026,70.788578195045));
#859 = CARTESIAN_POINT('',(2.991314355197,70.501672831798));
#860 = CARTESIAN_POINT('',(2.981620331778,70.214866200522));
#861 = CARTESIAN_POINT('',(2.937278949091,68.905280715436));
#862 = CARTESIAN_POINT('',(2.902493816969,67.884318528232));
#863 = CARTESIAN_POINT('',(2.86748986014,66.86568919041));
#864 = CARTESIAN_POINT('',(2.832207922621,65.849697878478));
#865 = CARTESIAN_POINT('',(2.796586181166,64.836935931567));
#866 = CARTESIAN_POINT('',(2.760565413925,63.828159207174));
#867 = CARTESIAN_POINT('',(2.724084549107,62.824457622956));
#868 = CARTESIAN_POINT('',(2.648136661805,60.777731278858));
#869 = CARTESIAN_POINT('',(2.608660823649,59.736687623805));
#870 = CARTESIAN_POINT('',(2.568510717159,58.703788642716));
#871 = CARTESIAN_POINT('',(2.527547849086,57.679525389028));
#872 = CARTESIAN_POINT('',(2.485637939857,56.66536245558));
#873 = CARTESIAN_POINT('',(2.44264925121,55.66389409191));
#874 = CARTESIAN_POINT('',(2.398450044951,54.679020040845));
#875 = CARTESIAN_POINT('',(2.329203351417,53.215053183934));
#876 = CARTESIAN_POINT('',(2.305127829058,52.719725730482));
#877 = CARTESIAN_POINT('',(2.280639284224,52.230512828699));
#878 = CARTESIAN_POINT('',(2.255699657333,51.747975479547));
#879 = CARTESIAN_POINT('',(2.230271867986,51.272895822833));
#880 = CARTESIAN_POINT('',(2.204319532224,50.80629136977));
#881 = CARTESIAN_POINT('',(2.177806679782,50.349429235533));
#882 = CARTESIAN_POINT('',(2.120120100517,49.401245987674));
#883 = CARTESIAN_POINT('',(2.088758032041,48.912565120665));
#884 = CARTESIAN_POINT('',(2.05655030082,48.439927514635));
#885 = CARTESIAN_POINT('',(2.023438478948,47.985978935123));
#886 = CARTESIAN_POINT('',(1.989365472788,47.553911244669));
#887 = CARTESIAN_POINT('',(1.95427432005,47.147492478107));
#888 = CARTESIAN_POINT('',(1.918106986878,46.771096917865));
#889 = CARTESIAN_POINT('',(1.8675306471,46.308280324813));
#890 = CARTESIAN_POINT('',(1.854117342848,46.191288823116));
#891 = CARTESIAN_POINT('',(1.840566431096,46.079036031784));
#892 = CARTESIAN_POINT('',(1.826880910908,45.9717917183));
#893 = CARTESIAN_POINT('',(1.813063601489,45.869820050014));
#894 = CARTESIAN_POINT('',(1.79911714218,45.773379594147));
#895 = CARTESIAN_POINT('',(1.785043992461,45.68272331779));
#896 = CARTESIAN_POINT('',(1.746890507997,45.455309015561));
#897 = CARTESIAN_POINT('',(1.722550900304,45.329515895099));
#898 = CARTESIAN_POINT('',(1.697892410943,45.222311517133));
#899 = CARTESIAN_POINT('',(1.672976165856,45.134991083156));
#900 = CARTESIAN_POINT('',(1.647860520866,45.068552023296));
#901 = CARTESIAN_POINT('',(1.622601967681,45.023693314075));
#902 = CARTESIAN_POINT('',(1.597256039906,45.000814796162));
#903 = CARTESIAN_POINT('',(1.551324318261,44.999369933006));
#904 = CARTESIAN_POINT('',(1.530779481333,45.013208300975));
#905 = CARTESIAN_POINT('',(1.510276755661,45.041510043983));
#906 = CARTESIAN_POINT('',(1.489848996285,45.084111410804));
#907 = CARTESIAN_POINT('',(1.469529313153,45.140706453361));
#908 = CARTESIAN_POINT('',(1.449351518375,45.210847029027));
#909 = CARTESIAN_POINT('',(1.429350573487,45.293942802942));
#910 = CARTESIAN_POINT('',(1.398868436812,45.440778155526));
#911 = CARTESIAN_POINT('',(1.388232959302,45.495880887523));
#912 = CARTESIAN_POINT('',(1.377658766765,45.554475107903));
#913 = CARTESIAN_POINT('',(1.367148093956,45.616461842637));
#914 = CARTESIAN_POINT('',(1.356703247792,45.681737482062));
#915 = CARTESIAN_POINT('',(1.346326607354,45.750193780888));
#916 = CARTESIAN_POINT('',(1.336020623883,45.821717858193));
#917 = CARTESIAN_POINT('',(1.304458427038,46.051427521554));
#918 = CARTESIAN_POINT('',(1.283456342376,46.219412092293));
#919 = CARTESIAN_POINT('',(1.262779003186,46.399246412627));
#920 = CARTESIAN_POINT('',(1.24242434746,46.590052073125));
#921 = CARTESIAN_POINT('',(1.222390814791,46.790971751935));
#922 = CARTESIAN_POINT('',(1.202677346372,47.001169214788));
#923 = CARTESIAN_POINT('',(1.183283385002,47.219829314998));
#924 = CARTESIAN_POINT('',(1.134109986573,47.803296482845));
#925 = CARTESIAN_POINT('',(1.104782297908,48.179813183998));
#926 = CARTESIAN_POINT('',(1.076184447751,48.573150301299));
#927 = CARTESIAN_POINT('',(1.048275381649,48.981103896893));
#928 = CARTESIAN_POINT('',(1.021013852039,49.401808002012));
#929 = CARTESIAN_POINT('',(0.99435791825,49.833718728317));
#930 = CARTESIAN_POINT('',(0.968264446513,50.275598379225));
#931 = CARTESIAN_POINT('',(0.877756504062,51.871250515736));
#932 = CARTESIAN_POINT('',(0.81589924646,53.078767162627));
#933 = CARTESIAN_POINT('',(0.756748244765,54.328813431605));
#934 = CARTESIAN_POINT('',(0.699956581167,55.607631886376));
#935 = CARTESIAN_POINT('',(0.645175232386,56.906790064933));
#936 = CARTESIAN_POINT('',(0.592039301471,58.222401577188));
#937 = CARTESIAN_POINT('',(0.540161109456,59.554484059049));
#938 = CARTESIAN_POINT('',(0.463069936626,61.596385007261));
#939 = CARTESIAN_POINT('',(0.437296391024,62.289995592917));
#940 = CARTESIAN_POINT('',(0.411782975667,62.986538848918));
#941 = CARTESIAN_POINT('',(0.386506626604,63.685609239841));
#942 = CARTESIAN_POINT('',(0.361444412117,64.386893700124));
#943 = CARTESIAN_POINT('',(0.336573419626,65.090161542164));
#944 = CARTESIAN_POINT('',(0.311870715663,65.795255257257));
#945 = CARTESIAN_POINT('',(0.275199886983,66.850741459325));
#946 = CARTESIAN_POINT('',(0.263122830892,67.199791672333));
#947 = CARTESIAN_POINT('',(0.251080050413,67.549204711665));
#948 = CARTESIAN_POINT('',(0.239069408584,67.898954775121));
#949 = CARTESIAN_POINT('',(0.227088795677,68.249018795052));
#950 = CARTESIAN_POINT('',(0.21513613314,68.599376838338));
#951 = CARTESIAN_POINT('',(0.203209377535,68.950012506377));
#952 = CARTESIAN_POINT('',(0.179043338192,69.662436930597));
#953 = CARTESIAN_POINT('',(0.16680603017,70.024226739352));
#954 = CARTESIAN_POINT('',(0.154592348573,70.386274314077));
#955 = CARTESIAN_POINT('',(0.142400152599,70.748565175669));
#956 = CARTESIAN_POINT('',(0.130227692609,71.111098911602));
#957 = CARTESIAN_POINT('',(0.11807334129,71.473877132587));
#958 = CARTESIAN_POINT('',(0.105936153467,71.836900503702));
#959 = CARTESIAN_POINT('',(8.798813801941E-02,72.375029811362));
#960 = CARTESIAN_POINT('',(8.217442908336E-02,72.549544108182));
#961 = CARTESIAN_POINT('',(7.636837528358E-02,72.724048655775));
#962 = CARTESIAN_POINT('',(7.05648008312E-02,72.898714476062));
#963 = CARTESIAN_POINT('',(6.475964979951E-02,73.073712622702));
#964 = CARTESIAN_POINT('',(5.895166180309E-02,73.249145453631));
#965 = CARTESIAN_POINT('',(5.315018832121E-02,73.424840028861));
#966 = CARTESIAN_POINT('',(4.447967316418E-02,73.688615120704));
#967 = CARTESIAN_POINT('',(4.166634095635E-02,73.774423350168));
#968 = CARTESIAN_POINT('',(3.887078379002E-02,73.859902814123));
#969 = CARTESIAN_POINT('',(3.604675548426E-02,73.946518039496));
#970 = CARTESIAN_POINT('',(3.318176343595E-02,74.03477314949));
#971 = CARTESIAN_POINT('',(3.029706861977E-02,74.124211863586));
#972 = CARTESIAN_POINT('',(2.74476855882E-02,74.213417497544));
#973 = CARTESIAN_POINT('',(2.193024529794E-02,74.388732055892));
#974 = CARTESIAN_POINT('',(1.92941411085E-02,74.475505311343));
#975 = CARTESIAN_POINT('',(1.667199613762E-02,74.561935621862));
#976 = CARTESIAN_POINT('',(1.405554963006E-02,74.648982390639));
#977 = CARTESIAN_POINT('',(1.157035384091E-02,74.736961531948));
#978 = CARTESIAN_POINT('',(9.47577403561E-03,74.825545471141));
#979 = CARTESIAN_POINT('',(8.164988489907E-03,74.913763144653));
#980 = CARTESIAN_POINT('',(8.164988489908E-03,75.));
#981 = ( GEOMETRIC_REPRESENTATION_CONTEXT(2) 
PARAMETRIC_REPRESENTATION_CONTEXT() REPRESENTATION_CONTEXT('2D SPACE',''
  ) );
#982 = ORIENTED_EDGE('',*,*,#983,.F.);
#983 = EDGE_CURVE('',#984,#77,#986,.T.);
#984 = VERTEX_POINT('',#985);
#985 = CARTESIAN_POINT('',(30.,-7.347880794884E-15,0.));
#986 = SEAM_CURVE('',#987,(#991,#997),.PCURVE_S1.);
#987 = LINE('',#988,#989);
#988 = CARTESIAN_POINT('',(30.,-7.347880794884E-15,0.));
#989 = VECTOR('',#990,1.);
#990 = DIRECTION('',(0.,0.,1.));
#991 = PCURVE('',#32,#992);
#992 = DEFINITIONAL_REPRESENTATION('',(#993),#996);
#993 = B_SPLINE_CURVE_WITH_KNOTS('',1,(#994,#995),.UNSPECIFIED.,.F.,.F.,
  (2,2),(0.,150.),.PIECEWISE_BEZIER_KNOTS.);
#994 = CARTESIAN_POINT('',(6.28318530718,0.));
#995 = CARTESIAN_POINT('',(6.28318530718,150.));
#996 = ( GEOMETRIC_REPRESENTATION_CONTEXT(2) 
PARAMETRIC_REPRESENTATION_CONTEXT() REPRESENTATION_CONTEXT('2D SPACE',''
  ) );
#997 = PCURVE('',#32,#998);
#998 = DEFINITIONAL_REPRESENTATION('',(#999),#1002);
#999 = B_SPLINE_CURVE_WITH_KNOTS('',1,(#1000,#1001),.UNSPECIFIED.,.F.,
  .F.,(2,2),(0.,150.),.PIECEWISE_BEZIER_KNOTS.);
#1000 = CARTESIAN_POINT('',(0.,0.));
#1001 = CARTESIAN_POINT('',(0.,150.));
#1002 = ( GEOMETRIC_REPRESENTATION_CONTEXT(2) 
PARAMETRIC_REPRESENTATION_CONTEXT() REPRESENTATION_CONTEXT('2D SPACE',''
  ) );
#1003 = ORIENTED_EDGE('',*,*,#1004,.T.);
#1004 = EDGE_CURVE('',#984,#984,#1005,.T.);
#1005 = SURFACE_CURVE('',#1006,(#1011,#1017),.PCURVE_S1.);
#1006 = CIRCLE('',#1007,30.);
#1007 = AXIS2_PLACEMENT_3D('',#1008,#1009,#1010);
#1008 = CARTESIAN_POINT('',(0.,0.,0.));
#1009 = DIRECTION('',(0.,0.,1.));
#1010 = DIRECTION('',(1.,0.,-0.));
#1011 = PCURVE('',#32,#1012);
#1012 = DEFINITIONAL_REPRESENTATION('',(#1013),#1016);
#1013 = B_SPLINE_CURVE_WITH_KNOTS('',1,(#1014,#1015),.UNSPECIFIED.,.F.,
  .F.,(2,2),(0.,6.28318530718),.PIECEWISE_BEZIER_KNOTS.);
#1014 = CARTESIAN_POINT('',(0.,0.));
#1015 = CARTESIAN_POINT('',(6.28318530718,0.));
#1016 = ( GEOMETRIC_REPRESENTATION_CONTEXT(2) 
PARAMETRIC_REPRESENTATION_CONTEXT() REPRESENTATION_CONTEXT('2D SPACE',''
  ) );
#1017 = PCURVE('',#1018,#1023);
#1018 = PLANE('',#1019);
#1019 = AXIS2_PLACEMENT_3D('',#1020,#1021,#1022);
#1020 = CARTESIAN_POINT('',(0.,0.,0.));
#1021 = DIRECTION('',(0.,0.,1.));
#1022 = DIRECTION('',(1.,0.,0.));
#1023 = DEFINITIONAL_REPRESENTATION('',(#1024),#1028);
#1024 = CIRCLE('',#1025,30.);
#1025 = AXIS2_PLACEMENT_2D('',#1026,#1027);
#1026 = CARTESIAN_POINT('',(0.,0.));
#1027 = DIRECTION('',(1.,0.));
#1028 = ( GEOMETRIC_REPRESENTATION_CONTEXT(2) 
PARAMETRIC_REPRESENTATION_CONTEXT() REPRESENTATION_CONTEXT('2D SPACE',''
  ) );
#1029 = ORIENTED_EDGE('',*,*,#983,.T.);
#1030 = ORIENTED_EDGE('',*,*,#1031,.F.);
#1031 = EDGE_CURVE('',#22,#77,#1032,.T.);
#1032 = SURFACE_CURVE('',#1033,(#1330,#1630),.PCURVE_S1.);
#1033 = B_SPLINE_CURVE_WITH_KNOTS('',8,(#1034,#1035,#1036,#1037,#1038,
    #1039,#1040,#1041,#1042,#1043,#1044,#1045,#1046,#1047,#1048,#1049,
    #1050,#1051,#1052,#1053,#1054,#1055,#1056,#1057,#1058,#1059,#1060,
    #1061,#1062,#1063,#1064,#1065,#1066,#1067,#1068,#1069,#1070,#1071,
    #1072,#1073,#1074,#1075,#1076,#1077,#1078,#1079,#1080,#1081,#1082,
    #1083,#1084,#1085,#1086,#1087,#1088,#1089,#1090,#1091,#1092,#1093,
    #1094,#1095,#1096,#1097,#1098,#1099,#1100,#1101,#1102,#1103,#1104,
    #1105,#1106,#1107,#1108,#1109,#1110,#1111,#1112,#1113,#1114,#1115,
    #1116,#1117,#1118,#1119,#1120,#1121,#1122,#1123,#1124,#1125,#1126,
    #1127,#1128,#1129,#1130,#1131,#1132,#1133,#1134,#1135,#1136,#1137,
    #1138,#1139,#1140,#1141,#1142,#1143,#1144,#1145,#1146,#1147,#1148,
    #1149,#1150,#1151,#1152,#1153,#1154,#1155,#1156,#1157,#1158,#1159,
    #1160,#1161,#1162,#1163,#1164,#1165,#1166,#1167,#1168,#1169,#1170,
    #1171,#1172,#1173,#1174,#1175,#1176,#1177,#1178,#1179,#1180,#1181,
    #1182,#1183,#1184,#1185,#1186,#1187,#1188,#1189,#1190,#1191,#1192,
    #1193,#1194,#1195,#1196,#1197,#1198,#1199,#1200,#1201,#1202,#1203,
    #1204,#1205,#1206,#1207,#1208,#1209,#1210,#1211,#1212,#1213,#1214,
    #1215,#1216,#1217,#1218,#1219,#1220,#1221,#1222,#1223,#1224,#1225,
    #1226,#1227,#1228,#1229,#1230,#1231,#1232,#1233,#1234,#1235,#1236,
    #1237,#1238,#1239,#1240,#1241,#1242,#1243,#1244,#1245,#1246,#1247,
    #1248,#1249,#1250,#1251,#1252,#1253,#1254,#1255,#1256,#1257,#1258,
    #1259,#1260,#1261,#1262,#1263,#1264,#1265,#1266,#1267,#1268,#1269,
    #1270,#1271,#1272,#1273,#1274,#1275,#1276,#1277,#1278,#1279,#1280,
    #1281,#1282,#1283,#1284,#1285,#1286,#1287,#1288,#1289,#1290,#1291,
    #1292,#1293,#1294,#1295,#1296,#1297,#1298,#1299,#1300,#1301,#1302,
    #1303,#1304,#1305,#1306,#1307,#1308,#1309,#1310,#1311,#1312,#1313,
    #1314,#1315,#1316,#1317,#1318,#1319,#1320,#1321,#1322,#1323,#1324,
    #1325,#1326,#1327,#1328,#1329),.UNSPECIFIED.,.F.,.F.,(9,7,7,7,7,7,7,
    7,7,7,7,7,7,7,7,7,7,7,7,7,7,7,7,7,7,7,7,7,7,7,7,7,7,7,7,7,7,7,7,7,7,
    7,9),(0.,4.826300446519E-03,1.178109423918E-02,1.926154026421E-02,
    3.493112139411E-02,9.014089748629E-02,0.148932270977,0.17990937157,
    0.214350484687,0.226661712509,0.247948578617,0.264749924492,
    0.273836871474,0.29220357973,0.322114426309,0.39827827231,
    0.43696411054,0.456047501248,0.475708033824,0.485165125214,
    0.489936099078,0.494433889468,0.496283838868,0.502898274528,
    0.514725773593,0.530712732926,0.587717637947,0.647594788005,
    0.679048959243,0.714260351291,0.726805935914,0.747973161683,
    0.765115192361,0.774379465914,0.793385171627,0.823842677568,
    0.900841346993,0.941119460455,0.960621427761,0.980706704271,
    0.990369018487,0.995256049091,1.),.UNSPECIFIED.);
#1034 = CARTESIAN_POINT('',(30.,-1.06581410364E-14,75.244946933028));
#1035 = CARTESIAN_POINT('',(30.,-8.000745224894E-02,75.244946933028));
#1036 = CARTESIAN_POINT('',(29.999784997188,-0.161500718111,
    75.278178664712));
#1037 = CARTESIAN_POINT('',(29.999282604397,-0.245795711774,
    75.33472536547));
#1038 = CARTESIAN_POINT('',(29.998451859288,-0.333236132988,
    75.406235059932));
#1039 = CARTESIAN_POINT('',(29.997283224339,-0.423193467062,
    75.485920559972));
#1040 = CARTESIAN_POINT('',(29.995798586857,-0.514066984866,
    75.568559464703));
#1041 = CARTESIAN_POINT('',(29.99405125897,-0.60328374283,75.65049416048
    ));
#1042 = CARTESIAN_POINT('',(29.989351609377,-0.808365618652,
    75.843670744823));
#1043 = CARTESIAN_POINT('',(29.98588302044,-0.935438989215,
    75.965960492101));
#1044 = CARTESIAN_POINT('',(29.981719306207,-1.063840386848,
    76.090889250721));
#1045 = CARTESIAN_POINT('',(29.976970000381,-1.190434723254,
    76.214816778026));
#1046 = CARTESIAN_POINT('',(29.971735640176,-1.314211197349,
    76.336462153678));
#1047 = CARTESIAN_POINT('',(29.966024920964,-1.436320557358,
    76.456812787913));
#1048 = CARTESIAN_POINT('',(29.959708440382,-1.55956855729,
    76.578554685073));
#1049 = CARTESIAN_POINT('',(29.94476548288,-1.824821723227,
    76.841051949901));
#1050 = CARTESIAN_POINT('',(29.936293306579,-1.962374266652,
    76.977436358532));
#1051 = CARTESIAN_POINT('',(29.927094826777,-2.099936152838,
    77.114010107335));
#1052 = CARTESIAN_POINT('',(29.91717239822,-2.237466268638,
    77.250686867543));
#1053 = CARTESIAN_POINT('',(29.906526439562,-2.37496142195,
    77.387435848503));
#1054 = CARTESIAN_POINT('',(29.895154718234,-2.512444693717,
    77.524259708208));
#1055 = CARTESIAN_POINT('',(29.883052887254,-2.649950192959,
    77.66117558845));
#1056 = CARTESIAN_POINT('',(29.843326920953,-3.075643972638,
    78.085228117481));
#1057 = CARTESIAN_POINT('',(29.813250769544,-3.363597274365,
    78.372330062694));
#1058 = CARTESIAN_POINT('',(29.779981150393,-3.651387381182,
    78.659426102128));
#1059 = CARTESIAN_POINT('',(29.743510183965,-3.939020638524,
    78.946475007079));
#1060 = CARTESIAN_POINT('',(29.703828058907,-4.226498694403,
    79.233454461427));
#1061 = CARTESIAN_POINT('',(29.660922798691,-4.513824115308,
    79.520348848961));
#1062 = CARTESIAN_POINT('',(29.61478051651,-4.800999399695,
    79.807143694884));
#1063 = CARTESIAN_POINT('',(29.391351420171,-6.099297815476,
    81.10391808328));
#1064 = CARTESIAN_POINT('',(29.17702856965,-7.108166884679,
    82.112131574718));
#1065 = CARTESIAN_POINT('',(28.921794700839,-8.114642528373,
    83.118073079688));
#1066 = CARTESIAN_POINT('',(28.624759416617,-9.118380891231,
    84.121441357614));
#1067 = CARTESIAN_POINT('',(28.284779654442,-10.11893456443,
    85.121667453793));
#1068 = CARTESIAN_POINT('',(27.900476250898,-11.11554893386,
    86.118024764826));
#1069 = CARTESIAN_POINT('',(27.470249642444,-12.10721941462,
    87.109472484578));
#1070 = CARTESIAN_POINT('',(26.483344854883,-14.1418698711,
    89.143727265539));
#1071 = CARTESIAN_POINT('',(25.92089009995,-15.18273566678,
    90.184423548075));
#1072 = CARTESIAN_POINT('',(25.302041039849,-16.21552767648,
    91.217069044911));
#1073 = CARTESIAN_POINT('',(24.623262899929,-17.2397654165,
    92.241177105383));
#1074 = CARTESIAN_POINT('',(23.880480669971,-18.25400891588,
    93.255304161822));
#1075 = CARTESIAN_POINT('',(23.069193582484,-19.25570640477,
    94.256895747099));
#1076 = CARTESIAN_POINT('',(22.184604368893,-20.24102153342,
    95.242113174866));
#1077 = CARTESIAN_POINT('',(20.714443544587,-21.71236954202,
    96.713322417208));
#1078 = CARTESIAN_POINT('',(20.185209683004,-22.21426521768,
    97.215172069211));
#1079 = CARTESIAN_POINT('',(19.632878741404,-22.70997291499,
    97.710835337174));
#1080 = CARTESIAN_POINT('',(19.056218789052,-23.19892406513,
    98.199743429409));
#1081 = CARTESIAN_POINT('',(18.4539676824,-23.68032077424,
    98.681098264483));
#1082 = CARTESIAN_POINT('',(17.82485181557,-24.15312083297,
    99.153857471851));
#1083 = CARTESIAN_POINT('',(17.167604870827,-24.61602272616,
    99.616719392477));
#1084 = CARTESIAN_POINT('',(15.717587214445,-25.56935945994,
    100.56997328089));
#1085 = CARTESIAN_POINT('',(14.917249137298,-26.05749919516,
    101.05807028348));
#1086 = CARTESIAN_POINT('',(14.077975274871,-26.52978762808,
    101.53031667595));
#1087 = CARTESIAN_POINT('',(13.197826258303,-26.98363064907,
    101.98411817896));
#1088 = CARTESIAN_POINT('',(12.274986009305,-27.4158925159,
    102.41633889313));
#1089 = CARTESIAN_POINT('',(11.307827336859,-27.82286611071,
    102.82327154706));
#1090 = CARTESIAN_POINT('',(10.294977533904,-28.20024319697,
    103.20060774534));
#1091 = CARTESIAN_POINT('',(8.856624505091,-28.6656358713,
    103.66594475266));
#1092 = CARTESIAN_POINT('',(8.471974500712,-28.78374761418,
    103.78404182465));
#1093 = CARTESIAN_POINT('',(8.081553131539,-28.89714490737,
    103.8974244331));
#1094 = CARTESIAN_POINT('',(7.685485404776,-29.00555790325,
    104.00582272803));
#1095 = CARTESIAN_POINT('',(7.283902164185,-29.10872190426,
    104.10897200891));
#1096 = CARTESIAN_POINT('',(6.876940090086,-29.20637736302,
    104.20661272465));
#1097 = CARTESIAN_POINT('',(6.464741699356,-29.29826988225,
    104.29849047364));
#1098 = CARTESIAN_POINT('',(5.325941709828,-29.5326425639,
    104.53282275859));
#1099 = CARTESIAN_POINT('',(4.588227866146,-29.66336419516,
    104.66351866437));
#1100 = CARTESIAN_POINT('',(3.836794442033,-29.77457211721,
    104.77470076688));
#1101 = CARTESIAN_POINT('',(3.074163045885,-29.8648523749,
    104.86495513581));
#1102 = CARTESIAN_POINT('',(2.30288822465,-29.93312082333,
    104.93319764195));
#1103 = CARTESIAN_POINT('',(1.525549421632,-29.97862390197,
    104.97867473424));
#1104 = CARTESIAN_POINT('',(0.744742934292,-30.00093940879,
    105.00096421695));
#1105 = CARTESIAN_POINT('',(-0.653883655097,-29.99921787868,
    104.99919606584));
#1106 = CARTESIAN_POINT('',(-1.270439976463,-29.98395829201,
    104.98391592543));
#1107 = CARTESIAN_POINT('',(-1.885213913985,-29.95423244507,
    104.95416954261));
#1108 = CARTESIAN_POINT('',(-2.496832019276,-29.91021548263,
    104.91013206839));
#1109 = CARTESIAN_POINT('',(-3.103928645624,-29.85222375988,
    104.85211986517));
#1110 = CARTESIAN_POINT('',(-3.705146019989,-29.7807148388,
    104.78059050426));
#1111 = CARTESIAN_POINT('',(-4.299134315008,-29.69628748456,
    104.69614276337));
#1112 = CARTESIAN_POINT('',(-5.201172601864,-29.54743275305,
    104.54725672713));
#1113 = CARTESIAN_POINT('',(-5.515384214147,-29.49160536615,
    104.49141836921));
#1114 = CARTESIAN_POINT('',(-5.827080973172,-29.43229474724,
    104.43209679526));
#1115 = CARTESIAN_POINT('',(-6.136158893259,-29.36960065483,
    104.36939176292));
#1116 = CARTESIAN_POINT('',(-6.442515587723,-29.30362735998,
    104.3034075426));
#1117 = CARTESIAN_POINT('',(-6.746050268869,-29.2344836462,
    104.2342529174));
#1118 = CARTESIAN_POINT('',(-7.046663747996,-29.16228280952,
    104.1620411832));
#1119 = CARTESIAN_POINT('',(-7.945762418252,-28.93526797102,
    103.93499346314));
#1120 = CARTESIAN_POINT('',(-8.534700169213,-28.7714443626,
    103.77114792224));
#1121 = CARTESIAN_POINT('',(-9.110940609412,-28.59649423132,
    103.5961759013));
#1122 = CARTESIAN_POINT('',(-9.674379517329,-28.4112212147,
    103.41088101712));
#1123 = CARTESIAN_POINT('',(-10.22493952879,-28.21641018973,
    103.21604812783));
#1124 = CARTESIAN_POINT('',(-10.76257013698,-28.01282727284,
    103.01244333299));
#1125 = CARTESIAN_POINT('',(-11.28724769242,-27.80121981991,
    102.8008139735));
#1126 = CARTESIAN_POINT('',(-12.63234242924,-27.2258243575,
    102.2253608194));
#1127 = CARTESIAN_POINT('',(-13.43197165244,-26.84972255193,
    101.84922313354));
#1128 = CARTESIAN_POINT('',(-14.19896570866,-26.45660235163,
    101.4560668072));
#1129 = CARTESIAN_POINT('',(-14.93454678187,-26.04869756023,
    101.0481255372));
#1130 = CARTESIAN_POINT('',(-15.64002732964,-25.62790047006,
    100.62729150596));
#1131 = CARTESIAN_POINT('',(-16.31678080873,-25.19577788938,
    100.19513140335));
#1132 = CARTESIAN_POINT('',(-16.96621240082,-24.75358716955,
    99.752902448559));
#1133 = CARTESIAN_POINT('',(-19.17743065213,-23.15313190957,
    98.152308528391));
#1134 = CARTESIAN_POINT('',(-20.60366179885,-21.94019498028,
    96.939266050519));
#1135 = CARTESIAN_POINT('',(-21.88151348116,-20.68413900346,
    95.683096256938));
#1136 = CARTESIAN_POINT('',(-23.02471919288,-19.3989945853,
    94.397827588605));
#1137 = CARTESIAN_POINT('',(-24.04653277972,-18.09335280156,
    93.092047033025));
#1138 = CARTESIAN_POINT('',(-24.9589779893,-16.77116176022,
    91.76969767104));
#1139 = CARTESIAN_POINT('',(-25.77223648565,-15.43238497976,
    90.43073536825));
#1140 = CARTESIAN_POINT('',(-26.86051486758,-13.38369625823,
    88.381695217457));
#1141 = CARTESIAN_POINT('',(-27.202567258,-12.69019888185,
    87.688067407731));
#1142 = CARTESIAN_POINT('',(-27.52082764251,-11.99379168031,
    86.991515583151));
#1143 = CARTESIAN_POINT('',(-27.81597119708,-11.29488268056,
    86.292444070013));
#1144 = CARTESIAN_POINT('',(-28.08861385947,-10.59378841265,
    85.591165067085));
#1145 = CARTESIAN_POINT('',(-28.33930798756,-9.890744835208,
    84.887908705878));
#1146 = CARTESIAN_POINT('',(-28.56853802262,-9.185919159849,
    84.182832205789));
#1147 = CARTESIAN_POINT('',(-28.87940863784,-8.130913895313,
    83.127367759978));
#1148 = CARTESIAN_POINT('',(-28.97696942209,-7.782029171001,
    82.778317673524));
#1149 = CARTESIAN_POINT('',(-29.06944451754,-7.432799128243,
    82.428905919843));
#1150 = CARTESIAN_POINT('',(-29.15687674811,-7.083252174313,
    82.079158232964));
#1151 = CARTESIAN_POINT('',(-29.23930575849,-6.73341480586,
    81.729097618272));
#1152 = CARTESIAN_POINT('',(-29.31676801822,-6.383312017913,
    81.378743944908));
#1153 = CARTESIAN_POINT('',(-29.38929682589,-6.032967712882,
    81.028113538177));
#1154 = CARTESIAN_POINT('',(-29.5265930085,-5.321240388472,
    80.315711842295));
#1155 = CARTESIAN_POINT('',(-29.59105626467,-4.959859558003,
    79.953940264223));
#1156 = CARTESIAN_POINT('',(-29.65034656488,-4.598285888721,
    79.591911718218));
#1157 = CARTESIAN_POINT('',(-29.70449318164,-4.236543819347,
    79.229640466921));
#1158 = CARTESIAN_POINT('',(-29.75352208018,-3.874668072037,
    78.867126183757));
#1159 = CARTESIAN_POINT('',(-29.79745499442,-3.512695421366,
    78.504366618399));
#1160 = CARTESIAN_POINT('',(-29.83630850843,-3.150682496431,
    78.141361040952));
#1161 = CARTESIAN_POINT('',(-29.88634839304,-2.614717238936,
    77.603307349203));
#1162 = CARTESIAN_POINT('',(-29.90139111287,-2.441071759422,
    77.428888900964));
#1163 = CARTESIAN_POINT('',(-29.91526395354,-2.267567164613,
    77.254488629524));
#1164 = CARTESIAN_POINT('',(-29.92798302053,-2.094042148686,
    77.079919154742));
#1165 = CARTESIAN_POINT('',(-29.93955864047,-1.920370540559,
    76.904993419586));
#1166 = CARTESIAN_POINT('',(-29.94998647556,-1.746517479779,
    76.729600517671));
#1167 = CARTESIAN_POINT('',(-29.95924061349,-1.572797513639,
    76.55393426552));
#1168 = CARTESIAN_POINT('',(-29.97136198038,-1.31340885843,
    76.29047980564));
#1169 = CARTESIAN_POINT('',(-29.9750232894,-1.229528859272,
    76.205068435193));
#1170 = CARTESIAN_POINT('',(-29.97837475382,-1.146198779976,
    76.120009339377));
#1171 = CARTESIAN_POINT('',(-29.9814742131,-1.0619461767,76.033745425047
    ));
#1172 = CARTESIAN_POINT('',(-29.98434394688,-0.976374793429,
    75.945740762563));
#1173 = CARTESIAN_POINT('',(-29.98697067493,-0.890164561964,
    75.856480585799));
#1174 = CARTESIAN_POINT('',(-29.98930555715,-0.805071601929,
    75.767471292133));
#1175 = CARTESIAN_POINT('',(-29.99311067957,-0.647431067277,
    75.599947126241));
#1176 = CARTESIAN_POINT('',(-29.99448359405,-0.587556804837,
    75.53373851705));
#1177 = CARTESIAN_POINT('',(-29.99559178541,-0.52935638716,
    75.469679435149));
#1178 = CARTESIAN_POINT('',(-29.99656519956,-0.465179903517,
    75.399502363948));
#1179 = CARTESIAN_POINT('',(-29.99745488001,-0.394676578732,
    75.319607449998));
#1180 = CARTESIAN_POINT('',(-29.99823296783,-0.32479477319,
    75.231062502995));
#1181 = CARTESIAN_POINT('',(-29.9987927017,-0.26978198283,75.13960299578
    ));
#1182 = CARTESIAN_POINT('',(-29.99901246418,-0.243535799997,
    75.021094666916));
#1183 = CARTESIAN_POINT('',(-29.99903347342,-0.241164042831,
    74.987495563122));
#1184 = CARTESIAN_POINT('',(-29.9990076818,-0.244395209987,
    74.954082586699));
#1185 = CARTESIAN_POINT('',(-29.99893522117,-0.253007988865,
    74.920591883946));
#1186 = CARTESIAN_POINT('',(-29.998820119,-0.266234111926,
    74.887247913715));
#1187 = CARTESIAN_POINT('',(-29.99867029842,-0.282758356694,
    74.854763447411));
#1188 = CARTESIAN_POINT('',(-29.99849757815,-0.300718545752,
    74.824339568989));
#1189 = CARTESIAN_POINT('',(-29.9976744259,-0.378442032397,
    74.702294009162));
#1190 = CARTESIAN_POINT('',(-29.99664090969,-0.466661777055,
    74.595089659516));
#1191 = CARTESIAN_POINT('',(-29.99497993275,-0.570147596086,
    74.480606401916));
#1192 = CARTESIAN_POINT('',(-29.99274240672,-0.678714092353,
    74.364732700391));
#1193 = CARTESIAN_POINT('',(-29.99009678956,-0.785557226278,
    74.252349628707));
#1194 = CARTESIAN_POINT('',(-29.98715852915,-0.888603885901,
    74.14498879198));
#1195 = CARTESIAN_POINT('',(-29.98381950684,-0.991861456937,
    74.038490248276));
#1196 = CARTESIAN_POINT('',(-29.97199216916,-1.312234634341,
    73.709964894849));
#1197 = CARTESIAN_POINT('',(-29.9625360447,-1.524727974126,
    73.494366210807));
#1198 = CARTESIAN_POINT('',(-29.9512848097,-1.736898735054,
    73.279882528724));
#1199 = CARTESIAN_POINT('',(-29.93839887947,-1.947741239565,
    73.067318033721));
#1200 = CARTESIAN_POINT('',(-29.92389717838,-2.157416517081,
    72.856243427185));
#1201 = CARTESIAN_POINT('',(-29.90777979133,-2.366549788891,
    72.645971795392));
#1202 = CARTESIAN_POINT('',(-29.88991133306,-2.576555438966,
    72.435003151469));
#1203 = CARTESIAN_POINT('',(-29.84331201262,-3.075669635058,
    71.933944114422));
#1204 = CARTESIAN_POINT('',(-29.81334458711,-3.362623380436,
    71.646135212654));
#1205 = CARTESIAN_POINT('',(-29.78018735309,-3.649568919382,
    71.358490216023));
#1206 = CARTESIAN_POINT('',(-29.74383247504,-3.936469496515,
    71.071003841739));
#1207 = CARTESIAN_POINT('',(-29.70426992538,-4.223302453913,
    70.783671388133));
#1208 = CARTESIAN_POINT('',(-29.66148782227,-4.510049424305,
    70.496489678902));
#1209 = CARTESIAN_POINT('',(-29.61547276782,-4.796697145769,
    70.20946083871));
#1210 = CARTESIAN_POINT('',(-29.39054922247,-6.104946077427,
    68.899668064189));
#1211 = CARTESIAN_POINT('',(-29.17367695094,-7.124729836052,
    67.879225757786));
#1212 = CARTESIAN_POINT('',(-28.91495005044,-8.142182429364,
    66.861234407705));
#1213 = CARTESIAN_POINT('',(-28.61344521582,-9.156998531059,
    65.846048349033));
#1214 = CARTESIAN_POINT('',(-28.26797393956,-10.16858912451,
    64.834128552004));
#1215 = CARTESIAN_POINT('',(-27.87710017171,-11.1762000925,
    63.826260497864));
#1216 = CARTESIAN_POINT('',(-27.43915710644,-12.17874507137,
    62.823492534786));
#1217 = CARTESIAN_POINT('',(-26.44084825168,-14.22103036637,
    60.780814253795));
#1218 = CARTESIAN_POINT('',(-25.87604099879,-15.25884099253,
    59.742836046866));
#1219 = CARTESIAN_POINT('',(-25.25493875377,-16.28856137755,
    58.712970626268));
#1220 = CARTESIAN_POINT('',(-24.57399584876,-17.30970098214,
    57.691702517888));
#1221 = CARTESIAN_POINT('',(-23.82912927675,-18.32080930879,
    56.680478694988));
#1222 = CARTESIAN_POINT('',(-23.01583353237,-19.31932237268,
    55.681860499265));
#1223 = CARTESIAN_POINT('',(-22.12931029017,-20.30138985015,
    54.69969596933));
#1224 = CARTESIAN_POINT('',(-20.65784604423,-21.76613614189,
    53.234811883744));
#1225 = CARTESIAN_POINT('',(-20.12931207729,-22.26477442125,
    52.736127970089));
#1226 = CARTESIAN_POINT('',(-19.57783989516,-22.7572403884,
    52.243617929594));
#1227 = CARTESIAN_POINT('',(-19.00221083921,-23.24296528729,
    51.757850300713));
#1228 = CARTESIAN_POINT('',(-18.40117710768,-23.72115425637,
    51.279619761623));
#1229 = CARTESIAN_POINT('',(-17.77348014699,-24.1907716246,
    50.809961825469));
#1230 = CARTESIAN_POINT('',(-17.11786904309,-24.65052620753,
    50.350167535609));
#1231 = CARTESIAN_POINT('',(-15.66657494293,-25.60074035084,
    49.399870778402));
#1232 = CARTESIAN_POINT('',(-14.86285634491,-26.08873830245,
    48.911830067347));
#1233 = CARTESIAN_POINT('',(-14.01996928803,-26.56072696377,
    48.439799331766));
#1234 = CARTESIAN_POINT('',(-13.13598030993,-27.01406943364,
    47.986415303617));
#1235 = CARTESIAN_POINT('',(-12.20908264138,-27.4455855092,
    47.554858028674));
#1236 = CARTESIAN_POINT('',(-11.23766253106,-27.85152179106,
    47.148880752466));
#1237 = CARTESIAN_POINT('',(-10.22036557037,-28.22752178839,
    46.772839806207));
#1238 = CARTESIAN_POINT('',(-8.77699473206,-28.69011850403,
    46.310187376987));
#1239 = CARTESIAN_POINT('',(-8.391960088718,-28.80717907114,
    46.19311216118));
#1240 = CARTESIAN_POINT('',(-8.001183099161,-28.91950242372,
    46.080774145397));
#1241 = CARTESIAN_POINT('',(-7.604793631479,-29.02681881485,
    45.973443074339));
#1242 = CARTESIAN_POINT('',(-7.202927410818,-29.12886405229,
    45.871383137332));
#1243 = CARTESIAN_POINT('',(-6.795726019383,-29.22537949856,
    45.774852968323));
#1244 = CARTESIAN_POINT('',(-6.383336896435,-29.31611207085,
    45.684105645883));
#1245 = CARTESIAN_POINT('',(-5.261625817009,-29.54372587214,
    45.456452120869));
#1246 = CARTESIAN_POINT('',(-4.542138109532,-29.66964692786,
    45.330506001339));
#1247 = CARTESIAN_POINT('',(-3.80974947277,-29.776984304,45.223143472566
    ));
#1248 = CARTESIAN_POINT('',(-3.066795658672,-29.8644417784,
    45.135660779524));
#1249 = CARTESIAN_POINT('',(-2.315641863042,-29.9310206929,
    45.069056594984));
#1250 = CARTESIAN_POINT('',(-1.558675674357,-29.97602063517,
    45.024031340281));
#1251 = CARTESIAN_POINT('',(-0.798300022573,-29.99904012063,
    45.00098650609));
#1252 = CARTESIAN_POINT('',(0.579663632137,-30.00073621733,
    44.999244477169));
#1253 = CARTESIAN_POINT('',(1.196008645501,-29.98701145534,
    45.012948696064));
#1254 = CARTESIAN_POINT('',(1.810719709017,-29.95882356346,
    45.041116061467));
#1255 = CARTESIAN_POINT('',(2.4224150848,-29.91633539266,45.083583728867
    ));
#1256 = CARTESIAN_POINT('',(3.029720570987,-29.85985206755,
    45.140046581076));
#1257 = CARTESIAN_POINT('',(3.631269572521,-29.78982098408,
    45.210057231632));
#1258 = CARTESIAN_POINT('',(4.225703171929,-29.7068318072,
    45.293026028211));
#1259 = CARTESIAN_POINT('',(5.128351399907,-29.56015809946,
    45.439668448436));
#1260 = CARTESIAN_POINT('',(5.442654949739,-29.50511331513,
    45.494702273025));
#1261 = CARTESIAN_POINT('',(5.754473244166,-29.44657638923,
    45.553228255145));
#1262 = CARTESIAN_POINT('',(6.063700270674,-29.38464623768,
    45.615147478013));
#1263 = CARTESIAN_POINT('',(6.370231609659,-29.31942641881,
    45.680356382725));
#1264 = CARTESIAN_POINT('',(6.673964434432,-29.25102513326,
    45.748746768257));
#1265 = CARTESIAN_POINT('',(6.974797511215,-29.17955522408,
    45.820205791465));
#1266 = CARTESIAN_POINT('',(7.88363856975,-28.95245900809,
    46.047268832063));
#1267 = CARTESIAN_POINT('',(8.481766961488,-28.78742750003,
    46.212278105353));
#1268 = CARTESIAN_POINT('',(9.066872074639,-28.61089729308,
    46.388786122686));
#1269 = CARTESIAN_POINT('',(9.638838046355,-28.42370696983,46.5759542799
    ));
#1270 = CARTESIAN_POINT('',(10.197577450653,-28.22667605483,
    46.772963032941));
#1271 = CARTESIAN_POINT('',(10.743031298417,-28.02060501456,
    46.979011897857));
#1272 = CARTESIAN_POINT('',(11.2751690374,-27.8062752575,47.193319450804
    ));
#1273 = CARTESIAN_POINT('',(12.625420370287,-27.22896270414,
    47.77057410743));
#1274 = CARTESIAN_POINT('',(13.423281801241,-26.85395350994,
    48.145547515568));
#1275 = CARTESIAN_POINT('',(14.18866639223,-26.46199450094,
    48.537470494887));
#1276 = CARTESIAN_POINT('',(14.922786335429,-26.05530456183,
    48.944124054716));
#1277 = CARTESIAN_POINT('',(15.626943477714,-25.63576436227,
    49.363627416376));
#1278 = CARTESIAN_POINT('',(16.302500330353,-25.20493220643,
    49.794422158271));
#1279 = CARTESIAN_POINT('',(16.950851078685,-24.76405988279,
    50.23525636099));
#1280 = CARTESIAN_POINT('',(19.14722034596,-23.17660051167,
    51.822578216038));
#1281 = CARTESIAN_POINT('',(20.562386337638,-21.97652291858,
    53.022551424813));
#1282 = CARTESIAN_POINT('',(21.831701005314,-20.73398680125,
    54.264975118525));
#1283 = CARTESIAN_POINT('',(22.968596476748,-19.46267461031,
    55.536164716455));
#1284 = CARTESIAN_POINT('',(23.986042680524,-18.1709786946,
    56.827723966205));
#1285 = CARTESIAN_POINT('',(24.89582126338,-16.86277216646,
    58.135774926086));
#1286 = CARTESIAN_POINT('',(25.707933617268,-15.53804499175,
    59.460320267406));
#1287 = CARTESIAN_POINT('',(26.807591067886,-13.4903770623,
    61.507642151293));
#1288 = CARTESIAN_POINT('',(27.159657883472,-12.78348712229,
    62.21440103407));
#1289 = CARTESIAN_POINT('',(27.486902690048,-12.07351652858,
    62.924226201574));
#1290 = CARTESIAN_POINT('',(27.790049173329,-11.36090039909,
    63.636678707487));
#1291 = CARTESIAN_POINT('',(28.06975691894,-10.64597297177,
    64.351419858529));
#1292 = CARTESIAN_POINT('',(28.326616555318,-9.928978797178,
    65.068199111685));
#1293 = CARTESIAN_POINT('',(28.561144902154,-9.210082951421,
    65.786840999123));
#1294 = CARTESIAN_POINT('',(28.876734428701,-8.140428470354,
    66.856031523824));
#1295 = CARTESIAN_POINT('',(28.974546719989,-7.791085532499,
    67.20520946968));
#1296 = CARTESIAN_POINT('',(29.067263213005,-7.441379632267,
    67.554734080985));
#1297 = CARTESIAN_POINT('',(29.154926926894,-7.091336610573,
    67.904576853288));
#1298 = CARTESIAN_POINT('',(29.237577689259,-6.740979567506,
    68.254711208559));
#1299 = CARTESIAN_POINT('',(29.315252140263,-6.390328457222,
    68.605112088696));
#1300 = CARTESIAN_POINT('',(29.387983736724,-6.039399682842,
    68.955755549015));
#1301 = CARTESIAN_POINT('',(29.52565026122,-5.326507391013,
    69.667975557385));
#1302 = CARTESIAN_POINT('',(29.590283922239,-4.964543412893,
    70.029550122907));
#1303 = CARTESIAN_POINT('',(29.649738282486,-4.602321814566,
    70.391318531584));
#1304 = CARTESIAN_POINT('',(29.704042711326,-4.239857012913,
    70.753256172552));
#1305 = CARTESIAN_POINT('',(29.753223264244,-3.877149012242,
    71.115328330215));
#1306 = CARTESIAN_POINT('',(29.797301775965,-3.514195829867,
    71.477498248251));
#1307 = CARTESIAN_POINT('',(29.836294958258,-3.150996772253,
    71.839709603549));
#1308 = CARTESIAN_POINT('',(29.886534615921,-2.612640836528,
    72.375989922784));
#1309 = CARTESIAN_POINT('',(29.901642944187,-2.438098383602,
    72.549764299872));
#1310 = CARTESIAN_POINT('',(29.915579805562,-2.263570672878,
    72.723402368178));
#1311 = CARTESIAN_POINT('',(29.928360827891,-2.088876932175,
    72.897059073668));
#1312 = CARTESIAN_POINT('',(29.939996049365,-1.913836523493,
    73.070855084494));
#1313 = CARTESIAN_POINT('',(29.950481354743,-1.738341967331,
    73.244822938959));
#1314 = CARTESIAN_POINT('',(29.959791762896,-1.562578654664,
    73.418658396143));
#1315 = CARTESIAN_POINT('',(29.97200749556,-1.298706781602,
    73.678506688458));
#1316 = CARTESIAN_POINT('',(29.975706170122,-1.212964688193,
    73.762730433809));
#1317 = CARTESIAN_POINT('',(29.979093120228,-1.127569279782,
    73.846411731354));
#1318 = CARTESIAN_POINT('',(29.982225795844,-1.040984320816,
    73.931003686888));
#1319 = CARTESIAN_POINT('',(29.985126310501,-0.952681413303,
    74.016897348328));
#1320 = CARTESIAN_POINT('',(29.987781441306,-0.863139996809,
    74.103421705715));
#1321 = CARTESIAN_POINT('',(29.990142628933,-0.77384734846,
    74.18884369121));
#1322 = CARTESIAN_POINT('',(29.99405125897,-0.60328374283,74.34950583952
    ));
#1323 = CARTESIAN_POINT('',(29.995798586857,-0.514066984866,
    74.431440535298));
#1324 = CARTESIAN_POINT('',(29.997283224339,-0.423193467062,
    74.514079440028));
#1325 = CARTESIAN_POINT('',(29.998451859288,-0.333236132988,
    74.593764940068));
#1326 = CARTESIAN_POINT('',(29.999282604397,-0.245795711774,
    74.66527463453));
#1327 = CARTESIAN_POINT('',(29.999784997188,-0.161500718111,
    74.721821335288));
#1328 = CARTESIAN_POINT('',(30.,-8.000745224896E-02,74.755053066972));
#1329 = CARTESIAN_POINT('',(30.,-1.06581410364E-14,74.755053066972));
#1330 = PCURVE('',#32,#1331);
#1331 = DEFINITIONAL_REPRESENTATION('',(#1332),#1629);
#1332 = B_SPLINE_CURVE_WITH_KNOTS('',8,(#1333,#1334,#1335,#1336,#1337,
    #1338,#1339,#1340,#1341,#1342,#1343,#1344,#1345,#1346,#1347,#1348,
    #1349,#1350,#1351,#1352,#1353,#1354,#1355,#1356,#1357,#1358,#1359,
    #1360,#1361,#1362,#1363,#1364,#1365,#1366,#1367,#1368,#1369,#1370,
    #1371,#1372,#1373,#1374,#1375,#1376,#1377,#1378,#1379,#1380,#1381,
    #1382,#1383,#1384,#1385,#1386,#1387,#1388,#1389,#1390,#1391,#1392,
    #1393,#1394,#1395,#1396,#1397,#1398,#1399,#1400,#1401,#1402,#1403,
    #1404,#1405,#1406,#1407,#1408,#1409,#1410,#1411,#1412,#1413,#1414,
    #1415,#1416,#1417,#1418,#1419,#1420,#1421,#1422,#1423,#1424,#1425,
    #1426,#1427,#1428,#1429,#1430,#1431,#1432,#1433,#1434,#1435,#1436,
    #1437,#1438,#1439,#1440,#1441,#1442,#1443,#1444,#1445,#1446,#1447,
    #1448,#1449,#1450,#1451,#1452,#1453,#1454,#1455,#1456,#1457,#1458,
    #1459,#1460,#1461,#1462,#1463,#1464,#1465,#1466,#1467,#1468,#1469,
    #1470,#1471,#1472,#1473,#1474,#1475,#1476,#1477,#1478,#1479,#1480,
    #1481,#1482,#1483,#1484,#1485,#1486,#1487,#1488,#1489,#1490,#1491,
    #1492,#1493,#1494,#1495,#1496,#1497,#1498,#1499,#1500,#1501,#1502,
    #1503,#1504,#1505,#1506,#1507,#1508,#1509,#1510,#1511,#1512,#1513,
    #1514,#1515,#1516,#1517,#1518,#1519,#1520,#1521,#1522,#1523,#1524,
    #1525,#1526,#1527,#1528,#1529,#1530,#1531,#1532,#1533,#1534,#1535,
    #1536,#1537,#1538,#1539,#1540,#1541,#1542,#1543,#1544,#1545,#1546,
    #1547,#1548,#1549,#1550,#1551,#1552,#1553,#1554,#1555,#1556,#1557,
    #1558,#1559,#1560,#1561,#1562,#1563,#1564,#1565,#1566,#1567,#1568,
    #1569,#1570,#1571,#1572,#1573,#1574,#1575,#1576,#1577,#1578,#1579,
    #1580,#1581,#1582,#1583,#1584,#1585,#1586,#1587,#1588,#1589,#1590,
    #1591,#1592,#1593,#1594,#1595,#1596,#1597,#1598,#1599,#1600,#1601,
    #1602,#1603,#1604,#1605,#1606,#1607,#1608,#1609,#1610,#1611,#1612,
    #1613,#1614,#1615,#1616,#1617,#1618,#1619,#1620,#1621,#1622,#1623,
    #1624,#1625,#1626,#1627,#1628),.UNSPECIFIED.,.F.,.F.,(9,7,7,7,7,7,7,
    7,7,7,7,7,7,7,7,7,7,7,7,7,7,7,7,7,7,7,7,7,7,7,7,7,7,7,7,7,7,7,7,7,7,
    7,9),(0.,4.826300446519E-03,1.178109423918E-02,1.926154026421E-02,
    3.493112139411E-02,9.014089748629E-02,0.148932270977,0.17990937157,
    0.214350484687,0.226661712509,0.247948578617,0.264749924492,
    0.273836871474,0.29220357973,0.322114426309,0.39827827231,
    0.43696411054,0.456047501248,0.475708033824,0.485165125214,
    0.489936099078,0.494433889468,0.496283838868,0.502898274528,
    0.514725773593,0.530712732926,0.587717637947,0.647594788005,
    0.679048959243,0.714260351291,0.726805935914,0.747973161683,
    0.765115192361,0.774379465914,0.793385171627,0.823842677568,
    0.900841346993,0.941119460455,0.960621427761,0.980706704271,
    0.990369018487,0.995256049091,1.),.UNSPECIFIED.);
#1333 = CARTESIAN_POINT('',(6.28318530718,75.244946933028));
#1334 = CARTESIAN_POINT('',(6.280518392105,75.244946933028));
#1335 = CARTESIAN_POINT('',(6.277801965405,75.278178664712));
#1336 = CARTESIAN_POINT('',(6.274992109626,75.33472536547));
#1337 = CARTESIAN_POINT('',(6.272077322547,75.406235059932));
#1338 = CARTESIAN_POINT('',(6.269078517175,75.485920559972));
#1339 = CARTESIAN_POINT('',(6.266049021748,75.568559464703));
#1340 = CARTESIAN_POINT('',(6.263074579734,75.65049416048));
#1341 = CARTESIAN_POINT('',(6.256236722492,75.843670744823));
#1342 = CARTESIAN_POINT('',(6.251999407761,75.965960492101));
#1343 = CARTESIAN_POINT('',(6.247717201967,76.090889250721));
#1344 = CARTESIAN_POINT('',(6.243494527019,76.214816778026));
#1345 = CARTESIAN_POINT('',(6.23936504464,76.336462153678));
#1346 = CARTESIAN_POINT('',(6.235290349977,76.456812787913));
#1347 = CARTESIAN_POINT('',(6.23117674456,76.578554685073));
#1348 = CARTESIAN_POINT('',(6.222320953359,76.841051949901));
#1349 = CARTESIAN_POINT('',(6.217727242912,76.977436358532));
#1350 = CARTESIAN_POINT('',(6.21313171233,77.114010107335));
#1351 = CARTESIAN_POINT('',(6.208535586246,77.250686867543));
#1352 = CARTESIAN_POINT('',(6.203938823616,77.387435848503));
#1353 = CARTESIAN_POINT('',(6.199340503792,77.524259708208));
#1354 = CARTESIAN_POINT('',(6.194739333949,77.66117558845));
#1355 = CARTESIAN_POINT('',(6.180487887767,78.085228117481));
#1356 = CARTESIAN_POINT('',(6.170837815757,78.372330062694));
#1357 = CARTESIAN_POINT('',(6.161181901421,78.659426102128));
#1358 = CARTESIAN_POINT('',(6.15151853725,78.946475007079));
#1359 = CARTESIAN_POINT('',(6.141846256163,79.233454461427));
#1360 = CARTESIAN_POINT('',(6.132163540155,79.520348848962));
#1361 = CARTESIAN_POINT('',(6.122468850061,79.807143694884));
#1362 = CARTESIAN_POINT('',(6.078556066077,81.10391808328));
#1363 = CARTESIAN_POINT('',(6.044202640746,82.112131574718));
#1364 = CARTESIAN_POINT('',(6.009635578556,83.11807307969));
#1365 = CARTESIAN_POINT('',(5.974797917676,84.12144135761));
#1366 = CARTESIAN_POINT('',(5.939630277192,85.121667453796));
#1367 = CARTESIAN_POINT('',(5.90407566655,86.118024764825));
#1368 = CARTESIAN_POINT('',(5.868075393049,87.109472484578));
#1369 = CARTESIAN_POINT('',(5.792696472183,89.143727265539));
#1370 = CARTESIAN_POINT('',(5.75329716078,90.184423548075));
#1371 = CARTESIAN_POINT('',(5.713230222082,91.217069044911));
#1372 = CARTESIAN_POINT('',(5.672358690616,92.241177105383));
#1373 = CARTESIAN_POINT('',(5.630549711954,93.255304161822));
#1374 = CARTESIAN_POINT('',(5.587672897915,94.256895747099));
#1375 = CARTESIAN_POINT('',(5.54359783425,95.242113174866));
#1376 = CARTESIAN_POINT('',(5.474265800514,96.713322417208));
#1377 = CARTESIAN_POINT('',(5.449962143554,97.215172069211));
#1378 = CARTESIAN_POINT('',(5.425239270888,97.710835337174));
#1379 = CARTESIAN_POINT('',(5.400057995129,98.199743429409));
#1380 = CARTESIAN_POINT('',(5.374380146204,98.681098264483));
#1381 = CARTESIAN_POINT('',(5.348168277007,99.153857471851));
#1382 = CARTESIAN_POINT('',(5.321385369059,99.616719392477));
#1383 = CARTESIAN_POINT('',(5.263540729128,100.56997328089));
#1384 = CARTESIAN_POINT('',(5.23231036715,101.05807028348));
#1385 = CARTESIAN_POINT('',(5.200242452133,101.53031667595));
#1386 = CARTESIAN_POINT('',(5.167278546001,101.98411817896));
#1387 = CARTESIAN_POINT('',(5.133361584392,102.41633889313));
#1388 = CARTESIAN_POINT('',(5.098434688358,102.82327154706));
#1389 = CARTESIAN_POINT('',(5.062439976066,103.20060774534));
#1390 = CARTESIAN_POINT('',(5.012047629019,103.66594475266));
#1391 = CARTESIAN_POINT('',(4.99863662798,103.78404182465));
#1392 = CARTESIAN_POINT('',(4.985087403272,103.8974244331));
#1393 = CARTESIAN_POINT('',(4.971402809511,104.00582272803));
#1394 = CARTESIAN_POINT('',(4.957585524037,104.10897200891));
#1395 = CARTESIAN_POINT('',(4.943638046916,104.20661272465));
#1396 = CARTESIAN_POINT('',(4.92956270094,104.29849047364));
#1397 = CARTESIAN_POINT('',(4.890807113958,104.53282275859));
#1398 = CARTESIAN_POINT('',(4.865843068284,104.66351866437));
#1399 = CARTESIAN_POINT('',(4.840539687311,104.77470076688));
#1400 = CARTESIAN_POINT('',(4.814963034653,104.86495513581));
#1401 = CARTESIAN_POINT('',(4.789176074258,104.93319764195));
#1402 = CARTESIAN_POINT('',(4.763239699835,104.97867473424));
#1403 = CARTESIAN_POINT('',(4.737213764288,105.00096421695));
#1404 = CARTESIAN_POINT('',(4.690592842659,104.99919606584));
#1405 = CARTESIAN_POINT('',(4.67004035724,104.98391592543));
#1406 = CARTESIAN_POINT('',(4.649533432095,104.95416954261));
#1407 = CARTESIAN_POINT('',(4.629104677384,104.91013206839));
#1408 = CARTESIAN_POINT('',(4.608786977778,104.85211986517));
#1409 = CARTESIAN_POINT('',(4.58861393602,104.78059050426));
#1410 = CARTESIAN_POINT('',(4.568620316478,104.69614276337));
#1411 = CARTESIAN_POINT('',(4.538145722286,104.54725672713));
#1412 = CARTESIAN_POINT('',(4.527508777869,104.49141836921));
#1413 = CARTESIAN_POINT('',(4.516933767627,104.43209679526));
#1414 = CARTESIAN_POINT('',(4.506422875584,104.36939176292));
#1415 = CARTESIAN_POINT('',(4.495978357613,104.3034075426));
#1416 = CARTESIAN_POINT('',(4.485602541436,104.2342529174));
#1417 = CARTESIAN_POINT('',(4.475297826628,104.1620411832));
#1418 = CARTESIAN_POINT('',(4.444387307819,103.93499346314));
#1419 = CARTESIAN_POINT('',(4.424016447574,103.77114792224));
#1420 = CARTESIAN_POINT('',(4.403951789728,103.5961759013));
#1421 = CARTESIAN_POINT('',(4.38419146619,103.41088101712));
#1422 = CARTESIAN_POINT('',(4.364734054933,103.21604812783));
#1423 = CARTESIAN_POINT('',(4.345578579985,103.01244333299));
#1424 = CARTESIAN_POINT('',(4.32672451144,102.8008139735));
#1425 = CARTESIAN_POINT('',(4.277957949704,102.2253608194));
#1426 = CARTESIAN_POINT('',(4.248520948135,101.84922313354));
#1427 = CARTESIAN_POINT('',(4.219819126166,101.4560668072));
#1428 = CARTESIAN_POINT('',(4.191811180102,101.0481255372));
#1429 = CARTESIAN_POINT('',(4.164455626625,100.62729150596));
#1430 = CARTESIAN_POINT('',(4.137710292285,100.19513140335));
#1431 = CARTESIAN_POINT('',(4.111531802996,99.752902448559));
#1432 = CARTESIAN_POINT('',(4.020543750092,98.152308528391));
#1433 = CARTESIAN_POINT('',(3.958326030424,96.93926605052));
#1434 = CARTESIAN_POINT('',(3.898847481372,95.683096256937));
#1435 = CARTESIAN_POINT('',(3.84175602748,94.397827588605));
#1436 = CARTESIAN_POINT('',(3.786697446407,93.092047033026));
#1437 = CARTESIAN_POINT('',(3.733301200213,91.76969767104));
#1438 = CARTESIAN_POINT('',(3.681173349087,90.43073536825));
#1439 = CARTESIAN_POINT('',(3.603846658896,88.381695217457));
#1440 = CARTESIAN_POINT('',(3.578082829145,87.688067407731));
#1441 = CARTESIAN_POINT('',(3.552578464136,86.991515583151));
#1442 = CARTESIAN_POINT('',(3.52731054135,86.292444070013));
#1443 = CARTESIAN_POINT('',(3.502256170625,85.591165067085));
#1444 = CARTESIAN_POINT('',(3.477392481632,84.887908705878));
#1445 = CARTESIAN_POINT('',(3.452696584633,84.182832205789));
#1446 = CARTESIAN_POINT('',(3.416034817572,83.127367759978));
#1447 = CARTESIAN_POINT('',(3.403960355426,82.778317673524));
#1448 = CARTESIAN_POINT('',(3.391920060822,82.428905919843));
#1449 = CARTESIAN_POINT('',(3.379911799686,82.079158232964));
#1450 = CARTESIAN_POINT('',(3.367933465363,81.729097618272));
#1451 = CARTESIAN_POINT('',(3.35598298283,81.378743944908));
#1452 = CARTESIAN_POINT('',(3.344058312908,81.028113538177));
#1453 = CARTESIAN_POINT('',(3.319896680649,80.315711842295));
#1454 = CARTESIAN_POINT('',(3.307661710014,79.953940264223));
#1455 = CARTESIAN_POINT('',(3.295450281161,79.591911718218));
#1456 = CARTESIAN_POINT('',(3.283260247144,79.229640466921));
#1457 = CARTESIAN_POINT('',(3.271089865108,78.867126183758));
#1458 = CARTESIAN_POINT('',(3.258937512908,78.504366618398));
#1459 = CARTESIAN_POINT('',(3.24680227389,78.141361040952));
#1460 = CARTESIAN_POINT('',(3.228859068822,77.603307349203));
#1461 = CARTESIAN_POINT('',(3.223049337238,77.428888900964));
#1462 = CARTESIAN_POINT('',(3.217247606396,77.254488629525));
#1463 = CARTESIAN_POINT('',(3.211448174271,77.079919154742));
#1464 = CARTESIAN_POINT('',(3.205646531904,76.904993419585));
#1465 = CARTESIAN_POINT('',(3.199841230186,76.729600517672));
#1466 = CARTESIAN_POINT('',(3.194042477922,76.55393426552));
#1467 = CARTESIAN_POINT('',(3.185386753934,76.29047980564));
#1468 = CARTESIAN_POINT('',(3.182588112347,76.205068435193));
#1469 = CARTESIAN_POINT('',(3.179808225189,76.120009339377));
#1470 = CARTESIAN_POINT('',(3.176997935013,76.033745425047));
#1471 = CARTESIAN_POINT('',(3.174143979846,75.945740762563));
#1472 = CARTESIAN_POINT('',(3.171268993192,75.856480585799));
#1473 = CARTESIAN_POINT('',(3.168431504029,75.767471292133));
#1474 = CARTESIAN_POINT('',(3.163175288964,75.599947126241));
#1475 = CARTESIAN_POINT('',(3.161178990003,75.53373851705));
#1476 = CARTESIAN_POINT('',(3.15923864695,75.469679435149));
#1477 = CARTESIAN_POINT('',(3.157099196302,75.399502363948));
#1478 = CARTESIAN_POINT('',(3.154748904033,75.319607449998));
#1479 = CARTESIAN_POINT('',(3.152419365594,75.231062502995));
#1480 = CARTESIAN_POINT('',(3.150585505912,75.13960299578));
#1481 = CARTESIAN_POINT('',(3.149710602484,75.021094666916));
#1482 = CARTESIAN_POINT('',(3.149631540873,74.987495563122));
#1483 = CARTESIAN_POINT('',(3.149739249852,74.954082586699));
#1484 = CARTESIAN_POINT('',(3.150026352537,74.920591883946));
#1485 = CARTESIAN_POINT('',(3.150467239865,74.887247913715));
#1486 = CARTESIAN_POINT('',(3.151018070598,74.854763447411));
#1487 = CARTESIAN_POINT('',(3.151616771322,74.824339568989));
#1488 = CARTESIAN_POINT('',(3.154207699503,74.702294009162));
#1489 = CARTESIAN_POINT('',(3.157148527686,74.595089659516));
#1490 = CARTESIAN_POINT('',(3.16059848213,74.480606401916));
#1491 = CARTESIAN_POINT('',(3.164218095323,74.364732700391));
#1492 = CARTESIAN_POINT('',(3.167780551304,74.252349628707));
#1493 = CARTESIAN_POINT('',(3.171216765859,74.14498879198));
#1494 = CARTESIAN_POINT('',(3.174660466722,74.038490248276));
#1495 = CARTESIAN_POINT('',(3.185346847396,73.709964894849));
#1496 = CARTESIAN_POINT('',(3.192436765016,73.494366210807));
#1497 = CARTESIAN_POINT('',(3.199518638474,73.279882528723));
#1498 = CARTESIAN_POINT('',(3.206559390717,73.067318033722));
#1499 = CARTESIAN_POINT('',(3.213564817354,72.856243427185));
#1500 = CARTESIAN_POINT('',(3.220556232292,72.645971795392));
#1501 = CARTESIAN_POINT('',(3.227581476678,72.435003151469));
#1502 = CARTESIAN_POINT('',(3.244290970899,71.933944114422));
#1503 = CARTESIAN_POINT('',(3.253907536269,71.646135212654));
#1504 = CARTESIAN_POINT('',(3.263535063492,71.358490216022));
#1505 = CARTESIAN_POINT('',(3.273173720944,71.071003841739));
#1506 = CARTESIAN_POINT('',(3.282824163492,70.783671388133));
#1507 = CARTESIAN_POINT('',(3.29248720853,70.496489678902));
#1508 = CARTESIAN_POINT('',(3.302163866151,70.20946083871));
#1509 = CARTESIAN_POINT('',(3.346411978081,68.899668064189));
#1510 = CARTESIAN_POINT('',(3.38113814718,67.879225757786));
#1511 = CARTESIAN_POINT('',(3.416087016743,66.861234407702));
#1512 = CARTESIAN_POINT('',(3.451319224508,65.846048349038));
#1513 = CARTESIAN_POINT('',(3.486892115255,64.834128552));
#1514 = CARTESIAN_POINT('',(3.522865793428,63.826260497865));
#1515 = CARTESIAN_POINT('',(3.55929987145,62.823492534786));
#1516 = CARTESIAN_POINT('',(3.635074022684,60.780814253795));
#1517 = CARTESIAN_POINT('',(3.674421359131,59.742836046866));
#1518 = CARTESIAN_POINT('',(3.714439505284,58.712970626268));
#1519 = CARTESIAN_POINT('',(3.755265282135,57.691702517888));
#1520 = CARTESIAN_POINT('',(3.797031454867,56.680478694988));
#1521 = CARTESIAN_POINT('',(3.839868323847,55.681860499265));
#1522 = CARTESIAN_POINT('',(3.883906202272,54.69969596933));
#1523 = CARTESIAN_POINT('',(3.953113529487,53.234811883744));
#1524 = CARTESIAN_POINT('',(3.977325724325,52.736127970089));
#1525 = CARTESIAN_POINT('',(4.001955370371,52.243617929594));
#1526 = CARTESIAN_POINT('',(4.027041187085,51.757850300713));
#1527 = CARTESIAN_POINT('',(4.052620897968,51.279619761623));
#1528 = CARTESIAN_POINT('',(4.078731520541,50.809961825469));
#1529 = CARTESIAN_POINT('',(4.105409656324,50.350167535609));
#1530 = CARTESIAN_POINT('',(4.163232772456,49.399870778402));
#1531 = CARTESIAN_POINT('',(4.194556784228,48.911830067347));
#1532 = CARTESIAN_POINT('',(4.226724529424,48.439799331766));
#1533 = CARTESIAN_POINT('',(4.259794202517,47.986415303617));
#1534 = CARTESIAN_POINT('',(4.293822674284,47.554858028674));
#1535 = CARTESIAN_POINT('',(4.328866686927,47.148880752466));
#1536 = CARTESIAN_POINT('',(4.364984049201,46.772839806207));
#1537 = CARTESIAN_POINT('',(4.415507037348,46.310187376987));
#1538 = CARTESIAN_POINT('',(4.428920059504,46.19311216118));
#1539 = CARTESIAN_POINT('',(4.44247073409,46.080774145397));
#1540 = CARTESIAN_POINT('',(4.45615607459,45.973443074339));
#1541 = CARTESIAN_POINT('',(4.469973271887,45.871383137332));
#1542 = CARTESIAN_POINT('',(4.483919694268,45.774852968323));
#1543 = CARTESIAN_POINT('',(4.497992887415,45.684105645883));
#1544 = CARTESIAN_POINT('',(4.53614526885,45.456452120869));
#1545 = CARTESIAN_POINT('',(4.560483902262,45.330506001339));
#1546 = CARTESIAN_POINT('',(4.585141706534,45.223143472566));
#1547 = CARTESIAN_POINT('',(4.610057590896,45.135660779525));
#1548 = CARTESIAN_POINT('',(4.63517323636,45.069056594984));
#1549 = CARTESIAN_POINT('',(4.660432190142,45.024031340281));
#1550 = CARTESIAN_POINT('',(4.685778960096,45.00098650609));
#1551 = CARTESIAN_POINT('',(4.731711116714,44.999244477169));
#1552 = CARTESIAN_POINT('',(4.752255369408,45.012948696064));
#1553 = CARTESIAN_POINT('',(4.772757798835,45.041116061467));
#1554 = CARTESIAN_POINT('',(4.793185530742,45.083583728867));
#1555 = CARTESIAN_POINT('',(4.813505437456,45.140046581076));
#1556 = CARTESIAN_POINT('',(4.833683690316,45.210057231632));
#1557 = CARTESIAN_POINT('',(4.853685312124,45.293026028211));
#1558 = CARTESIAN_POINT('',(4.884168221726,45.439668448436));
#1559 = CARTESIAN_POINT('',(4.89480365264,45.494702273025));
#1560 = CARTESIAN_POINT('',(4.90537785447,45.553228255145));
#1561 = CARTESIAN_POINT('',(4.915888587664,45.615147478013));
#1562 = CARTESIAN_POINT('',(4.926333540976,45.680356382725));
#1563 = CARTESIAN_POINT('',(4.93671033146,45.748746768257));
#1564 = CARTESIAN_POINT('',(4.947016504473,45.820205791465));
#1565 = CARTESIAN_POINT('',(4.978242646672,46.047268832063));
#1566 = CARTESIAN_POINT('',(4.998919224106,46.212278105353));
#1567 = CARTESIAN_POINT('',(5.019281542975,46.388786122686));
#1568 = CARTESIAN_POINT('',(5.039331400987,46.5759542799));
#1569 = CARTESIAN_POINT('',(5.059070116561,46.772963032941));
#1570 = CARTESIAN_POINT('',(5.078498528823,46.979011897857));
#1571 = CARTESIAN_POINT('',(5.097616997612,47.193319450804));
#1572 = CARTESIAN_POINT('',(5.146566727451,47.77057410743));
#1573 = CARTESIAN_POINT('',(5.175935039262,48.145547515568));
#1574 = CARTESIAN_POINT('',(5.204571654009,48.537470494887));
#1575 = CARTESIAN_POINT('',(5.232517563229,48.944124054716));
#1576 = CARTESIAN_POINT('',(5.259813937624,49.363627416376));
#1577 = CARTESIAN_POINT('',(5.286502629781,49.794422158271));
#1578 = CARTESIAN_POINT('',(5.312626676901,50.23525636099));
#1579 = CARTESIAN_POINT('',(5.402959796293,51.822578216038));
#1580 = CARTESIAN_POINT('',(5.464624196185,53.022551424813));
#1581 = CARTESIAN_POINT('',(5.5235904685,54.264975118525));
#1582 = CARTESIAN_POINT('',(5.580203834026,55.536164716455));
#1583 = CARTESIAN_POINT('',(5.634811831568,56.827723966205));
#1584 = CARTESIAN_POINT('',(5.687777881277,58.135774926086));
#1585 = CARTESIAN_POINT('',(5.739488147559,59.460320267406));
#1586 = CARTESIAN_POINT('',(5.816963523274,61.507642151293));
#1587 = CARTESIAN_POINT('',(5.843274805427,62.21440103407));
#1588 = CARTESIAN_POINT('',(5.869313799028,62.924226201574));
#1589 = CARTESIAN_POINT('',(5.895105160389,63.636678707487));
#1590 = CARTESIAN_POINT('',(5.920673423462,64.351419858529));
#1591 = CARTESIAN_POINT('',(5.946043156752,65.068199111685));
#1592 = CARTESIAN_POINT('',(5.971239103559,65.786840999123));
#1593 = CARTESIAN_POINT('',(6.008413728389,66.856031523824));
#1594 = CARTESIAN_POINT('',(6.020505153495,67.20520946968));
#1595 = CARTESIAN_POINT('',(6.032562833909,67.554734080985));
#1596 = CARTESIAN_POINT('',(6.044588999462,67.904576853288));
#1597 = CARTESIAN_POINT('',(6.05658587973,68.25471120856));
#1598 = CARTESIAN_POINT('',(6.068555726999,68.605112088696));
#1599 = CARTESIAN_POINT('',(6.080500839247,68.955755549015));
#1600 = CARTESIAN_POINT('',(6.104702939516,69.667975557385));
#1601 = CARTESIAN_POINT('',(6.116958038412,70.029550122907));
#1602 = CARTESIAN_POINT('',(6.129191656361,70.391318531584));
#1603 = CARTESIAN_POINT('',(6.141406280309,70.753256172552));
#1604 = CARTESIAN_POINT('',(6.15360481607,71.115328330214));
#1605 = CARTESIAN_POINT('',(6.165790183187,71.477498248251));
#1606 = CARTESIAN_POINT('',(6.177965214382,71.839709603549));
#1607 = CARTESIAN_POINT('',(6.195988382704,72.375989922784));
#1608 = CARTESIAN_POINT('',(6.201828088838,72.549764299872));
#1609 = CARTESIAN_POINT('',(6.20766398208,72.723402368178));
#1610 = CARTESIAN_POINT('',(6.213502413346,72.897059073668));
#1611 = CARTESIAN_POINT('',(6.219349707853,73.070855084495));
#1612 = CARTESIAN_POINT('',(6.2252097365,73.244822938959));
#1613 = CARTESIAN_POINT('',(6.231076597206,73.418658396143));
#1614 = CARTESIAN_POINT('',(6.239881746553,73.678506688458));
#1615 = CARTESIAN_POINT('',(6.242742454046,73.762730433809));
#1616 = CARTESIAN_POINT('',(6.245591176387,73.846411731354));
#1617 = CARTESIAN_POINT('',(6.248479196956,73.931003686888));
#1618 = CARTESIAN_POINT('',(6.251424182585,74.016897348328));
#1619 = CARTESIAN_POINT('',(6.25441018355,74.103421705715));
#1620 = CARTESIAN_POINT('',(6.257387633575,74.18884369121));
#1621 = CARTESIAN_POINT('',(6.263074579734,74.34950583952));
#1622 = CARTESIAN_POINT('',(6.266049021748,74.431440535298));
#1623 = CARTESIAN_POINT('',(6.269078517175,74.514079440028));
#1624 = CARTESIAN_POINT('',(6.272077322547,74.593764940068));
#1625 = CARTESIAN_POINT('',(6.274992109626,74.66527463453));
#1626 = CARTESIAN_POINT('',(6.277801965405,74.721821335288));
#1627 = CARTESIAN_POINT('',(6.280518392105,74.755053066972));
#1628 = CARTESIAN_POINT('',(6.28318530718,74.755053066972));
#1629 = ( GEOMETRIC_REPRESENTATION_CONTEXT(2) 
PARAMETRIC_REPRESENTATION_CONTEXT() REPRESENTATION_CONTEXT('2D SPACE',''
  ) );
#1630 = PCURVE('',#678,#1631);
#1631 = DEFINITIONAL_REPRESENTATION('',(#1632),#1929);
#1632 = B_SPLINE_CURVE_WITH_KNOTS('',8,(#1633,#1634,#1635,#1636,#1637,
    #1638,#1639,#1640,#1641,#1642,#1643,#1644,#1645,#1646,#1647,#1648,
    #1649,#1650,#1651,#1652,#1653,#1654,#1655,#1656,#1657,#1658,#1659,
    #1660,#1661,#1662,#1663,#1664,#1665,#1666,#1667,#1668,#1669,#1670,
    #1671,#1672,#1673,#1674,#1675,#1676,#1677,#1678,#1679,#1680,#1681,
    #1682,#1683,#1684,#1685,#1686,#1687,#1688,#1689,#1690,#1691,#1692,
    #1693,#1694,#1695,#1696,#1697,#1698,#1699,#1700,#1701,#1702,#1703,
    #1704,#1705,#1706,#1707,#1708,#1709,#1710,#1711,#1712,#1713,#1714,
    #1715,#1716,#1717,#1718,#1719,#1720,#1721,#1722,#1723,#1724,#1725,
    #1726,#1727,#1728,#1729,#1730,#1731,#1732,#1733,#1734,#1735,#1736,
    #1737,#1738,#1739,#1740,#1741,#1742,#1743,#1744,#1745,#1746,#1747,
    #1748,#1749,#1750,#1751,#1752,#1753,#1754,#1755,#1756,#1757,#1758,
    #1759,#1760,#1761,#1762,#1763,#1764,#1765,#1766,#1767,#1768,#1769,
    #1770,#1771,#1772,#1773,#1774,#1775,#1776,#1777,#1778,#1779,#1780,
    #1781,#1782,#1783,#1784,#1785,#1786,#1787,#1788,#1789,#1790,#1791,
    #1792,#1793,#1794,#1795,#1796,#1797,#1798,#1799,#1800,#1801,#1802,
    #1803,#1804,#1805,#1806,#1807,#1808,#1809,#1810,#1811,#1812,#1813,
    #1814,#1815,#1816,#1817,#1818,#1819,#1820,#1821,#1822,#1823,#1824,
    #1825,#1826,#1827,#1828,#1829,#1830,#1831,#1832,#1833,#1834,#1835,
    #1836,#1837,#1838,#1839,#1840,#1841,#1842,#1843,#1844,#1845,#1846,
    #1847,#1848,#1849,#1850,#1851,#1852,#1853,#1854,#1855,#1856,#1857,
    #1858,#1859,#1860,#1861,#1862,#1863,#1864,#1865,#1866,#1867,#1868,
    #1869,#1870,#1871,#1872,#1873,#1874,#1875,#1876,#1877,#1878,#1879,
    #1880,#1881,#1882,#1883,#1884,#1885,#1886,#1887,#1888,#1889,#1890,
    #1891,#1892,#1893,#1894,#1895,#1896,#1897,#1898,#1899,#1900,#1901,
    #1902,#1903,#1904,#1905,#1906,#1907,#1908,#1909,#1910,#1911,#1912,
    #1913,#1914,#1915,#1916,#1917,#1918,#1919,#1920,#1921,#1922,#1923,
    #1924,#1925,#1926,#1927,#1928),.UNSPECIFIED.,.F.,.F.,(9,7,7,7,7,7,7,
    7,7,7,7,7,7,7,7,7,7,7,7,7,7,7,7,7,7,7,7,7,7,7,7,7,7,7,7,7,7,7,7,7,7,
    7,9),(0.,4.826300446519E-03,1.178109423918E-02,1.926154026421E-02,
    3.493112139411E-02,9.014089748629E-02,0.148932270977,0.17990937157,
    0.214350484687,0.226661712509,0.247948578617,0.264749924492,
    0.273836871474,0.29220357973,0.322114426309,0.39827827231,
    0.43696411054,0.456047501248,0.475708033824,0.485165125214,
    0.489936099078,0.494433889468,0.496283838868,0.502898274528,
    0.514725773593,0.530712732926,0.587717637947,0.647594788005,
    0.679048959243,0.714260351291,0.726805935914,0.747973161683,
    0.765115192361,0.774379465914,0.793385171627,0.823842677568,
    0.900841346993,0.941119460455,0.960621427761,0.980706704271,
    0.990369018487,0.995256049091,1.),.UNSPECIFIED.);
#1633 = CARTESIAN_POINT('',(8.164988489908E-03,75.));
#1634 = CARTESIAN_POINT('',(8.164988489908E-03,75.080007452249));
#1635 = CARTESIAN_POINT('',(9.272724126972E-03,75.161500718111));
#1636 = CARTESIAN_POINT('',(1.115767872581E-02,75.245795711774));
#1637 = CARTESIAN_POINT('',(1.354148999014E-02,75.333236132988));
#1638 = CARTESIAN_POINT('',(1.619795000274E-02,75.423193467062));
#1639 = CARTESIAN_POINT('',(1.895300522538E-02,75.514066984866));
#1640 = CARTESIAN_POINT('',(2.168475649888E-02,75.60328374283));
#1641 = CARTESIAN_POINT('',(2.812588126652E-02,75.808365618652));
#1642 = CARTESIAN_POINT('',(3.220381117689E-02,75.935438989215));
#1643 = CARTESIAN_POINT('',(3.63703327499E-02,76.063840386848));
#1644 = CARTESIAN_POINT('',(4.050418371486E-02,76.190434723254));
#1645 = CARTESIAN_POINT('',(4.456269773745E-02,76.314211197349));
#1646 = CARTESIAN_POINT('',(4.857883566608E-02,76.436320557358));
#1647 = CARTESIAN_POINT('',(5.264230584171E-02,76.55956855729));
#1648 = CARTESIAN_POINT('',(6.140638061834E-02,76.824821723227));
#1649 = CARTESIAN_POINT('',(6.596122954779E-02,76.962374266652));
#1650 = CARTESIAN_POINT('',(7.052389861931E-02,77.099936152838));
#1651 = CARTESIAN_POINT('',(7.509165598012E-02,77.237466268638));
#1652 = CARTESIAN_POINT('',(7.966362271803E-02,77.37496142195));
#1653 = CARTESIAN_POINT('',(8.424003872509E-02,77.512444693717));
#1654 = CARTESIAN_POINT('',(8.882163127185E-02,77.649950192959));
#1655 = CARTESIAN_POINT('',(0.103018606684,78.075643972638));
#1656 = CARTESIAN_POINT('',(0.112640461175,78.363597274365));
#1657 = CARTESIAN_POINT('',(0.122273401198,78.651387381182));
#1658 = CARTESIAN_POINT('',(0.131917448484,78.939020638524));
#1659 = CARTESIAN_POINT('',(0.141573271339,79.226498694403));
#1660 = CARTESIAN_POINT('',(0.15124178171,79.513824115308));
#1661 = CARTESIAN_POINT('',(0.160923953021,79.800999399695));
#1662 = CARTESIAN_POINT('',(0.204786672897,81.099297815476));
#1663 = CARTESIAN_POINT('',(0.239118824114,82.108166884675));
#1664 = CARTESIAN_POINT('',(0.273668666246,83.114642528383));
#1665 = CARTESIAN_POINT('',(0.308494583191,84.118380891217));
#1666 = CARTESIAN_POINT('',(0.343651905963,85.118934564444));
#1667 = CARTESIAN_POINT('',(0.379198560552,86.115548933865));
#1668 = CARTESIAN_POINT('',(0.415192034162,87.107219414629));
#1669 = CARTESIAN_POINT('',(0.490559088367,89.141869871109));
#1670 = CARTESIAN_POINT('',(0.529953447567,90.182735666789));
#1671 = CARTESIAN_POINT('',(0.570016220652,91.215527676487));
#1672 = CARTESIAN_POINT('',(0.610884171486,92.239765416501));
#1673 = CARTESIAN_POINT('',(0.65269003887,93.254008915889));
#1674 = CARTESIAN_POINT('',(0.695564125821,94.255706404772));
#1675 = CARTESIAN_POINT('',(0.739636774209,95.241021533424));
#1676 = CARTESIAN_POINT('',(0.808965535949,96.712369542029));
#1677 = CARTESIAN_POINT('',(0.833268138545,97.214265217682));
#1678 = CARTESIAN_POINT('',(0.85799002407,97.70997291499));
#1679 = CARTESIAN_POINT('',(0.883170373956,98.198924065139));
#1680 = CARTESIAN_POINT('',(0.908847353615,98.680320774246));
#1681 = CARTESIAN_POINT('',(0.935058406526,99.153120832977));
#1682 = CARTESIAN_POINT('',(0.96184054832,99.616022726165));
#1683 = CARTESIAN_POINT('',(1.019683671215,100.56935945994));
#1684 = CARTESIAN_POINT('',(1.050913292943,101.05749919516));
#1685 = CARTESIAN_POINT('',(1.082980523112,101.52978762808));
#1686 = CARTESIAN_POINT('',(1.115943797748,101.98363064907));
#1687 = CARTESIAN_POINT('',(1.149860180096,102.4158925159));
#1688 = CARTESIAN_POINT('',(1.184786548862,102.82286611071));
#1689 = CARTESIAN_POINT('',(1.220780786456,103.20024319697));
#1690 = CARTESIAN_POINT('',(1.271172562305,103.6656358713));
#1691 = CARTESIAN_POINT('',(1.284583419859,103.78374761418));
#1692 = CARTESIAN_POINT('',(1.298132508129,103.89714490737));
#1693 = CARTESIAN_POINT('',(1.311816972618,104.00555790325));
#1694 = CARTESIAN_POINT('',(1.325634136103,104.10872190426));
#1695 = CARTESIAN_POINT('',(1.339581498632,104.20637736302));
#1696 = CARTESIAN_POINT('',(1.353656737528,104.29826988225));
#1697 = CARTESIAN_POINT('',(1.392412053091,104.5326425639));
#1698 = CARTESIAN_POINT('',(1.417375949376,104.66336419516));
#1699 = CARTESIAN_POINT('',(1.442679204658,104.77457211721));
#1700 = CARTESIAN_POINT('',(1.468255756158,104.8648523749));
#1701 = CARTESIAN_POINT('',(1.494042640515,104.93312082333));
#1702 = CARTESIAN_POINT('',(1.519978964408,104.97862390197));
#1703 = CARTESIAN_POINT('',(1.546004875167,105.00093940879));
#1704 = CARTESIAN_POINT('',(1.592625798735,104.99921787868));
#1705 = CARTESIAN_POINT('',(1.613178301122,104.98395829201));
#1706 = CARTESIAN_POINT('',(1.633685259309,104.95423244507));
#1707 = CARTESIAN_POINT('',(1.654114063035,104.91021548263));
#1708 = CARTESIAN_POINT('',(1.674431827456,104.85222375988));
#1709 = CARTESIAN_POINT('',(1.694604949575,104.7807148388));
#1710 = CARTESIAN_POINT('',(1.714598664668,104.69628748456));
#1711 = CARTESIAN_POINT('',(1.745073428777,104.54743275305));
#1712 = CARTESIAN_POINT('',(1.75571043716,104.49160536615));
#1713 = CARTESIAN_POINT('',(1.766285515644,104.43229474724));
#1714 = CARTESIAN_POINT('',(1.776796480156,104.36960065483));
#1715 = CARTESIAN_POINT('',(1.787241074769,104.30362735998));
#1716 = CARTESIAN_POINT('',(1.797616971705,104.2344836462));
#1717 = CARTESIAN_POINT('',(1.807921771333,104.16228280952));
#1718 = CARTESIAN_POINT('',(1.838832558484,103.93526797102));
#1719 = CARTESIAN_POINT('',(1.859203614506,103.7714443626));
#1720 = CARTESIAN_POINT('',(1.879268484069,103.59649423132));
#1721 = CARTESIAN_POINT('',(1.899029034978,103.4112212147));
#1722 = CARTESIAN_POINT('',(1.918486689007,103.21641018973));
#1723 = CARTESIAN_POINT('',(1.937642421903,103.01282727284));
#1724 = CARTESIAN_POINT('',(1.956496763381,102.80121981991));
#1725 = CARTESIAN_POINT('',(2.005264081486,102.2258243575));
#1726 = CARTESIAN_POINT('',(2.034701591277,101.84972255193));
#1727 = CARTESIAN_POINT('',(2.063403961095,101.45660235163));
#1728 = CARTESIAN_POINT('',(2.091412495078,101.04869756023));
#1729 = CARTESIAN_POINT('',(2.118768677499,100.62790047006));
#1730 = CARTESIAN_POINT('',(2.145514683361,100.19577788938));
#1731 = CARTESIAN_POINT('',(2.171693888995,99.753587169551));
#1732 = CARTESIAN_POINT('',(2.26268465197,98.153131909578));
#1733 = CARTESIAN_POINT('',(2.324904634875,96.940194980285));
#1734 = CARTESIAN_POINT('',(2.384385816005,95.684139003466));
#1735 = CARTESIAN_POINT('',(2.44148032558,94.398994585302));
#1736 = CARTESIAN_POINT('',(2.496542508172,93.093352801563));
#1737 = CARTESIAN_POINT('',(2.549943057078,91.771161760221));
#1738 = CARTESIAN_POINT('',(2.602076156278,90.432384979765));
#1739 = CARTESIAN_POINT('',(2.679413191937,88.383696258232));
#1740 = CARTESIAN_POINT('',(2.70518091681,87.690198881853));
#1741 = CARTESIAN_POINT('',(2.730689657524,86.993791680314));
#1742 = CARTESIAN_POINT('',(2.755962559191,86.294882680568));
#1743 = CARTESIAN_POINT('',(2.781022655629,85.59378841265));
#1744 = CARTESIAN_POINT('',(2.805893010721,84.890744835208));
#1745 = CARTESIAN_POINT('',(2.830596846624,84.185919159849));
#1746 = CARTESIAN_POINT('',(2.867273295861,83.130913895313));
#1747 = CARTESIAN_POINT('',(2.879353065018,82.782029171001));
#1748 = CARTESIAN_POINT('',(2.891399212551,82.432799128243));
#1749 = CARTESIAN_POINT('',(2.903413961579,82.083252174313));
#1750 = CARTESIAN_POINT('',(2.915399535067,81.73341480586));
#1751 = CARTESIAN_POINT('',(2.927358178842,81.383312017913));
#1752 = CARTESIAN_POINT('',(2.93929218459,81.032967712882));
#1753 = CARTESIAN_POINT('',(2.963475889344,80.321240388472));
#1754 = CARTESIAN_POINT('',(2.975723679291,79.959859558003));
#1755 = CARTESIAN_POINT('',(2.987950065721,79.598285888721));
#1756 = CARTESIAN_POINT('',(3.000157534718,79.236543819347));
#1757 = CARTESIAN_POINT('',(3.012348997366,78.874668072037));
#1758 = CARTESIAN_POINT('',(3.024527376577,78.512695421366));
#1759 = CARTESIAN_POINT('',(3.036695500915,78.150682496431));
#1760 = CARTESIAN_POINT('',(3.054708020181,77.614717238936));
#1761 = CARTESIAN_POINT('',(3.060543420168,77.441071759422));
#1762 = CARTESIAN_POINT('',(3.066374909802,77.267567164614));
#1763 = CARTESIAN_POINT('',(3.07220906015,77.094042148686));
#1764 = CARTESIAN_POINT('',(3.078052409607,76.920370540559));
#1765 = CARTESIAN_POINT('',(3.083908942097,76.746517479779));
#1766 = CARTESIAN_POINT('',(3.089772473311,76.572797513639));
#1767 = CARTESIAN_POINT('',(3.098563578663,76.31340885843));
#1768 = CARTESIAN_POINT('',(3.101413218874,76.229528859272));
#1769 = CARTESIAN_POINT('',(3.10425069309,76.146198779976));
#1770 = CARTESIAN_POINT('',(3.107127979562,76.0619461767));
#1771 = CARTESIAN_POINT('',(3.110062995788,75.976374793429));
#1772 = CARTESIAN_POINT('',(3.113039598525,75.890164561964));
#1773 = CARTESIAN_POINT('',(3.116007583778,75.805071601929));
#1774 = CARTESIAN_POINT('',(3.12159316294,75.647431067277));
#1775 = CARTESIAN_POINT('',(3.123800573467,75.587556804837));
#1776 = CARTESIAN_POINT('',(3.125936172213,75.52935638716));
#1777 = CARTESIAN_POINT('',(3.128275604106,75.465179903517));
#1778 = CARTESIAN_POINT('',(3.130938905179,75.394676578732));
#1779 = CARTESIAN_POINT('',(3.13389050257,75.32479477319));
#1780 = CARTESIAN_POINT('',(3.136939214522,75.26978198283));
#1781 = CARTESIAN_POINT('',(3.140889498943,75.243535799997));
#1782 = CARTESIAN_POINT('',(3.142009467725,75.241164042831));
#1783 = CARTESIAN_POINT('',(3.143123232252,75.244395209987));
#1784 = CARTESIAN_POINT('',(3.14423959016,75.253007988865));
#1785 = CARTESIAN_POINT('',(3.145351061196,75.266234111926));
#1786 = CARTESIAN_POINT('',(3.146433887219,75.282758356694));
#1787 = CARTESIAN_POINT('',(3.1474480322,75.300718545752));
#1788 = CARTESIAN_POINT('',(3.151516310058,75.378442032397));
#1789 = CARTESIAN_POINT('',(3.155089904226,75.466661777055));
#1790 = CARTESIAN_POINT('',(3.158906379178,75.570147596086));
#1791 = CARTESIAN_POINT('',(3.162769503572,75.678714092353));
#1792 = CARTESIAN_POINT('',(3.166516563482,75.785557226278));
#1793 = CARTESIAN_POINT('',(3.170096525599,75.888603885901));
#1794 = CARTESIAN_POINT('',(3.173648200433,75.991861456937));
#1795 = CARTESIAN_POINT('',(3.184606139906,76.312234634341));
#1796 = CARTESIAN_POINT('',(3.191799449921,76.524727974124));
#1797 = CARTESIAN_POINT('',(3.198958302004,76.736898735061));
#1798 = CARTESIAN_POINT('',(3.206056336002,76.947741239555));
#1799 = CARTESIAN_POINT('',(3.213108289662,77.157416517088));
#1800 = CARTESIAN_POINT('',(3.220137532926,77.366549788888));
#1801 = CARTESIAN_POINT('',(3.227194759545,77.576555438966));
#1802 = CARTESIAN_POINT('',(3.243968802166,78.075669635058));
#1803 = CARTESIAN_POINT('',(3.253613711808,78.362623380436));
#1804 = CARTESIAN_POINT('',(3.263264393113,78.649568919382));
#1805 = CARTESIAN_POINT('',(3.272922415701,78.936469496515));
#1806 = CARTESIAN_POINT('',(3.282589346398,79.223302453913));
#1807 = CARTESIAN_POINT('',(3.292266720683,79.510049424305));
#1808 = CARTESIAN_POINT('',(3.301955919859,79.796697145769));
#1809 = CARTESIAN_POINT('',(3.34625474996,81.104946077427));
#1810 = CARTESIAN_POINT('',(3.381002285536,82.124729836047));
#1811 = CARTESIAN_POINT('',(3.41596852231,83.14218242938));
#1812 = CARTESIAN_POINT('',(3.451212462766,84.156998531037));
#1813 = CARTESIAN_POINT('',(3.486795718198,85.168589124535));
#1814 = CARTESIAN_POINT('',(3.522777345784,86.176200092497));
#1815 = CARTESIAN_POINT('',(3.559218223169,87.178745071374));
#1816 = CARTESIAN_POINT('',(3.635004143359,89.22103036637));
#1817 = CARTESIAN_POINT('',(3.674356367914,90.258840992534));
#1818 = CARTESIAN_POINT('',(3.714378630668,91.288561377555));
#1819 = CARTESIAN_POINT('',(3.755207949097,92.309700982142));
#1820 = CARTESIAN_POINT('',(3.796977201586,93.320809308793));
#1821 = CARTESIAN_POINT('',(3.839816771853,94.319322372687));
#1822 = CARTESIAN_POINT('',(3.883857043742,95.301389850152));
#1823 = CARTESIAN_POINT('',(3.953067611426,96.766136141895));
#1824 = CARTESIAN_POINT('',(3.97728084891,97.264774421258));
#1825 = CARTESIAN_POINT('',(4.001911471535,97.7572403884));
#1826 = CARTESIAN_POINT('',(4.026998204551,98.242965287292));
#1827 = CARTESIAN_POINT('',(4.052578775994,98.721154256371));
#1828 = CARTESIAN_POINT('',(4.078690206918,99.190771624601));
#1829 = CARTESIAN_POINT('',(4.105369101613,99.650526207533));
#1830 = CARTESIAN_POINT('',(4.16319372624,100.60074035084));
#1831 = CARTESIAN_POINT('',(4.194518476334,101.08873830245));
#1832 = CARTESIAN_POINT('',(4.226686904395,101.56072696377));
#1833 = CARTESIAN_POINT('',(4.259757206902,102.01406943364));
#1834 = CARTESIAN_POINT('',(4.293786255712,102.4455855092));
#1835 = CARTESIAN_POINT('',(4.328830793233,102.85152179106));
#1836 = CARTESIAN_POINT('',(4.364948627606,103.22752178839));
#1837 = CARTESIAN_POINT('',(4.415472182587,103.69011850403));
#1838 = CARTESIAN_POINT('',(4.42888534673,103.80717907114));
#1839 = CARTESIAN_POINT('',(4.442436156265,103.91950242372));
#1840 = CARTESIAN_POINT('',(4.456121624556,104.02681881485));
#1841 = CARTESIAN_POINT('',(4.469938942369,104.12886405229));
#1842 = CARTESIAN_POINT('',(4.483885477872,104.22537949856));
#1843 = CARTESIAN_POINT('',(4.497958776636,104.31611207085));
#1844 = CARTESIAN_POINT('',(4.536111421414,104.54372587214));
#1845 = CARTESIAN_POINT('',(4.560450198671,104.66964692786));
#1846 = CARTESIAN_POINT('',(4.585108124266,104.776984304));
#1847 = CARTESIAN_POINT('',(4.610024106665,104.8644417784));
#1848 = CARTESIAN_POINT('',(4.635139826335,104.9310206929));
#1849 = CARTESIAN_POINT('',(4.66039883013,104.97602063517));
#1850 = CARTESIAN_POINT('',(4.685745625682,104.99904012063));
#1851 = CARTESIAN_POINT('',(4.73167778421,105.00073621733));
#1852 = CARTESIAN_POINT('',(4.752222021663,104.98701145534));
#1853 = CARTESIAN_POINT('',(4.772724419787,104.95882356346));
#1854 = CARTESIAN_POINT('',(4.793152104421,104.91633539266));
#1855 = CARTESIAN_POINT('',(4.813471948057,104.85985206755));
#1856 = CARTESIAN_POINT('',(4.833650122287,104.78982098408));
#1857 = CARTESIAN_POINT('',(4.853651650262,104.7068318072));
#1858 = CARTESIAN_POINT('',(4.884134392609,104.56015809946));
#1859 = CARTESIAN_POINT('',(4.894769760522,104.50511331513));
#1860 = CARTESIAN_POINT('',(4.905343895075,104.44657638923));
#1861 = CARTESIAN_POINT('',(4.915854556769,104.38464623768));
#1862 = CARTESIAN_POINT('',(4.926299434408,104.31942641881));
#1863 = CARTESIAN_POINT('',(4.936676145102,104.25102513326));
#1864 = CARTESIAN_POINT('',(4.946982234267,104.17955522408));
#1865 = CARTESIAN_POINT('',(4.978208108404,103.95245900809));
#1866 = CARTESIAN_POINT('',(4.998884488887,103.78742750003));
#1867 = CARTESIAN_POINT('',(5.019246594401,103.61089729308));
#1868 = CARTESIAN_POINT('',(5.039296222953,103.42370696983));
#1869 = CARTESIAN_POINT('',(5.059034693229,103.22667605483));
#1870 = CARTESIAN_POINT('',(5.078462844596,103.02060501456));
#1871 = CARTESIAN_POINT('',(5.097581037094,102.8062752575));
#1872 = CARTESIAN_POINT('',(5.146530008262,102.22896270414));
#1873 = CARTESIAN_POINT('',(5.17589781351,101.85395350994));
#1874 = CARTESIAN_POINT('',(5.204533882273,101.46199450094));
#1875 = CARTESIAN_POINT('',(5.232479205654,101.05530456183));
#1876 = CARTESIAN_POINT('',(5.259774953408,100.63576436227));
#1877 = CARTESIAN_POINT('',(5.28646297659,100.20493220643));
#1878 = CARTESIAN_POINT('',(5.312586310185,99.76405988279));
#1879 = CARTESIAN_POINT('',(5.402916744516,98.176600511671));
#1880 = CARTESIAN_POINT('',(5.464578909678,96.976522918587));
#1881 = CARTESIAN_POINT('',(5.52354258737,95.733986801255));
#1882 = CARTESIAN_POINT('',(5.580152944443,94.462674610313));
#1883 = CARTESIAN_POINT('',(5.634757403368,93.170978694598));
#1884 = CARTESIAN_POINT('',(5.68771923531,91.862772166463));
#1885 = CARTESIAN_POINT('',(5.739424369981,90.538044991753));
#1886 = CARTESIAN_POINT('',(5.816889583715,88.490377062302));
#1887 = CARTESIAN_POINT('',(5.843196959921,87.783487122299));
#1888 = CARTESIAN_POINT('',(5.869231560616,87.073516528581));
#1889 = CARTESIAN_POINT('',(5.89501791532,86.360900399097));
#1890 = CARTESIAN_POINT('',(5.920580410237,85.64597297177));
#1891 = CARTESIAN_POINT('',(5.945943414853,84.928978797178));
#1892 = CARTESIAN_POINT('',(5.971131326773,84.21008295142));
#1893 = CARTESIAN_POINT('',(6.008291118773,83.140428470354));
#1894 = CARTESIAN_POINT('',(6.020377249418,82.791085532499));
#1895 = CARTESIAN_POINT('',(6.032429091176,82.441379632267));
#1896 = CARTESIAN_POINT('',(6.044448785161,82.091336610573));
#1897 = CARTESIAN_POINT('',(6.056438445078,81.740979567506));
#1898 = CARTESIAN_POINT('',(6.068400153146,81.390328457222));
#1899 = CARTESIAN_POINT('',(6.080335956017,81.039399682842));
#1900 = CARTESIAN_POINT('',(6.104516053716,80.326507391013));
#1901 = CARTESIAN_POINT('',(6.116758377931,79.964543412893));
#1902 = CARTESIAN_POINT('',(6.128977094666,79.602321814566));
#1903 = CARTESIAN_POINT('',(6.141174351133,79.239857012913));
#1904 = CARTESIAN_POINT('',(6.153351896169,78.877149012242));
#1905 = CARTESIAN_POINT('',(6.165511358075,78.514195829867));
#1906 = CARTESIAN_POINT('',(6.177653669076,78.150996772253));
#1907 = CARTESIAN_POINT('',(6.195607950645,77.612640836528));
#1908 = CARTESIAN_POINT('',(6.201422151548,77.438098383602));
#1909 = CARTESIAN_POINT('',(6.207228487213,77.263570672878));
#1910 = CARTESIAN_POINT('',(6.213032447786,77.088876932175));
#1911 = CARTESIAN_POINT('',(6.218838359579,76.913836523494));
#1912 = CARTESIAN_POINT('',(6.224647595497,76.738341967331));
#1913 = CARTESIAN_POINT('',(6.230450291665,76.562578654664));
#1914 = CARTESIAN_POINT('',(6.239121467361,76.298706781602));
#1915 = CARTESIAN_POINT('',(6.241931610527,76.212964688193));
#1916 = CARTESIAN_POINT('',(6.244723242855,76.127569279782));
#1917 = CARTESIAN_POINT('',(6.247544877568,76.040984320816));
#1918 = CARTESIAN_POINT('',(6.250409603415,75.952681413303));
#1919 = CARTESIAN_POINT('',(6.25329508467,75.863139996809));
#1920 = CARTESIAN_POINT('',(6.256143561136,75.77384734846));
#1921 = CARTESIAN_POINT('',(6.261500550681,75.60328374283));
#1922 = CARTESIAN_POINT('',(6.264232301954,75.514066984866));
#1923 = CARTESIAN_POINT('',(6.266987357177,75.423193467062));
#1924 = CARTESIAN_POINT('',(6.269643817189,75.333236132988));
#1925 = CARTESIAN_POINT('',(6.272027628454,75.245795711774));
#1926 = CARTESIAN_POINT('',(6.273912583053,75.161500718111));
#1927 = CARTESIAN_POINT('',(6.27502031869,75.080007452249));
#1928 = CARTESIAN_POINT('',(6.27502031869,75.));
#1929 = ( GEOMETRIC_REPRESENTATION_CONTEXT(2) 
PARAMETRIC_REPRESENTATION_CONTEXT() REPRESENTATION_CONTEXT('2D SPACE',''
  ) );
#1930 = ADVANCED_FACE('',(#1931,#2009),#678,.T.);
#1931 = FACE_BOUND('',#1932,.T.);
#1932 = EDGE_LOOP('',(#1933,#1956,#1982,#1983));
#1933 = ORIENTED_EDGE('',*,*,#1934,.T.);
#1934 = EDGE_CURVE('',#1935,#1937,#1939,.T.);
#1935 = VERTEX_POINT('',#1936);
#1936 = CARTESIAN_POINT('',(30.001,75.,75.));
#1937 = VERTEX_POINT('',#1938);
#1938 = CARTESIAN_POINT('',(30.001,-75.,75.));
#1939 = SEAM_CURVE('',#1940,(#1944,#1950),.PCURVE_S1.);
#1940 = LINE('',#1941,#1942);
#1941 = CARTESIAN_POINT('',(30.001,75.,75.));
#1942 = VECTOR('',#1943,1.);
#1943 = DIRECTION('',(0.,-1.,1.110223024625E-16));
#1944 = PCURVE('',#678,#1945);
#1945 = DEFINITIONAL_REPRESENTATION('',(#1946),#1949);
#1946 = B_SPLINE_CURVE_WITH_KNOTS('',1,(#1947,#1948),.UNSPECIFIED.,.F.,
  .F.,(2,2),(0.,150.),.PIECEWISE_BEZIER_KNOTS.);
#1947 = CARTESIAN_POINT('',(6.28318530718,0.));
#1948 = CARTESIAN_POINT('',(6.28318530718,150.));
#1949 = ( GEOMETRIC_REPRESENTATION_CONTEXT(2) 
PARAMETRIC_REPRESENTATION_CONTEXT() REPRESENTATION_CONTEXT('2D SPACE',''
  ) );
#1950 = PCURVE('',#678,#1951);
#1951 = DEFINITIONAL_REPRESENTATION('',(#1952),#1955);
#1952 = B_SPLINE_CURVE_WITH_KNOTS('',1,(#1953,#1954),.UNSPECIFIED.,.F.,
  .F.,(2,2),(0.,150.),.PIECEWISE_BEZIER_KNOTS.);
#1953 = CARTESIAN_POINT('',(0.,0.));
#1954 = CARTESIAN_POINT('',(0.,150.));
#1955 = ( GEOMETRIC_REPRESENTATION_CONTEXT(2) 
PARAMETRIC_REPRESENTATION_CONTEXT() REPRESENTATION_CONTEXT('2D SPACE',''
  ) );
#1956 = ORIENTED_EDGE('',*,*,#1957,.F.);
#1957 = EDGE_CURVE('',#1937,#1937,#1958,.T.);
#1958 = SURFACE_CURVE('',#1959,(#1964,#1970),.PCURVE_S1.);
#1959 = CIRCLE('',#1960,30.);
#1960 = AXIS2_PLACEMENT_3D('',#1961,#1962,#1963);
#1961 = CARTESIAN_POINT('',(1.E-03,-75.,75.));
#1962 = DIRECTION('',(0.,-1.,1.110223024625E-16));
#1963 = DIRECTION('',(1.,0.,0.));
#1964 = PCURVE('',#678,#1965);
#1965 = DEFINITIONAL_REPRESENTATION('',(#1966),#1969);
#1966 = B_SPLINE_CURVE_WITH_KNOTS('',1,(#1967,#1968),.UNSPECIFIED.,.F.,
  .F.,(2,2),(0.,6.28318530718),.PIECEWISE_BEZIER_KNOTS.);
#1967 = CARTESIAN_POINT('',(0.,150.));
#1968 = CARTESIAN_POINT('',(6.28318530718,150.));
#1969 = ( GEOMETRIC_REPRESENTATION_CONTEXT(2) 
PARAMETRIC_REPRESENTATION_CONTEXT() REPRESENTATION_CONTEXT('2D SPACE',''
  ) );
#1970 = PCURVE('',#1971,#1976);
#1971 = PLANE('',#1972);
#1972 = AXIS2_PLACEMENT_3D('',#1973,#1974,#1975);
#1973 = CARTESIAN_POINT('',(1.E-03,-75.,75.));
#1974 = DIRECTION('',(0.,-1.,1.110223024625E-16));
#1975 = DIRECTION('',(1.,0.,0.));
#1976 = DEFINITIONAL_REPRESENTATION('',(#1977),#1981);
#1977 = CIRCLE('',#1978,30.);
#1978 = AXIS2_PLACEMENT_2D('',#1979,#1980);
#1979 = CARTESIAN_POINT('',(0.,0.));
#1980 = DIRECTION('',(1.,0.));
#1981 = ( GEOMETRIC_REPRESENTATION_CONTEXT(2) 
PARAMETRIC_REPRESENTATION_CONTEXT() REPRESENTATION_CONTEXT('2D SPACE',''
  ) );
#1982 = ORIENTED_EDGE('',*,*,#1934,.F.);
#1983 = ORIENTED_EDGE('',*,*,#1984,.T.);
#1984 = EDGE_CURVE('',#1935,#1935,#1985,.T.);
#1985 = SURFACE_CURVE('',#1986,(#1991,#1997),.PCURVE_S1.);
#1986 = CIRCLE('',#1987,30.);
#1987 = AXIS2_PLACEMENT_3D('',#1988,#1989,#1990);
#1988 = CARTESIAN_POINT('',(1.E-03,75.,75.));
#1989 = DIRECTION('',(0.,-1.,1.110223024625E-16));
#1990 = DIRECTION('',(1.,0.,0.));
#1991 = PCURVE('',#678,#1992);
#1992 = DEFINITIONAL_REPRESENTATION('',(#1993),#1996);
#1993 = B_SPLINE_CURVE_WITH_KNOTS('',1,(#1994,#1995),.UNSPECIFIED.,.F.,
  .F.,(2,2),(0.,6.28318530718),.PIECEWISE_BEZIER_KNOTS.);
#1994 = CARTESIAN_POINT('',(0.,0.));
#1995 = CARTESIAN_POINT('',(6.28318530718,0.));
#1996 = ( GEOMETRIC_REPRESENTATION_CONTEXT(2) 
PARAMETRIC_REPRESENTATION_CONTEXT() REPRESENTATION_CONTEXT('2D SPACE',''
  ) );
#1997 = PCURVE('',#1998,#2003);
#1998 = PLANE('',#1999);
#1999 = AXIS2_PLACEMENT_3D('',#2000,#2001,#2002);
#2000 = CARTESIAN_POINT('',(1.E-03,75.,75.));
#2001 = DIRECTION('',(0.,-1.,1.110223024625E-16));
#2002 = DIRECTION('',(1.,0.,0.));
#2003 = DEFINITIONAL_REPRESENTATION('',(#2004),#2008);
#2004 = CIRCLE('',#2005,30.);
#2005 = AXIS2_PLACEMENT_2D('',#2006,#2007);
#2006 = CARTESIAN_POINT('',(0.,0.));
#2007 = DIRECTION('',(1.,0.));
#2008 = ( GEOMETRIC_REPRESENTATION_CONTEXT(2) 
PARAMETRIC_REPRESENTATION_CONTEXT() REPRESENTATION_CONTEXT('2D SPACE',''
  ) );
#2009 = FACE_BOUND('',#2010,.T.);
#2010 = EDGE_LOOP('',(#2011,#2012));
#2011 = ORIENTED_EDGE('',*,*,#76,.T.);
#2012 = ORIENTED_EDGE('',*,*,#1031,.T.);
#2013 = ADVANCED_FACE('',(#2014),#1018,.F.);
#2014 = FACE_BOUND('',#2015,.T.);
#2015 = EDGE_LOOP('',(#2016));
#2016 = ORIENTED_EDGE('',*,*,#1004,.F.);
#2017 = ADVANCED_FACE('',(#2018),#63,.T.);
#2018 = FACE_BOUND('',#2019,.T.);
#2019 = EDGE_LOOP('',(#2020));
#2020 = ORIENTED_EDGE('',*,*,#49,.T.);
#2021 = ADVANCED_FACE('',(#2022),#1998,.F.);
#2022 = FACE_BOUND('',#2023,.T.);
#2023 = EDGE_LOOP('',(#2024));
#2024 = ORIENTED_EDGE('',*,*,#1984,.F.);
#2025 = ADVANCED_FACE('',(#2026),#1971,.T.);
#2026 = FACE_BOUND('',#2027,.T.);
#2027 = EDGE_LOOP('',(#2028));
#2028 = ORIENTED_EDGE('',*,*,#1957,.T.);
#2029 = ( GEOMETRIC_REPRESENTATION_CONTEXT(3) 
GLOBAL_UNCERTAINTY_ASSIGNED_CONTEXT((#2033)) 
GLOBAL_UNIT_ASSIGNED_CONTEXT((#2030,#2031,#2032)) REPRESENTATION_CONTEXT
('Context #1','3D Context with UNIT and UNCERTAINTY') );
#2030 = ( LENGTH_UNIT() NAMED_UNIT(*) SI_UNIT(.MILLI.,.METRE.) );
#2031 = ( NAMED_UNIT(*) PLANE_ANGLE_UNIT() SI_UNIT($,.RADIAN.) );
#2032 = ( NAMED_UNIT(*) SI_UNIT($,.STERADIAN.) SOLID_ANGLE_UNIT() );
#2033 = UNCERTAINTY_MEASURE_WITH_UNIT(LENGTH_MEASURE(2.E-05),#2030,
  'distance_accuracy_value','confusion accuracy');
#2034 = PRODUCT_RELATED_PRODUCT_CATEGORY('part',$,(#7));
ENDSEC;
END-ISO-10303-21;
